timestamp,equity,balance,positions
2022-02-06 20:00:00+00:00,1000.0,1000.0,0
2022-02-07 00:00:00+00:00,1000.0,1000.0,0
2022-02-07 04:00:00+00:00,1000.0,1000.0,0
2022-02-07 08:00:00+00:00,1000.0,1000.0,0
2022-02-07 12:00:00+00:00,1000.0,1000.0,0
2022-02-07 16:00:00+00:00,1000.0,1000.0,0
2022-02-07 20:00:00+00:00,1000.0,1000.0,0
2022-02-08 00:00:00+00:00,1000.0,1000.0,0
2022-02-08 04:00:00+00:00,1000.0,1000.0,0
2022-02-08 08:00:00+00:00,1000.0,1000.0,0
2022-02-08 12:00:00+00:00,1000.0,1000.0,0
2022-02-08 16:00:00+00:00,1000.0,1000.0,0
2022-02-08 20:00:00+00:00,1000.0,1000.0,0
2022-02-09 00:00:00+00:00,1000.0,1000.0,0
2022-02-09 04:00:00+00:00,1000.0,1000.0,0
2022-02-09 08:00:00+00:00,1000.0,1000.0,0
2022-02-09 12:00:00+00:00,1000.0,1000.0,0
2022-02-09 16:00:00+00:00,1000.0,1000.0,0
2022-02-09 20:00:00+00:00,1000.0,1000.0,0
2022-02-10 00:00:00+00:00,1000.0,1000.0,0
2022-02-10 04:00:00+00:00,1000.0,1000.0,0
2022-02-10 08:00:00+00:00,1000.0,1000.0,0
2022-02-10 12:00:00+00:00,1000.0,1000.0,0
2022-02-10 16:00:00+00:00,1000.0,1000.0,0
2022-02-10 20:00:00+00:00,1000.0,1000.0,0
2022-02-11 00:00:00+00:00,1000.0,1000.0,0
2022-02-11 04:00:00+00:00,1000.0,1000.0,0
2022-02-11 08:00:00+00:00,1000.0,1000.0,0
2022-02-11 12:00:00+00:00,1000.0,1000.0,0
2022-02-11 16:00:00+00:00,1000.0,1000.0,0
2022-02-11 20:00:00+00:00,1000.0,1000.0,0
2022-02-12 00:00:00+00:00,1000.0,1000.0,0
2022-02-12 04:00:00+00:00,1000.0,1000.0,0
2022-02-12 08:00:00+00:00,1000.0,1000.0,0
2022-02-12 12:00:00+00:00,1000.0,1000.0,0
2022-02-12 16:00:00+00:00,1000.0,1000.0,0
2022-02-12 20:00:00+00:00,1000.0,1000.0,0
2022-02-13 00:00:00+00:00,1000.0,1000.0,0
2022-02-13 04:00:00+00:00,1000.0,1000.0,0
2022-02-13 08:00:00+00:00,1000.0,1000.0,0
2022-02-13 12:00:00+00:00,1000.0,1000.0,0
2022-02-13 16:00:00+00:00,1000.0,1000.0,0
2022-02-13 20:00:00+00:00,1000.0,1000.0,0
2022-02-14 00:00:00+00:00,1000.0,1000.0,0
2022-02-14 04:00:00+00:00,1000.0,1000.0,0
2022-02-14 08:00:00+00:00,1000.0,1000.0,0
2022-02-14 12:00:00+00:00,1000.0,1000.0,0
2022-02-14 16:00:00+00:00,1000.0,1000.0,0
2022-02-14 20:00:00+00:00,1000.0,1000.0,0
2022-02-15 00:00:00+00:00,1000.0,1000.0,0
2022-02-15 04:00:00+00:00,1000.0,1000.0,0
2022-02-15 08:00:00+00:00,1000.0,1000.0,0
2022-02-15 12:00:00+00:00,1000.0,1000.0,0
2022-02-15 16:00:00+00:00,1000.0,1000.0,0
2022-02-15 20:00:00+00:00,1000.0,1000.0,0
2022-02-16 00:00:00+00:00,1000.0,1000.0,0
2022-02-16 04:00:00+00:00,1000.0,1000.0,0
2022-02-16 08:00:00+00:00,1000.0,1000.0,0
2022-02-16 12:00:00+00:00,1000.0,1000.0,0
2022-02-16 16:00:00+00:00,1000.0,1000.0,0
2022-02-16 20:00:00+00:00,1000.0,1000.0,0
2022-02-17 00:00:00+00:00,1000.0,1000.0,0
2022-02-17 04:00:00+00:00,1000.0,1000.0,0
2022-02-17 08:00:00+00:00,1000.0,1000.0,0
2022-02-17 12:00:00+00:00,1000.0,1000.0,0
2022-02-17 16:00:00+00:00,1000.0,1000.0,0
2022-02-17 20:00:00+00:00,1000.0,1000.0,0
2022-02-18 00:00:00+00:00,1000.0,1000.0,0
2022-02-18 04:00:00+00:00,1000.0,1000.0,0
2022-02-18 08:00:00+00:00,1000.0,1000.0,0
2022-02-18 12:00:00+00:00,1000.0,1000.0,0
2022-02-18 16:00:00+00:00,1000.0,1000.0,0
2022-02-18 20:00:00+00:00,1000.0,1000.0,0
2022-02-19 00:00:00+00:00,1000.0,1000.0,0
2022-02-19 04:00:00+00:00,1000.0,1000.0,0
2022-02-19 08:00:00+00:00,1000.0,1000.0,0
2022-02-19 12:00:00+00:00,1000.0,1000.0,0
2022-02-19 16:00:00+00:00,1000.0,1000.0,0
2022-02-19 20:00:00+00:00,1000.0,1000.0,0
2022-02-20 00:00:00+00:00,1000.0,1000.0,0
2022-02-20 04:00:00+00:00,1000.0,1000.0,0
2022-02-20 08:00:00+00:00,1000.0,1000.0,0
2022-02-20 12:00:00+00:00,1000.0,1000.0,0
2022-02-20 16:00:00+00:00,1000.0,1000.0,0
2022-02-20 20:00:00+00:00,1000.0,1000.0,0
2022-02-21 00:00:00+00:00,1000.0,1000.0,0
2022-02-21 04:00:00+00:00,1000.0,1000.0,0
2022-02-21 08:00:00+00:00,1000.0,1000.0,0
2022-02-21 12:00:00+00:00,1000.0,1000.0,0
2022-02-21 16:00:00+00:00,1000.0,1000.0,0
2022-02-21 20:00:00+00:00,1000.0,1000.0,0
2022-02-22 00:00:00+00:00,1000.0,1000.0,0
2022-02-22 04:00:00+00:00,1000.0,1000.0,0
2022-02-22 08:00:00+00:00,1000.0,1000.0,0
2022-02-22 12:00:00+00:00,1000.0,1000.0,0
2022-02-22 16:00:00+00:00,1000.0,1000.0,0
2022-02-22 20:00:00+00:00,1000.0,1000.0,0
2022-02-23 00:00:00+00:00,1000.0,1000.0,0
2022-02-23 04:00:00+00:00,1000.0,1000.0,0
2022-02-23 08:00:00+00:00,1000.0,1000.0,0
2022-02-23 12:00:00+00:00,1000.0,1000.0,0
2022-02-23 16:00:00+00:00,1000.0,1000.0,0
2022-02-23 20:00:00+00:00,1000.0,1000.0,0
2022-02-24 00:00:00+00:00,1000.0,1000.0,0
2022-02-24 04:00:00+00:00,1000.0,1000.0,0
2022-02-24 08:00:00+00:00,1000.0,1000.0,0
2022-02-24 12:00:00+00:00,1000.0,1000.0,0
2022-02-24 16:00:00+00:00,1000.0,1000.0,0
2022-02-24 20:00:00+00:00,1000.0,1000.0,0
2022-02-25 00:00:00+00:00,1000.0,1000.0,0
2022-02-25 04:00:00+00:00,1000.0,1000.0,0
2022-02-25 08:00:00+00:00,1000.0,1000.0,0
2022-02-25 12:00:00+00:00,1000.0,1000.0,0
2022-02-25 16:00:00+00:00,1000.0,1000.0,0
2022-02-25 20:00:00+00:00,1000.0,1000.0,0
2022-03-01 00:00:00+00:00,1000.0,1000.0,0
2022-03-01 04:00:00+00:00,1000.0,1000.0,0
2022-03-01 08:00:00+00:00,1000.0,1000.0,0
2022-03-01 12:00:00+00:00,1000.0,1000.0,0
2022-03-01 16:00:00+00:00,1000.0,1000.0,0
2022-03-01 20:00:00+00:00,1000.0,1000.0,0
2022-03-02 00:00:00+00:00,1000.0,1000.0,0
2022-03-02 04:00:00+00:00,1000.0,1000.0,0
2022-03-02 08:00:00+00:00,1000.0,1000.0,0
2022-03-02 12:00:00+00:00,1000.0,1000.0,0
2022-03-02 16:00:00+00:00,1000.0,1000.0,0
2022-03-02 20:00:00+00:00,1000.0,1000.0,0
2022-03-03 00:00:00+00:00,1000.0,1000.0,0
2022-03-03 04:00:00+00:00,1000.0,1000.0,0
2022-03-03 08:00:00+00:00,1000.0,1000.0,0
2022-03-03 12:00:00+00:00,1000.0,1000.0,0
2022-03-03 16:00:00+00:00,1000.0,1000.0,0
2022-03-03 20:00:00+00:00,1000.0,1000.0,0
2022-03-04 00:00:00+00:00,1000.0,1000.0,0
2022-03-04 04:00:00+00:00,1000.0,1000.0,0
2022-03-04 08:00:00+00:00,1000.0,1000.0,0
2022-03-04 12:00:00+00:00,1000.0,1000.0,0
2022-03-04 16:00:00+00:00,1000.0,1000.0,0
2022-03-04 20:00:00+00:00,1000.0,1000.0,0
2022-03-05 00:00:00+00:00,1000.0,1000.0,0
2022-03-05 04:00:00+00:00,1000.0,1000.0,0
2022-03-05 08:00:00+00:00,1000.0,1000.0,0
2022-03-05 12:00:00+00:00,1000.0,1000.0,0
2022-03-05 16:00:00+00:00,1000.0,1000.0,0
2022-03-05 20:00:00+00:00,1000.0,1000.0,0
2022-03-06 00:00:00+00:00,1000.0,1000.0,0
2022-03-06 04:00:00+00:00,1000.0,1000.0,0
2022-03-06 08:00:00+00:00,1000.0,1000.0,0
2022-03-06 12:00:00+00:00,1000.0,1000.0,0
2022-03-06 16:00:00+00:00,1000.0,1000.0,0
2022-03-06 20:00:00+00:00,1000.0,1000.0,0
2022-03-07 00:00:00+00:00,1000.0,1000.0,0
2022-03-07 04:00:00+00:00,1000.0,1000.0,0
2022-03-07 08:00:00+00:00,1000.0,1000.0,0
2022-03-07 12:00:00+00:00,1000.0,1000.0,0
2022-03-07 16:00:00+00:00,1000.0,1000.0,0
2022-03-07 20:00:00+00:00,1000.0,1000.0,0
2022-03-08 00:00:00+00:00,1000.0,1000.0,0
2022-03-08 04:00:00+00:00,1000.0,1000.0,0
2022-03-08 08:00:00+00:00,1000.0,1000.0,0
2022-03-08 12:00:00+00:00,1000.0,1000.0,0
2022-03-08 16:00:00+00:00,1000.0,1000.0,0
2022-03-08 20:00:00+00:00,1000.0,1000.0,0
2022-03-09 00:00:00+00:00,1000.0,1000.0,0
2022-03-09 04:00:00+00:00,1000.0,1000.0,0
2022-03-09 08:00:00+00:00,1000.0,1000.0,0
2022-03-09 12:00:00+00:00,1000.0,1000.0,0
2022-03-09 16:00:00+00:00,1000.0,1000.0,0
2022-03-09 20:00:00+00:00,1000.0,1000.0,0
2022-03-10 00:00:00+00:00,1000.0,1000.0,0
2022-03-10 04:00:00+00:00,1000.0,1000.0,0
2022-03-10 08:00:00+00:00,1000.0,1000.0,0
2022-03-10 12:00:00+00:00,1000.0,1000.0,0
2022-03-10 16:00:00+00:00,1000.0,1000.0,0
2022-03-10 20:00:00+00:00,1000.0,1000.0,0
2022-03-11 00:00:00+00:00,1000.0,1000.0,0
2022-03-11 04:00:00+00:00,1000.0,1000.0,0
2022-03-11 08:00:00+00:00,1000.0,1000.0,0
2022-03-11 12:00:00+00:00,1000.0,1000.0,0
2022-03-11 16:00:00+00:00,1000.0,1000.0,0
2022-03-11 20:00:00+00:00,1000.0,1000.0,0
2022-03-12 00:00:00+00:00,1000.0,1000.0,0
2022-03-12 04:00:00+00:00,1000.0,1000.0,0
2022-03-12 08:00:00+00:00,1000.0,1000.0,0
2022-03-12 12:00:00+00:00,1000.0,1000.0,0
2022-03-12 16:00:00+00:00,1000.0,1000.0,0
2022-03-12 20:00:00+00:00,1000.0,1000.0,0
2022-03-13 00:00:00+00:00,1000.0,1000.0,0
2022-03-13 04:00:00+00:00,1000.0,1000.0,0
2022-03-13 08:00:00+00:00,1000.0,1000.0,0
2022-03-13 12:00:00+00:00,1000.0,1000.0,0
2022-03-13 16:00:00+00:00,1000.0,1000.0,0
2022-03-13 20:00:00+00:00,1000.0,1000.0,0
2022-03-14 00:00:00+00:00,1000.0,1000.0,0
2022-03-14 04:00:00+00:00,1000.0,1000.0,0
2022-03-14 08:00:00+00:00,1000.0,1000.0,0
2022-03-14 12:00:00+00:00,1000.0,1000.0,0
2022-03-14 16:00:00+00:00,1000.0,1000.0,0
2022-03-14 20:00:00+00:00,1000.0,1000.0,0
2022-03-15 00:00:00+00:00,1000.0,1000.0,0
2022-03-15 04:00:00+00:00,1000.0,1000.0,0
2022-03-15 08:00:00+00:00,1000.0,1000.0,0
2022-03-15 12:00:00+00:00,1000.0,1000.0,0
2022-03-15 16:00:00+00:00,1000.0,1000.0,0
2022-03-15 20:00:00+00:00,1000.0,1000.0,0
2022-03-16 00:00:00+00:00,1000.0,1000.0,0
2022-03-16 04:00:00+00:00,1000.0,1000.0,0
2022-03-16 08:00:00+00:00,1000.0,1000.0,0
2022-03-16 12:00:00+00:00,1000.0,1000.0,0
2022-03-16 16:00:00+00:00,1000.0,1000.0,0
2022-03-16 20:00:00+00:00,1000.0,1000.0,0
2022-03-17 00:00:00+00:00,1000.0,1000.0,0
2022-03-17 04:00:00+00:00,1000.0,1000.0,0
2022-03-17 08:00:00+00:00,1000.0,1000.0,0
2022-03-17 12:00:00+00:00,1000.0,1000.0,0
2022-03-17 16:00:00+00:00,1000.0,1000.0,0
2022-03-17 20:00:00+00:00,1000.0,1000.0,0
2022-03-18 00:00:00+00:00,1000.0,1000.0,0
2022-03-18 04:00:00+00:00,1000.0,1000.0,0
2022-03-18 08:00:00+00:00,1000.0,1000.0,0
2022-03-18 12:00:00+00:00,1000.0,1000.0,0
2022-03-18 16:00:00+00:00,1002.547120456156,999.9137323248663,1
2022-03-18 20:00:00+00:00,1001.5426560766228,999.9137323248663,1
2022-03-19 00:00:00+00:00,1001.8995837011008,999.9137323248663,1
2022-03-19 04:00:00+00:00,1001.032599794879,999.9137323248663,1
2022-03-19 08:00:00+00:00,1001.8340103588168,999.9137323248663,1
2022-03-19 12:00:00+00:00,1002.6145566774823,999.9137323248663,1
2022-03-19 16:00:00+00:00,1001.9659021950018,999.9137323248663,1
2022-03-19 20:00:00+00:00,1001.9890018951246,999.9137323248663,1
2022-03-20 00:00:00+00:00,1001.3455634739621,999.9137323248663,1
2022-03-20 04:00:00+00:00,1001.0575623740441,999.9137323248663,1
2022-03-20 08:00:00+00:00,999.6283615728981,999.9137323248663,1
2022-03-20 12:00:00+00:00,998.4279223181295,999.9137323248663,1
2022-03-20 16:00:00+00:00,999.1894672705649,999.9137323248663,1
2022-03-20 20:00:00+00:00,998.6533306822311,999.9137323248663,1
2022-03-21 00:00:00+00:00,998.0046761997505,999.9137323248663,1
2022-03-21 04:00:00+00:00,999.7192700701555,999.9137323248663,1
2022-03-21 08:00:00+00:00,1000.3213525765821,999.9137323248663,1
2022-03-21 12:00:00+00:00,1002.1428757040071,999.9137323248663,1
2022-03-21 16:00:00+00:00,1000.7643452128079,999.9137323248663,1
2022-03-21 20:00:00+00:00,999.7192700701555,999.9137323248663,1
2022-03-22 00:00:00+00:00,1004.1249790048664,999.9137323248663,1
2022-03-22 04:00:00+00:00,1003.583253779406,999.9137323248663,1
2022-03-22 08:00:00+00:00,1004.6156613445717,999.9137323248663,1
2022-03-22 12:00:00+00:00,1003.9327298877154,999.9137323248663,1
2022-03-22 16:00:00+00:00,1003.2076973645063,999.9137323248663,1
2022-03-22 20:00:00+00:00,1002.6778945649157,999.9137323248663,1
2022-03-23 00:00:00+00:00,1001.8403441475601,999.9137323248663,1
2022-03-23 04:00:00+00:00,1001.8939950639743,999.9137323248663,1
2022-03-23 08:00:00+00:00,1001.9144867334381,999.9137323248663,1
2022-03-23 12:00:00+00:00,1004.9558230576703,999.9137323248663,1
2022-03-23 16:00:00+00:00,1002.4141108925458,999.9137323248663,1
2022-03-23 20:00:00+00:00,1005.1763879362621,999.9137323248663,1
2022-03-24 00:00:00+00:00,1002.9243172542716,999.848717845257,2
2022-03-24 04:00:00+00:00,1007.6388211787732,999.848717845257,2
2022-03-24 08:00:00+00:00,1007.8655723027636,999.848717845257,2
2022-03-24 12:00:00+00:00,1012.5589096109976,999.848717845257,2
2022-03-24 16:00:00+00:00,1012.4968886370148,999.848717845257,2
2022-03-24 20:00:00+00:00,1009.650354326346,999.848717845257,2
2022-03-25 00:00:00+00:00,1011.7908243994877,999.848717845257,2
2022-03-25 04:00:00+00:00,1010.5898650757614,999.848717845257,2
2022-03-25 08:00:00+00:00,1012.4183343193993,999.848717845257,2
2022-03-25 12:00:00+00:00,1007.7823147084823,999.848717845257,2
2022-03-25 16:00:00+00:00,1007.3904830127658,999.848717845257,2
2022-03-25 20:00:00+00:00,1006.7917094306313,999.848717845257,2
2022-03-26 00:00:00+00:00,1007.9068176980285,999.848717845257,2
2022-03-26 04:00:00+00:00,1011.015966361157,999.848717845257,2
2022-03-26 08:00:00+00:00,1009.7711980200771,999.848717845257,2
2022-03-26 12:00:00+00:00,1010.2376112393582,999.848717845257,2
2022-03-26 16:00:00+00:00,1010.0405518678322,999.848717845257,2
2022-03-26 20:00:00+00:00,1012.4364724290627,999.848717845257,2
2022-03-27 00:00:00+00:00,1011.5851957843678,999.848717845257,2
2022-03-27 04:00:00+00:00,1012.3835445603712,999.848717845257,2
2022-03-27 08:00:00+00:00,1010.8225405393991,999.848717845257,2
2022-03-27 12:00:00+00:00,1011.9889499561496,999.848717845257,2
2022-03-27 16:00:00+00:00,1011.9005093309029,999.848717845257,2
2022-03-27 20:00:00+00:00,1020.4033603831949,999.848717845257,2
2022-03-28 00:00:00+00:00,1020.8320475953553,999.848717845257,2
2022-03-28 04:00:00+00:00,1021.2664599109424,999.848717845257,2
2022-03-28 08:00:00+00:00,1023.1126209418608,999.848717845257,2
2022-03-28 12:00:00+00:00,1025.2031805758702,999.848717845257,2
2022-03-28 16:00:00+00:00,1027.2184910740123,999.848717845257,2
2022-03-28 20:00:00+00:00,1020.8356738106224,999.848717845257,2
2022-03-29 00:00:00+00:00,1024.2179316183767,999.848717845257,2
2022-03-29 04:00:00+00:00,1025.452655182022,999.848717845257,2
2022-03-29 08:00:00+00:00,1029.850218991237,999.848717845257,2
2022-03-29 12:00:00+00:00,1025.6751604287747,999.848717845257,2
2022-03-29 16:00:00+00:00,1026.4279443362873,999.848717845257,2
2022-03-29 20:00:00+00:00,1024.7992384456943,999.848717845257,2
2022-03-30 00:00:00+00:00,1024.0676692553682,999.848717845257,2
2022-03-30 04:00:00+00:00,1025.6377626892831,999.848717845257,2
2022-03-30 08:00:00+00:00,1025.0748929012536,999.848717845257,2
2022-03-30 12:00:00+00:00,1023.6769663641219,999.848717845257,2
2022-03-30 16:00:00+00:00,1024.8729899940224,999.848717845257,2
2022-03-30 20:00:00+00:00,1024.288702610433,999.848717845257,2
2022-03-31 00:00:00+00:00,1025.274711539132,999.848717845257,2
2022-03-31 04:00:00+00:00,1026.174961619818,999.848717845257,2
2022-03-31 08:00:00+00:00,1026.5559923094381,999.848717845257,2
2022-03-31 12:00:00+00:00,1021.6175370427387,999.848717845257,2
2022-03-31 16:00:00+00:00,1017.9692160539632,1017.9692160539632,0
2022-03-31 20:00:00+00:00,1017.9692160539632,1017.9692160539632,0
2022-04-03 00:00:00+00:00,1017.9692160539632,1017.9692160539632,0
2022-04-03 04:00:00+00:00,1017.9692160539632,1017.9692160539632,0
2022-04-03 08:00:00+00:00,1017.9692160539632,1017.9692160539632,0
2022-04-03 12:00:00+00:00,1017.9692160539632,1017.9692160539632,0
2022-04-03 16:00:00+00:00,1017.9692160539632,1017.9692160539632,0
2022-04-03 20:00:00+00:00,1017.9692160539632,1017.9692160539632,0
2022-04-04 00:00:00+00:00,1017.9692160539632,1017.9692160539632,0
2022-04-04 04:00:00+00:00,1017.9692160539632,1017.9692160539632,0
2022-04-04 08:00:00+00:00,1017.9692160539632,1017.9692160539632,0
2022-04-04 12:00:00+00:00,1017.9692160539632,1017.9692160539632,0
2022-04-04 16:00:00+00:00,1017.9692160539632,1017.9692160539632,0
2022-04-04 20:00:00+00:00,1017.9692160539632,1017.9692160539632,0
2022-04-05 00:00:00+00:00,1017.9692160539632,1017.9692160539632,0
2022-04-05 04:00:00+00:00,1017.9692160539632,1017.9692160539632,0
2022-04-05 08:00:00+00:00,1017.9692160539632,1017.9692160539632,0
2022-04-05 12:00:00+00:00,1017.9692160539632,1017.9692160539632,0
2022-04-05 16:00:00+00:00,1017.9692160539632,1017.9692160539632,0
2022-04-05 20:00:00+00:00,1017.9692160539632,1017.9692160539632,0
2022-04-06 00:00:00+00:00,1017.9692160539632,1017.9692160539632,0
2022-04-06 04:00:00+00:00,1017.9692160539632,1017.9692160539632,0
2022-04-06 08:00:00+00:00,1017.9692160539632,1017.9692160539632,0
2022-04-06 12:00:00+00:00,1017.9692160539632,1017.9692160539632,0
2022-04-06 16:00:00+00:00,1017.9692160539632,1017.9692160539632,0
2022-04-06 20:00:00+00:00,1017.9692160539632,1017.9692160539632,0
2022-04-07 00:00:00+00:00,1017.9692160539632,1017.9692160539632,0
2022-04-07 04:00:00+00:00,1017.9692160539632,1017.9692160539632,0
2022-04-07 08:00:00+00:00,1017.9692160539632,1017.9692160539632,0
2022-04-07 12:00:00+00:00,1017.9692160539632,1017.9692160539632,0
2022-04-07 16:00:00+00:00,1017.9692160539632,1017.9692160539632,0
2022-04-07 20:00:00+00:00,1017.9692160539632,1017.9692160539632,0
2022-04-08 00:00:00+00:00,1017.9692160539632,1017.9692160539632,0
2022-04-08 04:00:00+00:00,1017.9692160539632,1017.9692160539632,0
2022-04-08 08:00:00+00:00,1017.9692160539632,1017.9692160539632,0
2022-04-08 12:00:00+00:00,1017.9692160539632,1017.9692160539632,0
2022-04-08 16:00:00+00:00,1017.9692160539632,1017.9692160539632,0
2022-04-08 20:00:00+00:00,1017.9692160539632,1017.9692160539632,0
2022-04-09 00:00:00+00:00,1017.9692160539632,1017.9692160539632,0
2022-04-09 04:00:00+00:00,1017.9692160539632,1017.9692160539632,0
2022-04-09 08:00:00+00:00,1017.9692160539632,1017.9692160539632,0
2022-04-09 12:00:00+00:00,1017.9692160539632,1017.9692160539632,0
2022-04-09 16:00:00+00:00,1017.9692160539632,1017.9692160539632,0
2022-04-09 20:00:00+00:00,1017.9692160539632,1017.9692160539632,0
2022-04-10 00:00:00+00:00,1017.9692160539632,1017.9692160539632,0
2022-04-10 04:00:00+00:00,1017.9692160539632,1017.9692160539632,0
2022-04-10 08:00:00+00:00,1017.9692160539632,1017.9692160539632,0
2022-04-10 12:00:00+00:00,1017.9692160539632,1017.9692160539632,0
2022-04-10 16:00:00+00:00,1017.9692160539632,1017.9692160539632,0
2022-04-10 20:00:00+00:00,1017.9692160539632,1017.9692160539632,0
2022-04-11 00:00:00+00:00,1017.9692160539632,1017.9692160539632,0
2022-04-11 04:00:00+00:00,1015.7676314693989,1017.8205361900392,2
2022-04-11 08:00:00+00:00,1024.4922592607602,1017.8205361900392,2
2022-04-11 12:00:00+00:00,1026.384136986113,1017.8205361900392,2
2022-04-11 16:00:00+00:00,1026.7237830181361,1017.8205361900392,2
2022-04-11 20:00:00+00:00,1028.3814942702618,1017.8205361900392,2
2022-04-12 00:00:00+00:00,1027.6393713490454,1017.8205361900392,2
2022-04-12 04:00:00+00:00,1023.3986393977747,1017.8205361900392,2
2022-04-12 08:00:00+00:00,1021.3637317612348,1017.8205361900392,2
2022-04-12 12:00:00+00:00,1024.2036695883814,1017.8205361900392,2
2022-04-12 16:00:00+00:00,1028.1327186868532,1017.8205361900392,2
2022-04-12 20:00:00+00:00,1024.052726483032,1017.8205361900392,2
2022-04-13 00:00:00+00:00,1023.2545063836598,1017.8205361900392,2
2022-04-13 04:00:00+00:00,1022.3872728564521,1017.8205361900392,2
2022-04-13 08:00:00+00:00,1021.7150767647938,1017.8205361900392,2
2022-04-13 12:00:00+00:00,1015.3197099151497,1017.8205361900392,2
2022-04-13 16:00:00+00:00,1015.677331896861,1017.8205361900392,2
2022-04-13 20:00:00+00:00,1014.5711194283451,1017.8205361900392,2
2022-04-14 00:00:00+00:00,1012.4419556221862,1017.8205361900392,2
2022-04-14 04:00:00+00:00,1013.4412429033323,1017.8205361900392,2
2022-04-14 08:00:00+00:00,1017.0610059422967,1017.8205361900392,2
2022-04-14 12:00:00+00:00,1021.4244517062668,1017.8205361900392,2
2022-04-14 16:00:00+00:00,1021.7656764235768,1017.8205361900392,2
2022-04-14 20:00:00+00:00,1021.081305778024,1017.8205361900392,2
2022-04-15 00:00:00+00:00,1016.6092419661818,1017.8205361900392,2
2022-04-15 04:00:00+00:00,1017.5445377565069,1017.8205361900392,2
2022-04-15 08:00:00+00:00,1016.7849333494586,1017.8205361900392,2
2022-04-15 12:00:00+00:00,1016.730833794456,1017.8205361900392,2
2022-04-15 16:00:00+00:00,1017.7025004220237,1017.8205361900392,2
2022-04-15 20:00:00+00:00,1017.0897872295259,1017.8205361900392,2
2022-04-16 00:00:00+00:00,1017.0835480143685,1017.8205361900392,2
2022-04-16 04:00:00+00:00,1016.9048700802255,1017.8205361900392,2
2022-04-16 08:00:00+00:00,1016.1683588535976,1017.8205361900392,2
2022-04-16 12:00:00+00:00,1015.0492084578595,1012.6538253277199,1
2022-04-16 16:00:00+00:00,1014.5809708051228,1012.6538253277199,1
2022-04-16 20:00:00+00:00,1014.1335437147299,1012.6538253277199,1
2022-04-17 00:00:00+00:00,1014.7058341791859,1012.6538253277199,1
2022-04-17 04:00:00+00:00,1014.3104334946527,1012.6538253277199,1
2022-04-17 08:00:00+00:00,1014.123138433558,1012.6538253277199,1
2022-04-17 12:00:00+00:00,1013.394768751523,1012.6538253277199,1
2022-04-17 16:00:00+00:00,1014.1855701205895,1012.6538253277199,1
2022-04-17 20:00:00+00:00,1016.5891900713049,1012.6538253277199,1
2022-04-18 00:00:00+00:00,1014.8946469753754,1012.5549784153451,2
2022-04-18 04:00:00+00:00,1023.5480937530986,1012.5549784153451,2
2022-04-18 08:00:00+00:00,1022.4349748895377,1012.5549784153451,2
2022-04-18 12:00:00+00:00,1019.6561223471498,1012.5549784153451,2
2022-04-18 16:00:00+00:00,1013.3072577432839,1015.2804153078469,1
2022-04-18 20:00:00+00:00,1012.2660050826627,1015.2804153078469,1
2022-04-19 00:00:00+00:00,1013.1585073631951,1015.2804153078469,1
2022-04-19 04:00:00+00:00,1013.3748715524151,1015.2804153078469,1
2022-04-19 08:00:00+00:00,1012.9827114594539,1015.2804153078469,1
2022-04-19 12:00:00+00:00,1010.2571030668852,1010.2571030668852,0
2022-04-19 16:00:00+00:00,1010.2571030668852,1010.2571030668852,0
2022-04-19 20:00:00+00:00,1010.2571030668852,1010.2571030668852,0
2022-04-20 00:00:00+00:00,1010.2571030668852,1010.2571030668852,0
2022-04-20 04:00:00+00:00,1010.2571030668852,1010.2571030668852,0
2022-04-20 08:00:00+00:00,1010.2571030668852,1010.2571030668852,0
2022-04-20 12:00:00+00:00,1010.2571030668852,1010.2571030668852,0
2022-04-20 16:00:00+00:00,1010.2571030668852,1010.2571030668852,0
2022-04-20 20:00:00+00:00,1010.2571030668852,1010.2571030668852,0
2022-04-21 00:00:00+00:00,1010.2571030668852,1010.2571030668852,0
2022-04-21 04:00:00+00:00,1010.2571030668852,1010.2571030668852,0
2022-04-21 08:00:00+00:00,1010.2571030668852,1010.2571030668852,0
2022-04-21 12:00:00+00:00,1010.2571030668852,1010.2571030668852,0
2022-04-21 16:00:00+00:00,1010.2571030668852,1010.2571030668852,0
2022-04-21 20:00:00+00:00,1010.2571030668852,1010.2571030668852,0
2022-04-22 00:00:00+00:00,1010.2571030668852,1010.2571030668852,0
2022-04-22 04:00:00+00:00,1010.2571030668852,1010.2571030668852,0
2022-04-22 08:00:00+00:00,1010.2571030668852,1010.2571030668852,0
2022-04-22 12:00:00+00:00,1010.2571030668852,1010.2571030668852,0
2022-04-22 16:00:00+00:00,1010.2571030668852,1010.2571030668852,0
2022-04-22 20:00:00+00:00,1010.2571030668852,1010.2571030668852,0
2022-04-23 00:00:00+00:00,1010.2571030668852,1010.2571030668852,0
2022-04-23 04:00:00+00:00,1010.2571030668852,1010.2571030668852,0
2022-04-23 08:00:00+00:00,1010.2571030668852,1010.2571030668852,0
2022-04-23 12:00:00+00:00,1010.2571030668852,1010.2571030668852,0
2022-04-23 16:00:00+00:00,1010.2571030668852,1010.2571030668852,0
2022-04-23 20:00:00+00:00,1010.2571030668852,1010.2571030668852,0
2022-04-24 00:00:00+00:00,1010.2571030668852,1010.2571030668852,0
2022-04-24 04:00:00+00:00,1010.2571030668852,1010.2571030668852,0
2022-04-24 08:00:00+00:00,1010.2571030668852,1010.2571030668852,0
2022-04-24 12:00:00+00:00,1010.2571030668852,1010.2571030668852,0
2022-04-24 16:00:00+00:00,1010.2571030668852,1010.2571030668852,0
2022-04-24 20:00:00+00:00,1010.2571030668852,1010.2571030668852,0
2022-04-25 00:00:00+00:00,1010.2571030668852,1010.2571030668852,0
2022-04-25 04:00:00+00:00,1018.9694751273796,1010.0739083379511,2
2022-04-25 08:00:00+00:00,1014.3997409072305,1010.0739083379511,2
2022-04-25 12:00:00+00:00,1013.7150573277501,1010.0739083379511,2
2022-04-25 16:00:00+00:00,1006.4926090458586,1010.0739083379511,2
2022-04-25 20:00:00+00:00,1003.7586704965983,1010.0739083379511,2
2022-04-26 00:00:00+00:00,1004.4639767024183,1010.0739083379511,2
2022-04-26 04:00:00+00:00,1006.1078743421411,1010.0739083379511,2
2022-04-26 08:00:00+00:00,1008.494710819059,1010.0739083379511,2
2022-04-26 12:00:00+00:00,1018.2132098785715,1010.0739083379511,2
2022-04-26 16:00:00+00:00,1019.1692096660837,1010.0739083379511,2
2022-04-26 20:00:00+00:00,1019.194280993378,1010.0739083379511,2
2022-04-27 00:00:00+00:00,1016.9517200303542,1010.0739083379511,2
2022-04-27 04:00:00+00:00,1012.503414347282,1010.0739083379511,2
2022-04-27 08:00:00+00:00,1015.7351077473714,1010.0739083379511,2
2022-04-27 12:00:00+00:00,1015.4082812336621,1010.0739083379511,2
2022-04-27 16:00:00+00:00,1018.2906994917992,1010.0739083379511,2
2022-04-27 20:00:00+00:00,1015.6042099259575,1010.0739083379511,2
2022-04-28 00:00:00+00:00,1017.0601179426577,1010.0739083379511,2
2022-04-28 04:00:00+00:00,1016.3038526938495,1010.0739083379511,2
2022-04-28 08:00:00+00:00,1015.6741588184865,1010.0739083379511,2
2022-04-28 12:00:00+00:00,1021.2623522788456,1010.0739083379511,2
2022-04-28 16:00:00+00:00,1020.2334851129136,1010.0739083379511,2
2022-04-28 20:00:00+00:00,1021.4146891149984,1010.0739083379511,2
2022-04-29 00:00:00+00:00,1023.2213827974635,1010.0739083379511,2
2022-04-29 04:00:00+00:00,1021.0233523319675,1010.0739083379511,2
2022-04-29 08:00:00+00:00,1027.8038005746794,1010.0739083379511,2
2022-04-29 12:00:00+00:00,1028.1203414156525,1010.0739083379511,2
2022-04-29 16:00:00+00:00,1035.1683000199878,1010.0739083379511,2
2022-04-29 20:00:00+00:00,1032.9217083958345,1010.0739083379511,2
2022-04-30 00:00:00+00:00,1030.7734025451018,1010.0739083379511,2
2022-04-30 04:00:00+00:00,1031.108933235616,1010.0739083379511,2
2022-04-30 08:00:00+00:00,1032.298494346799,1010.0739083379511,2
2022-04-30 12:00:00+00:00,1037.0176981980776,1010.0739083379511,2
2022-04-30 16:00:00+00:00,1039.0460347546784,1010.0739083379511,2
2022-04-30 20:00:00+00:00,1048.0100235951675,1010.0739083379511,2
2022-05-01 00:00:00+00:00,1044.0493606240418,1010.0739083379511,2
2022-05-01 04:00:00+00:00,1044.0184229883528,1028.4087208149142,1
2022-05-01 08:00:00+00:00,1043.6131169391629,1028.4087208149142,1
2022-05-01 12:00:00+00:00,1041.5089709611798,1041.5089709611798,0
2022-05-01 16:00:00+00:00,1041.5089709611798,1041.5089709611798,0
2022-05-01 20:00:00+00:00,1041.5089709611798,1041.5089709611798,0
2022-05-02 00:00:00+00:00,1041.5089709611798,1041.5089709611798,0
2022-05-02 04:00:00+00:00,1041.5089709611798,1041.5089709611798,0
2022-05-02 08:00:00+00:00,1041.5089709611798,1041.5089709611798,0
2022-05-02 12:00:00+00:00,1041.5089709611798,1041.5089709611798,0
2022-05-02 16:00:00+00:00,1041.5089709611798,1041.5089709611798,0
2022-05-02 20:00:00+00:00,1041.5089709611798,1041.5089709611798,0
2022-05-03 00:00:00+00:00,1041.5089709611798,1041.5089709611798,0
2022-05-03 04:00:00+00:00,1041.5089709611798,1041.5089709611798,0
2022-05-03 08:00:00+00:00,1041.5089709611798,1041.5089709611798,0
2022-05-03 12:00:00+00:00,1041.5089709611798,1041.5089709611798,0
2022-05-03 16:00:00+00:00,1041.5089709611798,1041.5089709611798,0
2022-05-03 20:00:00+00:00,1041.5089709611798,1041.5089709611798,0
2022-05-04 00:00:00+00:00,1041.5089709611798,1041.5089709611798,0
2022-05-04 04:00:00+00:00,1041.5089709611798,1041.5089709611798,0
2022-05-04 08:00:00+00:00,1041.5089709611798,1041.5089709611798,0
2022-05-04 12:00:00+00:00,1041.5089709611798,1041.5089709611798,0
2022-05-04 16:00:00+00:00,1041.5089709611798,1041.5089709611798,0
2022-05-04 20:00:00+00:00,1041.5089709611798,1041.5089709611798,0
2022-05-05 00:00:00+00:00,1041.5089709611798,1041.5089709611798,0
2022-05-05 04:00:00+00:00,1041.5089709611798,1041.5089709611798,0
2022-05-05 08:00:00+00:00,1041.5089709611798,1041.5089709611798,0
2022-05-05 12:00:00+00:00,1041.5089709611798,1041.5089709611798,0
2022-05-05 16:00:00+00:00,1041.5089709611798,1041.5089709611798,0
2022-05-05 20:00:00+00:00,1041.5089709611798,1041.5089709611798,0
2022-05-06 00:00:00+00:00,1041.5089709611798,1041.5089709611798,0
2022-05-06 04:00:00+00:00,1041.5089709611798,1041.5089709611798,0
2022-05-06 08:00:00+00:00,1041.5089709611798,1041.5089709611798,0
2022-05-06 12:00:00+00:00,1041.5089709611798,1041.5089709611798,0
2022-05-06 16:00:00+00:00,1041.5089709611798,1041.5089709611798,0
2022-05-06 20:00:00+00:00,1041.5089709611798,1041.5089709611798,0
2022-05-07 00:00:00+00:00,1041.5089709611798,1041.5089709611798,0
2022-05-07 04:00:00+00:00,1041.5089709611798,1041.5089709611798,0
2022-05-07 08:00:00+00:00,1041.5089709611798,1041.5089709611798,0
2022-05-07 12:00:00+00:00,1041.5089709611798,1041.5089709611798,0
2022-05-07 16:00:00+00:00,1041.5089709611798,1041.5089709611798,0
2022-05-07 20:00:00+00:00,1041.5089709611798,1041.5089709611798,0
2022-05-08 00:00:00+00:00,1041.5089709611798,1041.5089709611798,0
2022-05-08 04:00:00+00:00,1041.5089709611798,1041.5089709611798,0
2022-05-08 08:00:00+00:00,1041.5089709611798,1041.5089709611798,0
2022-05-08 12:00:00+00:00,1041.5089709611798,1041.5089709611798,0
2022-05-08 16:00:00+00:00,1041.5089709611798,1041.5089709611798,0
2022-05-08 20:00:00+00:00,1041.5089709611798,1041.5089709611798,0
2022-05-09 00:00:00+00:00,1041.5089709611798,1041.5089709611798,0
2022-05-09 04:00:00+00:00,1041.5089709611798,1041.5089709611798,0
2022-05-09 08:00:00+00:00,1041.5089709611798,1041.5089709611798,0
2022-05-09 12:00:00+00:00,1041.5089709611798,1041.5089709611798,0
2022-05-09 16:00:00+00:00,1041.5089709611798,1041.5089709611798,0
2022-05-09 20:00:00+00:00,1041.5089709611798,1041.5089709611798,0
2022-05-10 00:00:00+00:00,1041.5089709611798,1041.5089709611798,0
2022-05-10 04:00:00+00:00,1041.5089709611798,1041.5089709611798,0
2022-05-10 08:00:00+00:00,1041.5089709611798,1041.5089709611798,0
2022-05-10 12:00:00+00:00,1041.5089709611798,1041.5089709611798,0
2022-05-10 16:00:00+00:00,1041.5089709611798,1041.5089709611798,0
2022-05-10 20:00:00+00:00,1041.5089709611798,1041.5089709611798,0
2022-05-11 00:00:00+00:00,1041.5089709611798,1041.5089709611798,0
2022-05-11 04:00:00+00:00,1041.5089709611798,1041.5089709611798,0
2022-05-11 08:00:00+00:00,1041.5089709611798,1041.5089709611798,0
2022-05-11 12:00:00+00:00,1041.5089709611798,1041.5089709611798,0
2022-05-11 16:00:00+00:00,1041.5089709611798,1041.5089709611798,0
2022-05-11 20:00:00+00:00,1041.5089709611798,1041.5089709611798,0
2022-05-12 00:00:00+00:00,1041.5089709611798,1041.5089709611798,0
2022-05-12 04:00:00+00:00,1041.5089709611798,1041.5089709611798,0
2022-05-12 08:00:00+00:00,1041.5089709611798,1041.5089709611798,0
2022-05-12 12:00:00+00:00,1041.5089709611798,1041.5089709611798,0
2022-05-12 16:00:00+00:00,1041.5089709611798,1041.5089709611798,0
2022-05-12 20:00:00+00:00,1041.5089709611798,1041.5089709611798,0
2022-05-13 00:00:00+00:00,1041.5089709611798,1041.5089709611798,0
2022-05-13 04:00:00+00:00,1041.5089709611798,1041.5089709611798,0
2022-05-13 08:00:00+00:00,1041.5089709611798,1041.5089709611798,0
2022-05-13 12:00:00+00:00,1041.5089709611798,1041.5089709611798,0
2022-05-13 16:00:00+00:00,1041.5089709611798,1041.5089709611798,0
2022-05-13 20:00:00+00:00,1041.5089709611798,1041.5089709611798,0
2022-05-14 00:00:00+00:00,1041.5089709611798,1041.5089709611798,0
2022-05-14 04:00:00+00:00,1041.5089709611798,1041.5089709611798,0
2022-05-14 08:00:00+00:00,1041.5089709611798,1041.5089709611798,0
2022-05-14 12:00:00+00:00,1041.5089709611798,1041.5089709611798,0
2022-05-14 16:00:00+00:00,1041.5089709611798,1041.5089709611798,0
2022-05-14 20:00:00+00:00,1041.5089709611798,1041.5089709611798,0
2022-05-15 00:00:00+00:00,1041.5089709611798,1041.5089709611798,0
2022-05-15 04:00:00+00:00,1041.5089709611798,1041.5089709611798,0
2022-05-15 08:00:00+00:00,1041.5089709611798,1041.5089709611798,0
2022-05-15 12:00:00+00:00,1041.5089709611798,1041.5089709611798,0
2022-05-15 16:00:00+00:00,1041.5089709611798,1041.5089709611798,0
2022-05-15 20:00:00+00:00,1041.5089709611798,1041.5089709611798,0
2022-05-16 00:00:00+00:00,1041.5089709611798,1041.5089709611798,0
2022-05-16 04:00:00+00:00,1041.5089709611798,1041.5089709611798,0
2022-05-16 08:00:00+00:00,1041.5089709611798,1041.5089709611798,0
2022-05-16 12:00:00+00:00,1041.5089709611798,1041.5089709611798,0
2022-05-16 16:00:00+00:00,1041.5089709611798,1041.5089709611798,0
2022-05-16 20:00:00+00:00,1041.5089709611798,1041.5089709611798,0
2022-05-17 00:00:00+00:00,1041.5089709611798,1041.5089709611798,0
2022-05-17 04:00:00+00:00,1041.5089709611798,1041.5089709611798,0
2022-05-17 08:00:00+00:00,1041.5089709611798,1041.5089709611798,0
2022-05-17 12:00:00+00:00,1041.5089709611798,1041.5089709611798,0
2022-05-17 16:00:00+00:00,1041.5089709611798,1041.5089709611798,0
2022-05-17 20:00:00+00:00,1041.5089709611798,1041.5089709611798,0
2022-05-18 00:00:00+00:00,1041.5089709611798,1041.5089709611798,0
2022-05-18 04:00:00+00:00,1041.5089709611798,1041.5089709611798,0
2022-05-18 08:00:00+00:00,1041.5089709611798,1041.5089709611798,0
2022-05-18 12:00:00+00:00,1041.5089709611798,1041.5089709611798,0
2022-05-18 16:00:00+00:00,1041.5089709611798,1041.5089709611798,0
2022-05-18 20:00:00+00:00,1041.5089709611798,1041.5089709611798,0
2022-05-19 00:00:00+00:00,1041.5089709611798,1041.5089709611798,0
2022-05-19 04:00:00+00:00,1041.5089709611798,1041.5089709611798,0
2022-05-19 08:00:00+00:00,1041.5089709611798,1041.5089709611798,0
2022-05-19 12:00:00+00:00,1041.5089709611798,1041.5089709611798,0
2022-05-19 16:00:00+00:00,1041.5089709611798,1041.5089709611798,0
2022-05-19 20:00:00+00:00,1041.5089709611798,1041.5089709611798,0
2022-05-20 00:00:00+00:00,1041.5089709611798,1041.5089709611798,0
2022-05-20 04:00:00+00:00,1041.5089709611798,1041.5089709611798,0
2022-05-20 08:00:00+00:00,1041.5089709611798,1041.5089709611798,0
2022-05-20 12:00:00+00:00,1041.5089709611798,1041.5089709611798,0
2022-05-20 16:00:00+00:00,1041.5089709611798,1041.5089709611798,0
2022-05-20 20:00:00+00:00,1041.5089709611798,1041.5089709611798,0
2022-05-21 00:00:00+00:00,1041.5089709611798,1041.5089709611798,0
2022-05-21 04:00:00+00:00,1041.5089709611798,1041.5089709611798,0
2022-05-21 08:00:00+00:00,1041.5089709611798,1041.5089709611798,0
2022-05-21 12:00:00+00:00,1041.5089709611798,1041.5089709611798,0
2022-05-21 16:00:00+00:00,1041.5089709611798,1041.5089709611798,0
2022-05-21 20:00:00+00:00,1041.5089709611798,1041.5089709611798,0
2022-05-22 00:00:00+00:00,1041.5089709611798,1041.5089709611798,0
2022-05-22 04:00:00+00:00,1041.5089709611798,1041.5089709611798,0
2022-05-22 08:00:00+00:00,1041.5089709611798,1041.5089709611798,0
2022-05-22 12:00:00+00:00,1041.5089709611798,1041.5089709611798,0
2022-05-22 16:00:00+00:00,1041.5089709611798,1041.5089709611798,0
2022-05-22 20:00:00+00:00,1041.5089709611798,1041.5089709611798,0
2022-05-23 00:00:00+00:00,1041.5089709611798,1041.5089709611798,0
2022-05-23 04:00:00+00:00,1041.5089709611798,1041.5089709611798,0
2022-05-23 08:00:00+00:00,1041.5089709611798,1041.5089709611798,0
2022-05-23 12:00:00+00:00,1041.5089709611798,1041.5089709611798,0
2022-05-23 16:00:00+00:00,1041.5089709611798,1041.5089709611798,0
2022-05-23 20:00:00+00:00,1041.5089709611798,1041.5089709611798,0
2022-05-24 00:00:00+00:00,1041.5089709611798,1041.5089709611798,0
2022-05-24 04:00:00+00:00,1041.5089709611798,1041.5089709611798,0
2022-05-24 08:00:00+00:00,1041.5089709611798,1041.5089709611798,0
2022-05-24 12:00:00+00:00,1041.5089709611798,1041.5089709611798,0
2022-05-24 16:00:00+00:00,1041.5089709611798,1041.5089709611798,0
2022-05-24 20:00:00+00:00,1041.5089709611798,1041.5089709611798,0
2022-05-25 00:00:00+00:00,1041.5089709611798,1041.5089709611798,0
2022-05-25 04:00:00+00:00,1041.5089709611798,1041.5089709611798,0
2022-05-25 08:00:00+00:00,1041.5089709611798,1041.5089709611798,0
2022-05-25 12:00:00+00:00,1041.5089709611798,1041.5089709611798,0
2022-05-25 16:00:00+00:00,1041.5089709611798,1041.5089709611798,0
2022-05-25 20:00:00+00:00,1041.5089709611798,1041.5089709611798,0
2022-05-26 00:00:00+00:00,1041.5089709611798,1041.5089709611798,0
2022-05-26 04:00:00+00:00,1041.5089709611798,1041.5089709611798,0
2022-05-26 08:00:00+00:00,1041.5089709611798,1041.5089709611798,0
2022-05-26 12:00:00+00:00,1039.0960936848833,1041.4415593772987,1
2022-05-26 16:00:00+00:00,1036.3052951268191,1036.3052951268191,0
2022-05-26 20:00:00+00:00,1036.3052951268191,1036.3052951268191,0
2022-05-27 00:00:00+00:00,1036.3052951268191,1036.3052951268191,0
2022-05-27 04:00:00+00:00,1036.3052951268191,1036.3052951268191,0
2022-05-27 08:00:00+00:00,1036.3052951268191,1036.3052951268191,0
2022-05-27 12:00:00+00:00,1036.3052951268191,1036.3052951268191,0
2022-05-27 16:00:00+00:00,1036.3052951268191,1036.3052951268191,0
2022-05-27 20:00:00+00:00,1036.3052951268191,1036.3052951268191,0
2022-05-28 00:00:00+00:00,1036.3052951268191,1036.3052951268191,0
2022-05-28 04:00:00+00:00,1036.3052951268191,1036.3052951268191,0
2022-05-28 08:00:00+00:00,1036.3052951268191,1036.3052951268191,0
2022-05-28 12:00:00+00:00,1036.3052951268191,1036.3052951268191,0
2022-05-28 16:00:00+00:00,1036.3052951268191,1036.3052951268191,0
2022-05-28 20:00:00+00:00,1036.3052951268191,1036.3052951268191,0
2022-05-29 00:00:00+00:00,1036.3052951268191,1036.3052951268191,0
2022-05-29 04:00:00+00:00,1036.3052951268191,1036.3052951268191,0
2022-05-29 08:00:00+00:00,1036.3052951268191,1036.3052951268191,0
2022-05-29 12:00:00+00:00,1036.3052951268191,1036.3052951268191,0
2022-05-29 16:00:00+00:00,1036.3052951268191,1036.3052951268191,0
2022-05-29 20:00:00+00:00,1036.3052951268191,1036.3052951268191,0
2022-05-30 00:00:00+00:00,1036.3052951268191,1036.3052951268191,0
2022-05-30 04:00:00+00:00,1036.3052951268191,1036.3052951268191,0
2022-05-30 08:00:00+00:00,1036.3052951268191,1036.3052951268191,0
2022-05-30 12:00:00+00:00,1036.3052951268191,1036.3052951268191,0
2022-05-30 16:00:00+00:00,1036.3052951268191,1036.3052951268191,0
2022-05-30 20:00:00+00:00,1036.3052951268191,1036.3052951268191,0
2022-05-31 00:00:00+00:00,1036.3052951268191,1036.3052951268191,0
2022-05-31 04:00:00+00:00,1036.3052951268191,1036.3052951268191,0
2022-05-31 08:00:00+00:00,1036.3052951268191,1036.3052951268191,0
2022-05-31 12:00:00+00:00,1036.3052951268191,1036.3052951268191,0
2022-05-31 16:00:00+00:00,1036.3052951268191,1036.3052951268191,0
2022-05-31 20:00:00+00:00,1036.3052951268191,1036.3052951268191,0
2022-06-01 00:00:00+00:00,1036.3052951268191,1036.3052951268191,0
2022-06-01 04:00:00+00:00,1036.3052951268191,1036.3052951268191,0
2022-06-01 08:00:00+00:00,1036.3052951268191,1036.3052951268191,0
2022-06-01 12:00:00+00:00,1036.3052951268191,1036.3052951268191,0
2022-06-01 16:00:00+00:00,1036.3052951268191,1036.3052951268191,0
2022-06-01 20:00:00+00:00,1036.3052951268191,1036.3052951268191,0
2022-06-02 00:00:00+00:00,1036.3052951268191,1036.3052951268191,0
2022-06-02 04:00:00+00:00,1036.3052951268191,1036.3052951268191,0
2022-06-02 08:00:00+00:00,1036.3052951268191,1036.3052951268191,0
2022-06-02 12:00:00+00:00,1036.3052951268191,1036.3052951268191,0
2022-06-02 16:00:00+00:00,1036.3052951268191,1036.3052951268191,0
2022-06-02 20:00:00+00:00,1036.3052951268191,1036.3052951268191,0
2022-06-03 00:00:00+00:00,1036.3052951268191,1036.3052951268191,0
2022-06-03 04:00:00+00:00,1036.3052951268191,1036.3052951268191,0
2022-06-03 08:00:00+00:00,1036.3052951268191,1036.3052951268191,0
2022-06-03 12:00:00+00:00,1036.3052951268191,1036.3052951268191,0
2022-06-03 16:00:00+00:00,1036.3052951268191,1036.3052951268191,0
2022-06-03 20:00:00+00:00,1036.3052951268191,1036.3052951268191,0
2022-06-04 00:00:00+00:00,1036.3052951268191,1036.3052951268191,0
2022-06-04 04:00:00+00:00,1036.3052951268191,1036.3052951268191,0
2022-06-04 08:00:00+00:00,1036.3052951268191,1036.3052951268191,0
2022-06-04 12:00:00+00:00,1036.3052951268191,1036.3052951268191,0
2022-06-04 16:00:00+00:00,1036.3052951268191,1036.3052951268191,0
2022-06-04 20:00:00+00:00,1036.3052951268191,1036.3052951268191,0
2022-06-05 00:00:00+00:00,1036.3052951268191,1036.3052951268191,0
2022-06-05 04:00:00+00:00,1036.3052951268191,1036.3052951268191,0
2022-06-05 08:00:00+00:00,1036.3052951268191,1036.3052951268191,0
2022-06-05 12:00:00+00:00,1036.3052951268191,1036.3052951268191,0
2022-06-05 16:00:00+00:00,1036.3052951268191,1036.3052951268191,0
2022-06-05 20:00:00+00:00,1036.3052951268191,1036.3052951268191,0
2022-06-06 00:00:00+00:00,1036.3052951268191,1036.3052951268191,0
2022-06-06 04:00:00+00:00,1036.3052951268191,1036.3052951268191,0
2022-06-06 08:00:00+00:00,1036.3052951268191,1036.3052951268191,0
2022-06-06 12:00:00+00:00,1036.3052951268191,1036.3052951268191,0
2022-06-06 16:00:00+00:00,1036.3052951268191,1036.3052951268191,0
2022-06-06 20:00:00+00:00,1036.3052951268191,1036.3052951268191,0
2022-06-07 00:00:00+00:00,1036.3052951268191,1036.3052951268191,0
2022-06-07 04:00:00+00:00,1036.3052951268191,1036.3052951268191,0
2022-06-07 08:00:00+00:00,1036.3052951268191,1036.3052951268191,0
2022-06-07 12:00:00+00:00,1036.3052951268191,1036.3052951268191,0
2022-06-07 16:00:00+00:00,1036.3052951268191,1036.3052951268191,0
2022-06-07 20:00:00+00:00,1036.3052951268191,1036.3052951268191,0
2022-06-08 00:00:00+00:00,1036.3052951268191,1036.3052951268191,0
2022-06-08 04:00:00+00:00,1036.3052951268191,1036.3052951268191,0
2022-06-08 08:00:00+00:00,1036.3052951268191,1036.3052951268191,0
2022-06-08 12:00:00+00:00,1036.3052951268191,1036.3052951268191,0
2022-06-08 16:00:00+00:00,1036.3052951268191,1036.3052951268191,0
2022-06-08 20:00:00+00:00,1036.3052951268191,1036.3052951268191,0
2022-06-09 00:00:00+00:00,1036.3052951268191,1036.3052951268191,0
2022-06-09 04:00:00+00:00,1036.3052951268191,1036.3052951268191,0
2022-06-09 08:00:00+00:00,1036.3052951268191,1036.3052951268191,0
2022-06-09 12:00:00+00:00,1038.4845479133621,1036.2382203504355,1
2022-06-09 16:00:00+00:00,1035.6912621323222,1036.2382203504355,1
2022-06-09 20:00:00+00:00,1036.9692360190725,1036.2382203504355,1
2022-06-10 00:00:00+00:00,1037.8820745096084,1036.2382203504355,1
2022-06-10 04:00:00+00:00,1035.0431468040417,1036.2382203504355,1
2022-06-10 08:00:00+00:00,1033.2539833625913,1036.2382203504355,1
2022-06-10 12:00:00+00:00,1031.111533809524,1031.111533809524,0
2022-06-10 16:00:00+00:00,1031.111533809524,1031.111533809524,0
2022-06-10 20:00:00+00:00,1031.111533809524,1031.111533809524,0
2022-06-11 00:00:00+00:00,1031.111533809524,1031.111533809524,0
2022-06-11 04:00:00+00:00,1031.111533809524,1031.111533809524,0
2022-06-11 08:00:00+00:00,1031.111533809524,1031.111533809524,0
2022-06-11 12:00:00+00:00,1031.111533809524,1031.111533809524,0
2022-06-11 16:00:00+00:00,1031.111533809524,1031.111533809524,0
2022-06-11 20:00:00+00:00,1031.111533809524,1031.111533809524,0
2022-06-12 00:00:00+00:00,1031.111533809524,1031.111533809524,0
2022-06-12 04:00:00+00:00,1031.111533809524,1031.111533809524,0
2022-06-12 08:00:00+00:00,1031.111533809524,1031.111533809524,0
2022-06-12 12:00:00+00:00,1031.111533809524,1031.111533809524,0
2022-06-12 16:00:00+00:00,1031.111533809524,1031.111533809524,0
2022-06-12 20:00:00+00:00,1031.111533809524,1031.111533809524,0
2022-06-13 00:00:00+00:00,1031.111533809524,1031.111533809524,0
2022-06-13 04:00:00+00:00,1031.111533809524,1031.111533809524,0
2022-06-13 08:00:00+00:00,1031.111533809524,1031.111533809524,0
2022-06-13 12:00:00+00:00,1031.111533809524,1031.111533809524,0
2022-06-13 16:00:00+00:00,1031.111533809524,1031.111533809524,0
2022-06-13 20:00:00+00:00,1031.111533809524,1031.111533809524,0
2022-06-14 00:00:00+00:00,1031.111533809524,1031.111533809524,0
2022-06-14 04:00:00+00:00,1031.111533809524,1031.111533809524,0
2022-06-14 08:00:00+00:00,1031.111533809524,1031.111533809524,0
2022-06-14 12:00:00+00:00,1031.111533809524,1031.111533809524,0
2022-06-14 16:00:00+00:00,1031.111533809524,1031.111533809524,0
2022-06-14 20:00:00+00:00,1031.111533809524,1031.111533809524,0
2022-06-15 00:00:00+00:00,1031.111533809524,1031.111533809524,0
2022-06-15 04:00:00+00:00,1031.111533809524,1031.111533809524,0
2022-06-15 08:00:00+00:00,1031.111533809524,1031.111533809524,0
2022-06-15 12:00:00+00:00,1031.111533809524,1031.111533809524,0
2022-06-15 16:00:00+00:00,1031.111533809524,1031.111533809524,0
2022-06-15 20:00:00+00:00,1031.111533809524,1031.111533809524,0
2022-06-16 00:00:00+00:00,1031.111533809524,1031.111533809524,0
2022-06-16 04:00:00+00:00,1031.111533809524,1031.111533809524,0
2022-06-16 08:00:00+00:00,1031.111533809524,1031.111533809524,0
2022-06-16 12:00:00+00:00,1031.111533809524,1031.111533809524,0
2022-06-16 16:00:00+00:00,1031.111533809524,1031.111533809524,0
2022-06-16 20:00:00+00:00,1031.111533809524,1031.111533809524,0
2022-06-17 00:00:00+00:00,1031.111533809524,1031.111533809524,0
2022-06-17 04:00:00+00:00,1031.111533809524,1031.111533809524,0
2022-06-17 08:00:00+00:00,1031.111533809524,1031.111533809524,0
2022-06-17 12:00:00+00:00,1031.111533809524,1031.111533809524,0
2022-06-17 16:00:00+00:00,1031.111533809524,1031.111533809524,0
2022-06-17 20:00:00+00:00,1031.111533809524,1031.111533809524,0
2022-06-18 00:00:00+00:00,1031.111533809524,1031.111533809524,0
2022-06-18 04:00:00+00:00,1031.111533809524,1031.111533809524,0
2022-06-18 08:00:00+00:00,1031.111533809524,1031.111533809524,0
2022-06-18 12:00:00+00:00,1031.111533809524,1031.111533809524,0
2022-06-18 16:00:00+00:00,1031.111533809524,1031.111533809524,0
2022-06-18 20:00:00+00:00,1031.111533809524,1031.111533809524,0
2022-06-19 00:00:00+00:00,1031.111533809524,1031.111533809524,0
2022-06-19 04:00:00+00:00,1031.111533809524,1031.111533809524,0
2022-06-19 08:00:00+00:00,1031.111533809524,1031.111533809524,0
2022-06-19 12:00:00+00:00,1031.111533809524,1031.111533809524,0
2022-06-19 16:00:00+00:00,1031.111533809524,1031.111533809524,0
2022-06-19 20:00:00+00:00,1031.111533809524,1031.111533809524,0
2022-06-20 00:00:00+00:00,1031.111533809524,1031.111533809524,0
2022-06-20 04:00:00+00:00,1031.111533809524,1031.111533809524,0
2022-06-20 08:00:00+00:00,1031.111533809524,1031.111533809524,0
2022-06-20 12:00:00+00:00,1031.111533809524,1031.111533809524,0
2022-06-20 16:00:00+00:00,1031.111533809524,1031.111533809524,0
2022-06-20 20:00:00+00:00,1031.111533809524,1031.111533809524,0
2022-06-21 00:00:00+00:00,1031.111533809524,1031.111533809524,0
2022-06-21 04:00:00+00:00,1031.111533809524,1031.111533809524,0
2022-06-21 08:00:00+00:00,1031.111533809524,1031.111533809524,0
2022-06-21 12:00:00+00:00,1031.111533809524,1031.111533809524,0
2022-06-21 16:00:00+00:00,1031.111533809524,1031.111533809524,0
2022-06-21 20:00:00+00:00,1031.111533809524,1031.111533809524,0
2022-06-22 00:00:00+00:00,1031.111533809524,1031.111533809524,0
2022-06-22 04:00:00+00:00,1031.111533809524,1031.111533809524,0
2022-06-22 08:00:00+00:00,1031.111533809524,1031.111533809524,0
2022-06-22 12:00:00+00:00,1031.111533809524,1031.111533809524,0
2022-06-22 16:00:00+00:00,1031.111533809524,1031.111533809524,0
2022-06-22 20:00:00+00:00,1031.111533809524,1031.111533809524,0
2022-06-23 00:00:00+00:00,1031.111533809524,1031.111533809524,0
2022-06-23 04:00:00+00:00,1031.111533809524,1031.111533809524,0
2022-06-23 08:00:00+00:00,1031.111533809524,1031.111533809524,0
2022-06-23 12:00:00+00:00,1031.111533809524,1031.111533809524,0
2022-06-23 16:00:00+00:00,1031.111533809524,1031.111533809524,0
2022-06-23 20:00:00+00:00,1031.111533809524,1031.111533809524,0
2022-06-24 00:00:00+00:00,1031.111533809524,1031.111533809524,0
2022-06-24 04:00:00+00:00,1031.111533809524,1031.111533809524,0
2022-06-24 08:00:00+00:00,1031.111533809524,1031.111533809524,0
2022-06-24 12:00:00+00:00,1031.111533809524,1031.111533809524,0
2022-06-24 16:00:00+00:00,1031.111533809524,1031.111533809524,0
2022-06-24 20:00:00+00:00,1031.111533809524,1031.111533809524,0
2022-06-25 00:00:00+00:00,1031.111533809524,1031.111533809524,0
2022-06-25 04:00:00+00:00,1031.111533809524,1031.111533809524,0
2022-06-25 08:00:00+00:00,1031.111533809524,1031.111533809524,0
2022-06-25 12:00:00+00:00,1031.111533809524,1031.111533809524,0
2022-06-25 16:00:00+00:00,1031.111533809524,1031.111533809524,0
2022-06-25 20:00:00+00:00,1031.111533809524,1031.111533809524,0
2022-06-26 00:00:00+00:00,1031.111533809524,1031.111533809524,0
2022-06-26 04:00:00+00:00,1031.111533809524,1031.111533809524,0
2022-06-26 08:00:00+00:00,1031.111533809524,1031.111533809524,0
2022-06-26 12:00:00+00:00,1031.111533809524,1031.111533809524,0
2022-06-26 16:00:00+00:00,1031.111533809524,1031.111533809524,0
2022-06-26 20:00:00+00:00,1031.111533809524,1031.111533809524,0
2022-06-27 00:00:00+00:00,1031.111533809524,1031.111533809524,0
2022-06-27 04:00:00+00:00,1031.111533809524,1031.111533809524,0
2022-06-27 08:00:00+00:00,1031.111533809524,1031.111533809524,0
2022-06-27 12:00:00+00:00,1031.111533809524,1031.111533809524,0
2022-06-27 16:00:00+00:00,1031.111533809524,1031.111533809524,0
2022-06-27 20:00:00+00:00,1031.111533809524,1031.111533809524,0
2022-06-28 00:00:00+00:00,1031.111533809524,1031.111533809524,0
2022-06-28 04:00:00+00:00,1031.111533809524,1031.111533809524,0
2022-06-28 08:00:00+00:00,1031.111533809524,1031.111533809524,0
2022-06-28 12:00:00+00:00,1031.111533809524,1031.111533809524,0
2022-06-28 16:00:00+00:00,1031.111533809524,1031.111533809524,0
2022-06-28 20:00:00+00:00,1031.111533809524,1031.111533809524,0
2022-06-29 00:00:00+00:00,1031.111533809524,1031.111533809524,0
2022-06-29 04:00:00+00:00,1031.111533809524,1031.111533809524,0
2022-06-29 08:00:00+00:00,1031.111533809524,1031.111533809524,0
2022-06-29 12:00:00+00:00,1031.111533809524,1031.111533809524,0
2022-06-29 16:00:00+00:00,1031.111533809524,1031.111533809524,0
2022-06-29 20:00:00+00:00,1031.111533809524,1031.111533809524,0
2022-06-30 00:00:00+00:00,1031.111533809524,1031.111533809524,0
2022-06-30 04:00:00+00:00,1031.111533809524,1031.111533809524,0
2022-06-30 08:00:00+00:00,1031.111533809524,1031.111533809524,0
2022-06-30 12:00:00+00:00,1031.111533809524,1031.111533809524,0
2022-06-30 16:00:00+00:00,1031.111533809524,1031.111533809524,0
2022-06-30 20:00:00+00:00,1031.111533809524,1031.111533809524,0
2022-07-01 00:00:00+00:00,1031.111533809524,1031.111533809524,0
2022-07-01 04:00:00+00:00,1031.111533809524,1031.111533809524,0
2022-07-01 08:00:00+00:00,1031.111533809524,1031.111533809524,0
2022-07-01 12:00:00+00:00,1031.111533809524,1031.111533809524,0
2022-07-01 16:00:00+00:00,1031.111533809524,1031.111533809524,0
2022-07-01 20:00:00+00:00,1031.111533809524,1031.111533809524,0
2022-07-02 00:00:00+00:00,1031.111533809524,1031.111533809524,0
2022-07-02 04:00:00+00:00,1031.111533809524,1031.111533809524,0
2022-07-02 08:00:00+00:00,1031.111533809524,1031.111533809524,0
2022-07-02 12:00:00+00:00,1031.111533809524,1031.111533809524,0
2022-07-02 16:00:00+00:00,1031.111533809524,1031.111533809524,0
2022-07-02 20:00:00+00:00,1031.111533809524,1031.111533809524,0
2022-07-03 00:00:00+00:00,1031.111533809524,1031.111533809524,0
2022-07-03 04:00:00+00:00,1031.111533809524,1031.111533809524,0
2022-07-03 08:00:00+00:00,1031.111533809524,1031.111533809524,0
2022-07-03 12:00:00+00:00,1031.111533809524,1031.111533809524,0
2022-07-03 16:00:00+00:00,1031.111533809524,1031.111533809524,0
2022-07-03 20:00:00+00:00,1031.111533809524,1031.111533809524,0
2022-07-04 00:00:00+00:00,1031.111533809524,1031.111533809524,0
2022-07-04 04:00:00+00:00,1031.111533809524,1031.111533809524,0
2022-07-04 08:00:00+00:00,1031.111533809524,1031.111533809524,0
2022-07-04 12:00:00+00:00,1031.111533809524,1031.111533809524,0
2022-07-04 16:00:00+00:00,1031.111533809524,1031.111533809524,0
2022-07-04 20:00:00+00:00,1031.111533809524,1031.111533809524,0
2022-07-05 00:00:00+00:00,1031.111533809524,1031.111533809524,0
2022-07-05 04:00:00+00:00,1031.111533809524,1031.111533809524,0
2022-07-05 08:00:00+00:00,1031.111533809524,1031.111533809524,0
2022-07-05 12:00:00+00:00,1031.111533809524,1031.111533809524,0
2022-07-05 16:00:00+00:00,1031.111533809524,1031.111533809524,0
2022-07-05 20:00:00+00:00,1031.111533809524,1031.111533809524,0
2022-07-06 00:00:00+00:00,1031.111533809524,1031.111533809524,0
2022-07-06 04:00:00+00:00,1031.111533809524,1031.111533809524,0
2022-07-06 08:00:00+00:00,1031.111533809524,1031.111533809524,0
2022-07-06 12:00:00+00:00,1031.111533809524,1031.111533809524,0
2022-07-06 16:00:00+00:00,1031.111533809524,1031.111533809524,0
2022-07-06 20:00:00+00:00,1031.111533809524,1031.111533809524,0
2022-07-07 00:00:00+00:00,1031.111533809524,1031.111533809524,0
2022-07-07 04:00:00+00:00,1031.111533809524,1031.111533809524,0
2022-07-07 08:00:00+00:00,1031.111533809524,1031.111533809524,0
2022-07-07 12:00:00+00:00,1031.111533809524,1031.111533809524,0
2022-07-07 16:00:00+00:00,1031.111533809524,1031.111533809524,0
2022-07-07 20:00:00+00:00,1031.111533809524,1031.111533809524,0
2022-07-08 00:00:00+00:00,1031.111533809524,1031.111533809524,0
2022-07-08 04:00:00+00:00,1031.111533809524,1031.111533809524,0
2022-07-08 08:00:00+00:00,1031.111533809524,1031.111533809524,0
2022-07-08 12:00:00+00:00,1031.111533809524,1031.111533809524,0
2022-07-08 16:00:00+00:00,1031.111533809524,1031.111533809524,0
2022-07-08 20:00:00+00:00,1031.111533809524,1031.111533809524,0
2022-07-09 00:00:00+00:00,1031.111533809524,1031.111533809524,0
2022-07-09 04:00:00+00:00,1031.111533809524,1031.111533809524,0
2022-07-09 08:00:00+00:00,1031.111533809524,1031.111533809524,0
2022-07-09 12:00:00+00:00,1031.111533809524,1031.111533809524,0
2022-07-09 16:00:00+00:00,1031.111533809524,1031.111533809524,0
2022-07-09 20:00:00+00:00,1031.111533809524,1031.111533809524,0
2022-07-10 00:00:00+00:00,1031.111533809524,1031.111533809524,0
2022-07-10 04:00:00+00:00,1031.111533809524,1031.111533809524,0
2022-07-10 08:00:00+00:00,1031.111533809524,1031.111533809524,0
2022-07-10 12:00:00+00:00,1031.111533809524,1031.111533809524,0
2022-07-10 16:00:00+00:00,1031.111533809524,1031.111533809524,0
2022-07-10 20:00:00+00:00,1031.111533809524,1031.111533809524,0
2022-07-11 00:00:00+00:00,1031.111533809524,1031.111533809524,0
2022-07-11 04:00:00+00:00,1031.111533809524,1031.111533809524,0
2022-07-11 08:00:00+00:00,1031.111533809524,1031.111533809524,0
2022-07-11 12:00:00+00:00,1031.111533809524,1031.111533809524,0
2022-07-11 16:00:00+00:00,1031.111533809524,1031.111533809524,0
2022-07-11 20:00:00+00:00,1031.111533809524,1031.111533809524,0
2022-07-12 00:00:00+00:00,1031.111533809524,1031.111533809524,0
2022-07-12 04:00:00+00:00,1031.111533809524,1031.111533809524,0
2022-07-12 08:00:00+00:00,1031.111533809524,1031.111533809524,0
2022-07-12 12:00:00+00:00,1031.111533809524,1031.111533809524,0
2022-07-12 16:00:00+00:00,1031.111533809524,1031.111533809524,0
2022-07-12 20:00:00+00:00,1031.111533809524,1031.111533809524,0
2022-07-13 00:00:00+00:00,1031.111533809524,1031.111533809524,0
2022-07-13 04:00:00+00:00,1031.111533809524,1031.111533809524,0
2022-07-13 08:00:00+00:00,1031.111533809524,1031.111533809524,0
2022-07-13 12:00:00+00:00,1031.111533809524,1031.111533809524,0
2022-07-13 16:00:00+00:00,1031.111533809524,1031.111533809524,0
2022-07-13 20:00:00+00:00,1031.111533809524,1031.111533809524,0
2022-07-14 00:00:00+00:00,1031.111533809524,1031.111533809524,0
2022-07-14 04:00:00+00:00,1031.111533809524,1031.111533809524,0
2022-07-14 08:00:00+00:00,1031.111533809524,1031.111533809524,0
2022-07-14 12:00:00+00:00,1031.111533809524,1031.111533809524,0
2022-07-14 16:00:00+00:00,1031.111533809524,1031.111533809524,0
2022-07-14 20:00:00+00:00,1031.111533809524,1031.111533809524,0
2022-07-15 00:00:00+00:00,1031.111533809524,1031.111533809524,0
2022-07-15 04:00:00+00:00,1031.111533809524,1031.111533809524,0
2022-07-15 08:00:00+00:00,1031.111533809524,1031.111533809524,0
2022-07-15 12:00:00+00:00,1031.111533809524,1031.111533809524,0
2022-07-15 16:00:00+00:00,1031.111533809524,1031.111533809524,0
2022-07-15 20:00:00+00:00,1031.111533809524,1031.111533809524,0
2022-07-16 00:00:00+00:00,1031.111533809524,1031.111533809524,0
2022-07-16 04:00:00+00:00,1031.111533809524,1031.111533809524,0
2022-07-16 08:00:00+00:00,1031.111533809524,1031.111533809524,0
2022-07-16 12:00:00+00:00,1031.111533809524,1031.111533809524,0
2022-07-16 16:00:00+00:00,1031.111533809524,1031.111533809524,0
2022-07-16 20:00:00+00:00,1031.111533809524,1031.111533809524,0
2022-07-17 00:00:00+00:00,1031.111533809524,1031.111533809524,0
2022-07-17 04:00:00+00:00,1031.111533809524,1031.111533809524,0
2022-07-17 08:00:00+00:00,1031.111533809524,1031.111533809524,0
2022-07-17 12:00:00+00:00,1031.111533809524,1031.111533809524,0
2022-07-17 16:00:00+00:00,1031.111533809524,1031.111533809524,0
2022-07-17 20:00:00+00:00,1031.111533809524,1031.111533809524,0
2022-07-18 00:00:00+00:00,1031.111533809524,1031.111533809524,0
2022-07-18 04:00:00+00:00,1031.111533809524,1031.111533809524,0
2022-07-18 08:00:00+00:00,1031.111533809524,1031.111533809524,0
2022-07-18 12:00:00+00:00,1031.111533809524,1031.111533809524,0
2022-07-18 16:00:00+00:00,1031.111533809524,1031.111533809524,0
2022-07-18 20:00:00+00:00,1031.111533809524,1031.111533809524,0
2022-07-19 00:00:00+00:00,1031.111533809524,1031.111533809524,0
2022-07-19 04:00:00+00:00,1031.111533809524,1031.111533809524,0
2022-07-19 08:00:00+00:00,1031.111533809524,1031.111533809524,0
2022-07-19 12:00:00+00:00,1031.111533809524,1031.111533809524,0
2022-07-19 16:00:00+00:00,1031.111533809524,1031.111533809524,0
2022-07-19 20:00:00+00:00,1031.111533809524,1031.111533809524,0
2022-07-20 00:00:00+00:00,1031.111533809524,1031.111533809524,0
2022-07-20 04:00:00+00:00,1031.111533809524,1031.111533809524,0
2022-07-20 08:00:00+00:00,1031.111533809524,1031.111533809524,0
2022-07-20 12:00:00+00:00,1031.111533809524,1031.111533809524,0
2022-07-20 16:00:00+00:00,1031.111533809524,1031.111533809524,0
2022-07-20 20:00:00+00:00,1031.111533809524,1031.111533809524,0
2022-07-21 00:00:00+00:00,1031.111533809524,1031.111533809524,0
2022-07-21 04:00:00+00:00,1031.111533809524,1031.111533809524,0
2022-07-21 08:00:00+00:00,1031.111533809524,1031.111533809524,0
2022-07-21 12:00:00+00:00,1031.111533809524,1031.111533809524,0
2022-07-21 16:00:00+00:00,1031.111533809524,1031.111533809524,0
2022-07-21 20:00:00+00:00,1031.111533809524,1031.111533809524,0
2022-07-22 00:00:00+00:00,1031.111533809524,1031.111533809524,0
2022-07-22 04:00:00+00:00,1031.111533809524,1031.111533809524,0
2022-07-22 08:00:00+00:00,1031.111533809524,1031.111533809524,0
2022-07-22 12:00:00+00:00,1031.111533809524,1031.111533809524,0
2022-07-22 16:00:00+00:00,1031.111533809524,1031.111533809524,0
2022-07-22 20:00:00+00:00,1031.111533809524,1031.111533809524,0
2022-07-23 00:00:00+00:00,1031.111533809524,1031.111533809524,0
2022-07-23 04:00:00+00:00,1031.111533809524,1031.111533809524,0
2022-07-23 08:00:00+00:00,1031.111533809524,1031.111533809524,0
2022-07-23 12:00:00+00:00,1031.111533809524,1031.111533809524,0
2022-07-23 16:00:00+00:00,1031.111533809524,1031.111533809524,0
2022-07-23 20:00:00+00:00,1031.111533809524,1031.111533809524,0
2022-07-24 00:00:00+00:00,1031.111533809524,1031.111533809524,0
2022-07-24 04:00:00+00:00,1031.111533809524,1031.111533809524,0
2022-07-24 08:00:00+00:00,1031.111533809524,1031.111533809524,0
2022-07-24 12:00:00+00:00,1031.111533809524,1031.111533809524,0
2022-07-24 16:00:00+00:00,1031.111533809524,1031.111533809524,0
2022-07-24 20:00:00+00:00,1031.111533809524,1031.111533809524,0
2022-07-25 00:00:00+00:00,1031.111533809524,1031.111533809524,0
2022-07-25 04:00:00+00:00,1031.111533809524,1031.111533809524,0
2022-07-25 08:00:00+00:00,1031.111533809524,1031.111533809524,0
2022-07-25 12:00:00+00:00,1031.111533809524,1031.111533809524,0
2022-07-25 16:00:00+00:00,1031.111533809524,1031.111533809524,0
2022-07-25 20:00:00+00:00,1031.111533809524,1031.111533809524,0
2022-07-26 00:00:00+00:00,1031.111533809524,1031.111533809524,0
2022-07-26 04:00:00+00:00,1031.111533809524,1031.111533809524,0
2022-07-26 08:00:00+00:00,1031.111533809524,1031.111533809524,0
2022-07-26 12:00:00+00:00,1031.111533809524,1031.111533809524,0
2022-07-26 16:00:00+00:00,1031.111533809524,1031.111533809524,0
2022-07-26 20:00:00+00:00,1031.111533809524,1031.111533809524,0
2022-07-27 00:00:00+00:00,1031.111533809524,1031.111533809524,0
2022-07-27 04:00:00+00:00,1031.111533809524,1031.111533809524,0
2022-07-27 08:00:00+00:00,1031.111533809524,1031.111533809524,0
2022-07-27 12:00:00+00:00,1031.111533809524,1031.111533809524,0
2022-07-27 16:00:00+00:00,1031.111533809524,1031.111533809524,0
2022-07-27 20:00:00+00:00,1031.111533809524,1031.111533809524,0
2022-07-28 00:00:00+00:00,1031.111533809524,1031.111533809524,0
2022-07-28 04:00:00+00:00,1031.111533809524,1031.111533809524,0
2022-07-28 08:00:00+00:00,1031.111533809524,1031.111533809524,0
2022-07-28 12:00:00+00:00,1031.111533809524,1031.111533809524,0
2022-07-28 16:00:00+00:00,1031.111533809524,1031.111533809524,0
2022-07-28 20:00:00+00:00,1031.111533809524,1031.111533809524,0
2022-07-29 00:00:00+00:00,1031.111533809524,1031.111533809524,0
2022-07-29 04:00:00+00:00,1031.111533809524,1031.111533809524,0
2022-07-29 08:00:00+00:00,1031.111533809524,1031.111533809524,0
2022-07-29 12:00:00+00:00,1031.111533809524,1031.111533809524,0
2022-07-29 16:00:00+00:00,1031.111533809524,1031.111533809524,0
2022-07-29 20:00:00+00:00,1031.111533809524,1031.111533809524,0
2022-07-30 00:00:00+00:00,1031.111533809524,1031.111533809524,0
2022-07-30 04:00:00+00:00,1031.111533809524,1031.111533809524,0
2022-07-30 08:00:00+00:00,1031.111533809524,1031.111533809524,0
2022-07-30 12:00:00+00:00,1031.111533809524,1031.111533809524,0
2022-07-30 16:00:00+00:00,1031.111533809524,1031.111533809524,0
2022-07-30 20:00:00+00:00,1031.111533809524,1031.111533809524,0
2022-07-31 00:00:00+00:00,1031.111533809524,1031.111533809524,0
2022-07-31 04:00:00+00:00,1031.111533809524,1031.111533809524,0
2022-07-31 08:00:00+00:00,1031.111533809524,1031.111533809524,0
2022-07-31 12:00:00+00:00,1031.111533809524,1031.111533809524,0
2022-07-31 16:00:00+00:00,1031.111533809524,1031.111533809524,0
2022-07-31 20:00:00+00:00,1031.111533809524,1031.111533809524,0
2022-08-01 00:00:00+00:00,1031.111533809524,1031.111533809524,0
2022-08-01 04:00:00+00:00,1031.111533809524,1031.111533809524,0
2022-08-01 08:00:00+00:00,1031.111533809524,1031.111533809524,0
2022-08-01 12:00:00+00:00,1031.111533809524,1031.111533809524,0
2022-08-01 16:00:00+00:00,1031.111533809524,1031.111533809524,0
2022-08-01 20:00:00+00:00,1031.111533809524,1031.111533809524,0
2022-08-02 00:00:00+00:00,1031.111533809524,1031.111533809524,0
2022-08-02 04:00:00+00:00,1031.111533809524,1031.111533809524,0
2022-08-02 08:00:00+00:00,1031.111533809524,1031.111533809524,0
2022-08-02 12:00:00+00:00,1031.111533809524,1031.111533809524,0
2022-08-02 16:00:00+00:00,1031.111533809524,1031.111533809524,0
2022-08-02 20:00:00+00:00,1031.111533809524,1031.111533809524,0
2022-08-03 00:00:00+00:00,1031.111533809524,1031.111533809524,0
2022-08-03 04:00:00+00:00,1031.111533809524,1031.111533809524,0
2022-08-03 08:00:00+00:00,1031.111533809524,1031.111533809524,0
2022-08-03 12:00:00+00:00,1031.111533809524,1031.111533809524,0
2022-08-03 16:00:00+00:00,1032.4554265602476,1031.036854363681,1
2022-08-03 20:00:00+00:00,1030.8552948385777,1031.036854363681,1
2022-08-04 00:00:00+00:00,1033.698581733443,1031.036854363681,1
2022-08-04 04:00:00+00:00,1032.6871481794326,1031.036854363681,1
2022-08-04 08:00:00+00:00,1031.7978381814792,1031.036854363681,1
2022-08-04 12:00:00+00:00,1032.640177580949,1031.036854363681,1
2022-08-04 16:00:00+00:00,1034.9730506389608,1031.036854363681,1
2022-08-04 20:00:00+00:00,1035.2955820818806,1031.036854363681,1
2022-08-05 00:00:00+00:00,1035.7746821864118,1031.036854363681,1
2022-08-05 04:00:00+00:00,1036.8925824303183,1031.036854363681,1
2022-08-05 08:00:00+00:00,1037.1775373944513,1031.036854363681,1
2022-08-05 12:00:00+00:00,1035.6995292288384,1031.036854363681,1
2022-08-05 16:00:00+00:00,1036.0972136293317,1031.036854363681,1
2022-08-05 20:00:00+00:00,1036.5450000015405,1031.036854363681,1
2022-08-06 00:00:00+00:00,1036.3132783823555,1031.036854363681,1
2022-08-06 04:00:00+00:00,1036.3226725020522,1031.036854363681,1
2022-08-06 08:00:00+00:00,1036.1066077490284,1031.036854363681,1
2022-08-06 12:00:00+00:00,1036.5825764803274,1031.036854363681,1
2022-08-06 16:00:00+00:00,1037.4938060909064,1031.036854363681,1
2022-08-06 20:00:00+00:00,1036.5441452919092,1030.9563596341197,2
2022-08-07 00:00:00+00:00,1033.4814755066152,1030.9563596341197,2
2022-08-07 04:00:00+00:00,1033.5318197022218,1030.9563596341197,2
2022-08-07 08:00:00+00:00,1035.8150197765815,1030.9563596341197,2
2022-08-07 12:00:00+00:00,1043.938744530525,1030.9563596341197,2
2022-08-07 16:00:00+00:00,1043.2662726483115,1030.9563596341197,2
2022-08-07 20:00:00+00:00,1043.5908264957702,1030.9563596341197,2
2022-08-08 00:00:00+00:00,1045.6286237982792,1030.9563596341197,2
2022-08-08 04:00:00+00:00,1047.388837851813,1030.9563596341197,2
2022-08-08 08:00:00+00:00,1053.0768386788632,1030.9563596341197,2
2022-08-08 12:00:00+00:00,1048.6311175115304,1030.9563596341197,2
2022-08-08 16:00:00+00:00,1048.1213101202093,1039.00582251882,1
2022-08-08 20:00:00+00:00,1047.2852334672036,1039.00582251882,1
2022-08-09 00:00:00+00:00,1047.2382628687203,1039.00582251882,1
2022-08-09 04:00:00+00:00,1047.548268818711,1039.00582251882,1
2022-08-09 08:00:00+00:00,1045.06195847232,1039.00582251882,1
2022-08-09 12:00:00+00:00,1043.2613333541804,1043.2613333541804,0
2022-08-09 16:00:00+00:00,1043.2613333541804,1043.2613333541804,0
2022-08-09 20:00:00+00:00,1043.2613333541804,1043.2613333541804,0
2022-08-10 00:00:00+00:00,1043.2613333541804,1043.2613333541804,0
2022-08-10 04:00:00+00:00,1043.2613333541804,1043.2613333541804,0
2022-08-10 08:00:00+00:00,1043.2613333541804,1043.2613333541804,0
2022-08-10 12:00:00+00:00,1043.2613333541804,1043.2613333541804,0
2022-08-10 16:00:00+00:00,1043.2613333541804,1043.2613333541804,0
2022-08-10 20:00:00+00:00,1043.2613333541804,1043.2613333541804,0
2022-08-11 00:00:00+00:00,1043.2613333541804,1043.2613333541804,0
2022-08-11 04:00:00+00:00,1043.2613333541804,1043.2613333541804,0
2022-08-11 08:00:00+00:00,1043.2613333541804,1043.2613333541804,0
2022-08-11 12:00:00+00:00,1043.2613333541804,1043.2613333541804,0
2022-08-11 16:00:00+00:00,1043.2613333541804,1043.2613333541804,0
2022-08-11 20:00:00+00:00,1043.2613333541804,1043.2613333541804,0
2022-08-12 00:00:00+00:00,1043.2613333541804,1043.2613333541804,0
2022-08-12 04:00:00+00:00,1043.2613333541804,1043.2613333541804,0
2022-08-12 08:00:00+00:00,1043.2613333541804,1043.2613333541804,0
2022-08-12 12:00:00+00:00,1043.2613333541804,1043.2613333541804,0
2022-08-12 16:00:00+00:00,1043.2613333541804,1043.2613333541804,0
2022-08-12 20:00:00+00:00,1043.2613333541804,1043.2613333541804,0
2022-08-13 00:00:00+00:00,1043.2613333541804,1043.2613333541804,0
2022-08-13 04:00:00+00:00,1043.2613333541804,1043.2613333541804,0
2022-08-13 08:00:00+00:00,1043.2613333541804,1043.2613333541804,0
2022-08-13 12:00:00+00:00,1043.2613333541804,1043.2613333541804,0
2022-08-13 16:00:00+00:00,1043.2613333541804,1043.2613333541804,0
2022-08-13 20:00:00+00:00,1043.2613333541804,1043.2613333541804,0
2022-08-14 00:00:00+00:00,1043.2613333541804,1043.2613333541804,0
2022-08-14 04:00:00+00:00,1042.7007080031522,1043.188408168891,1
2022-08-14 08:00:00+00:00,1041.728098905402,1043.188408168891,1
2022-08-14 12:00:00+00:00,1041.3730193935253,1043.188408168891,1
2022-08-14 16:00:00+00:00,1039.7056895116682,1043.188408168891,1
2022-08-14 20:00:00+00:00,1039.9218248667237,1043.188408168891,1
2022-08-15 00:00:00+00:00,1040.755489807652,1043.188408168891,1
2022-08-15 04:00:00+00:00,1038.0313492819275,1038.0313492819275,0
2022-08-15 08:00:00+00:00,1038.0313492819275,1038.0313492819275,0
2022-08-15 12:00:00+00:00,1038.0313492819275,1038.0313492819275,0
2022-08-15 16:00:00+00:00,1038.0313492819275,1038.0313492819275,0
2022-08-15 20:00:00+00:00,1038.0313492819275,1038.0313492819275,0
2022-08-16 00:00:00+00:00,1038.0313492819275,1038.0313492819275,0
2022-08-16 04:00:00+00:00,1038.0313492819275,1038.0313492819275,0
2022-08-16 08:00:00+00:00,1038.0313492819275,1038.0313492819275,0
2022-08-16 12:00:00+00:00,1036.6912924466092,1037.9641627868284,1
2022-08-16 16:00:00+00:00,1037.3676383993027,1037.9641627868284,1
2022-08-16 20:00:00+00:00,1038.984987416613,1037.9641627868284,1
2022-08-17 00:00:00+00:00,1037.259815131482,1037.9641627868284,1
2022-08-17 04:00:00+00:00,1036.3972289889166,1037.9641627868284,1
2022-08-17 08:00:00+00:00,1036.201186683788,1037.9641627868284,1
2022-08-17 12:00:00+00:00,1033.6428346018608,1037.9641627868284,1
2022-08-17 16:00:00+00:00,1034.132940364682,1037.9641627868284,1
2022-08-17 20:00:00+00:00,1032.8205390038054,1032.8205390038054,0
2022-08-18 00:00:00+00:00,1032.8205390038054,1032.8205390038054,0
2022-08-18 04:00:00+00:00,1032.8205390038054,1032.8205390038054,0
2022-08-18 08:00:00+00:00,1032.8205390038054,1032.8205390038054,0
2022-08-18 12:00:00+00:00,1032.8205390038054,1032.8205390038054,0
2022-08-18 16:00:00+00:00,1032.8205390038054,1032.8205390038054,0
2022-08-18 20:00:00+00:00,1032.8205390038054,1032.8205390038054,0
2022-08-19 00:00:00+00:00,1034.7900232631646,1032.7536897779798,1
2022-08-19 04:00:00+00:00,1038.4311030913962,1032.7536897779798,1
2022-08-19 08:00:00+00:00,1039.1964952474807,1032.7536897779798,1
2022-08-19 12:00:00+00:00,1038.5623131752964,1032.7536897779798,1
2022-08-19 16:00:00+00:00,1038.616984043588,1032.7536897779798,1
2022-08-19 20:00:00+00:00,1040.9350288591588,1032.7536897779798,1
2022-08-20 00:00:00+00:00,1039.0980876845556,1032.7536897779798,1
2022-08-20 04:00:00+00:00,1038.1577487499374,1032.7536897779798,1
2022-08-20 08:00:00+00:00,1039.0434168162637,1032.7536897779798,1
2022-08-20 12:00:00+00:00,1039.6229280201565,1032.7536897779798,1
2022-08-20 16:00:00+00:00,1042.826640902054,1032.7536897779798,1
2022-08-20 20:00:00+00:00,1040.9459630328172,1032.7536897779798,1
2022-08-21 00:00:00+00:00,1040.7491479069668,1032.7536897779798,1
2022-08-21 04:00:00+00:00,1039.3714420260144,1032.7536897779798,1
2022-08-21 08:00:00+00:00,1038.5951156962715,1032.7536897779798,1
2022-08-21 12:00:00+00:00,1039.360507852356,1032.7536897779798,1
2022-08-21 16:00:00+00:00,1038.8903383850468,1032.7536897779798,1
2022-08-21 20:00:00+00:00,1038.9450092533386,1032.7536897779798,1
2022-08-22 00:00:00+00:00,1039.6885330621067,1032.7536897779798,1
2022-08-22 04:00:00+00:00,1042.3783397820614,1032.7536897779798,1
2022-08-22 08:00:00+00:00,1041.623881799635,1032.7536897779798,1
2022-08-22 12:00:00+00:00,1041.0990414640341,1032.7536897779798,1
2022-08-22 16:00:00+00:00,1041.5692109313432,1032.7536897779798,1
2022-08-22 20:00:00+00:00,1039.3823761996728,1032.7536897779798,1
2022-08-23 00:00:00+00:00,1039.3167711577225,1032.7536897779798,1
2022-08-23 04:00:00+00:00,1040.4867277391663,1032.7536897779798,1
2022-08-23 08:00:00+00:00,1038.8794042113884,1032.7536897779798,1
2022-08-23 12:00:00+00:00,1037.2392781626356,1032.7536897779798,1
2022-08-23 16:00:00+00:00,1036.5584058259487,1036.5584058259487,0
2022-08-23 20:00:00+00:00,1036.5584058259487,1036.5584058259487,0
2022-08-24 00:00:00+00:00,1036.5584058259487,1036.5584058259487,0
2022-08-24 04:00:00+00:00,1036.5584058259487,1036.5584058259487,0
2022-08-24 08:00:00+00:00,1036.5584058259487,1036.5584058259487,0
2022-08-24 12:00:00+00:00,1036.5584058259487,1036.5584058259487,0
2022-08-24 16:00:00+00:00,1036.5584058259487,1036.5584058259487,0
2022-08-24 20:00:00+00:00,1036.5584058259487,1036.5584058259487,0
2022-08-25 00:00:00+00:00,1036.5584058259487,1036.5584058259487,0
2022-08-25 04:00:00+00:00,1036.5584058259487,1036.5584058259487,0
2022-08-25 08:00:00+00:00,1036.5584058259487,1036.5584058259487,0
2022-08-25 12:00:00+00:00,1036.5584058259487,1036.5584058259487,0
2022-08-25 16:00:00+00:00,1036.5584058259487,1036.5584058259487,0
2022-08-25 20:00:00+00:00,1036.5584058259487,1036.5584058259487,0
2022-08-26 00:00:00+00:00,1036.5584058259487,1036.5584058259487,0
2022-08-26 04:00:00+00:00,1036.5584058259487,1036.5584058259487,0
2022-08-26 08:00:00+00:00,1036.5584058259487,1036.5584058259487,0
2022-08-26 12:00:00+00:00,1036.5584058259487,1036.5584058259487,0
2022-08-26 16:00:00+00:00,1036.5584058259487,1036.5584058259487,0
2022-08-26 20:00:00+00:00,1036.5584058259487,1036.5584058259487,0
2022-08-27 00:00:00+00:00,1036.5584058259487,1036.5584058259487,0
2022-08-27 04:00:00+00:00,1036.5584058259487,1036.5584058259487,0
2022-08-27 08:00:00+00:00,1036.5584058259487,1036.5584058259487,0
2022-08-27 12:00:00+00:00,1036.5584058259487,1036.5584058259487,0
2022-08-27 16:00:00+00:00,1036.5584058259487,1036.5584058259487,0
2022-08-27 20:00:00+00:00,1036.5584058259487,1036.5584058259487,0
2022-08-28 00:00:00+00:00,1036.5584058259487,1036.5584058259487,0
2022-08-28 04:00:00+00:00,1036.5584058259487,1036.5584058259487,0
2022-08-28 08:00:00+00:00,1036.5584058259487,1036.5584058259487,0
2022-08-28 12:00:00+00:00,1036.5584058259487,1036.5584058259487,0
2022-08-28 16:00:00+00:00,1036.5584058259487,1036.5584058259487,0
2022-08-28 20:00:00+00:00,1036.5584058259487,1036.5584058259487,0
2022-08-29 00:00:00+00:00,1036.5584058259487,1036.5584058259487,0
2022-08-29 04:00:00+00:00,1036.5584058259487,1036.5584058259487,0
2022-08-29 08:00:00+00:00,1036.5584058259487,1036.5584058259487,0
2022-08-29 12:00:00+00:00,1036.5584058259487,1036.5584058259487,0
2022-08-29 16:00:00+00:00,1036.5584058259487,1036.5584058259487,0
2022-08-29 20:00:00+00:00,1036.5584058259487,1036.5584058259487,0
2022-08-30 00:00:00+00:00,1036.5584058259487,1036.5584058259487,0
2022-08-30 04:00:00+00:00,1036.5584058259487,1036.5584058259487,0
2022-08-30 08:00:00+00:00,1036.5584058259487,1036.5584058259487,0
2022-08-30 12:00:00+00:00,1036.5584058259487,1036.5584058259487,0
2022-08-30 16:00:00+00:00,1036.5584058259487,1036.5584058259487,0
2022-08-30 20:00:00+00:00,1036.5584058259487,1036.5584058259487,0
2022-08-31 00:00:00+00:00,1036.5584058259487,1036.5584058259487,0
2022-08-31 04:00:00+00:00,1036.5584058259487,1036.5584058259487,0
2022-08-31 08:00:00+00:00,1036.5584058259487,1036.5584058259487,0
2022-08-31 12:00:00+00:00,1036.5584058259487,1036.5584058259487,0
2022-08-31 16:00:00+00:00,1036.5584058259487,1036.5584058259487,0
2022-08-31 20:00:00+00:00,1036.5584058259487,1036.5584058259487,0
2022-09-01 00:00:00+00:00,1036.5584058259487,1036.5584058259487,0
2022-09-01 04:00:00+00:00,1036.5584058259487,1036.5584058259487,0
2022-09-01 08:00:00+00:00,1036.5584058259487,1036.5584058259487,0
2022-09-01 12:00:00+00:00,1036.5584058259487,1036.5584058259487,0
2022-09-01 16:00:00+00:00,1036.5584058259487,1036.5584058259487,0
2022-09-01 20:00:00+00:00,1036.5584058259487,1036.5584058259487,0
2022-09-02 00:00:00+00:00,1036.5584058259487,1036.5584058259487,0
2022-09-02 04:00:00+00:00,1036.5584058259487,1036.5584058259487,0
2022-09-02 08:00:00+00:00,1036.5584058259487,1036.5584058259487,0
2022-09-02 12:00:00+00:00,1036.5584058259487,1036.5584058259487,0
2022-09-02 16:00:00+00:00,1036.5584058259487,1036.5584058259487,0
2022-09-02 20:00:00+00:00,1036.5584058259487,1036.5584058259487,0
2022-09-03 00:00:00+00:00,1036.5584058259487,1036.5584058259487,0
2022-09-03 04:00:00+00:00,1036.5584058259487,1036.5584058259487,0
2022-09-03 08:00:00+00:00,1036.5584058259487,1036.5584058259487,0
2022-09-03 12:00:00+00:00,1036.5584058259487,1036.5584058259487,0
2022-09-03 16:00:00+00:00,1036.5584058259487,1036.5584058259487,0
2022-09-03 20:00:00+00:00,1036.5584058259487,1036.5584058259487,0
2022-09-04 00:00:00+00:00,1036.5584058259487,1036.5584058259487,0
2022-09-04 04:00:00+00:00,1036.5584058259487,1036.5584058259487,0
2022-09-04 08:00:00+00:00,1036.5584058259487,1036.5584058259487,0
2022-09-04 12:00:00+00:00,1036.5584058259487,1036.5584058259487,0
2022-09-04 16:00:00+00:00,1036.5584058259487,1036.5584058259487,0
2022-09-04 20:00:00+00:00,1036.5584058259487,1036.5584058259487,0
2022-09-05 00:00:00+00:00,1036.5584058259487,1036.5584058259487,0
2022-09-05 04:00:00+00:00,1036.5584058259487,1036.5584058259487,0
2022-09-05 08:00:00+00:00,1036.5584058259487,1036.5584058259487,0
2022-09-05 12:00:00+00:00,1036.5584058259487,1036.5584058259487,0
2022-09-05 16:00:00+00:00,1036.5584058259487,1036.5584058259487,0
2022-09-05 20:00:00+00:00,1036.5584058259487,1036.5584058259487,0
2022-09-06 00:00:00+00:00,1036.5584058259487,1036.5584058259487,0
2022-09-06 04:00:00+00:00,1036.5584058259487,1036.5584058259487,0
2022-09-06 08:00:00+00:00,1036.5584058259487,1036.5584058259487,0
2022-09-06 12:00:00+00:00,1036.5584058259487,1036.5584058259487,0
2022-09-06 16:00:00+00:00,1036.5584058259487,1036.5584058259487,0
2022-09-06 20:00:00+00:00,1036.5584058259487,1036.5584058259487,0
2022-09-07 00:00:00+00:00,1036.5584058259487,1036.5584058259487,0
2022-09-07 04:00:00+00:00,1036.5584058259487,1036.5584058259487,0
2022-09-07 08:00:00+00:00,1036.5584058259487,1036.5584058259487,0
2022-09-07 12:00:00+00:00,1036.5584058259487,1036.5584058259487,0
2022-09-07 16:00:00+00:00,1036.5584058259487,1036.5584058259487,0
2022-09-07 20:00:00+00:00,1036.5584058259487,1036.5584058259487,0
2022-09-08 00:00:00+00:00,1036.5584058259487,1036.5584058259487,0
2022-09-08 04:00:00+00:00,1036.5584058259487,1036.5584058259487,0
2022-09-08 08:00:00+00:00,1036.5584058259487,1036.5584058259487,0
2022-09-08 12:00:00+00:00,1036.5584058259487,1036.5584058259487,0
2022-09-08 16:00:00+00:00,1036.5584058259487,1036.5584058259487,0
2022-09-08 20:00:00+00:00,1036.5584058259487,1036.5584058259487,0
2022-09-09 00:00:00+00:00,1036.5584058259487,1036.5584058259487,0
2022-09-09 04:00:00+00:00,1036.5584058259487,1036.5584058259487,0
2022-09-09 08:00:00+00:00,1036.5584058259487,1036.5584058259487,0
2022-09-09 12:00:00+00:00,1036.5584058259487,1036.5584058259487,0
2022-09-09 16:00:00+00:00,1036.5584058259487,1036.5584058259487,0
2022-09-09 20:00:00+00:00,1036.5584058259487,1036.5584058259487,0
2022-09-10 00:00:00+00:00,1036.5584058259487,1036.5584058259487,0
2022-09-10 04:00:00+00:00,1036.5584058259487,1036.5584058259487,0
2022-09-10 08:00:00+00:00,1036.5584058259487,1036.5584058259487,0
2022-09-10 12:00:00+00:00,1036.5584058259487,1036.5584058259487,0
2022-09-10 16:00:00+00:00,1035.170119065167,1036.4856365136382,1
2022-09-10 20:00:00+00:00,1035.3547222012696,1036.4856365136382,1
2022-09-11 00:00:00+00:00,1036.0079332982486,1036.4856365136382,1
2022-09-11 04:00:00+00:00,1035.0139164115415,1036.4856365136382,1
2022-09-11 08:00:00+00:00,1034.7583120692454,1036.4856365136382,1
2022-09-11 12:00:00+00:00,1034.6021094156201,1036.4856365136382,1
2022-09-11 16:00:00+00:00,1034.4743072444721,1036.4856365136382,1
2022-09-11 20:00:00+00:00,1033.735894700061,1036.4856365136382,1
2022-09-12 00:00:00+00:00,1031.3528493350777,1031.3528493350777,0
2022-09-12 04:00:00+00:00,1031.3528493350777,1031.3528493350777,0
2022-09-12 08:00:00+00:00,1031.3528493350777,1031.3528493350777,0
2022-09-12 12:00:00+00:00,1031.3528493350777,1031.3528493350777,0
2022-09-12 16:00:00+00:00,1031.3528493350777,1031.3528493350777,0
2022-09-12 20:00:00+00:00,1031.3528493350777,1031.3528493350777,0
2022-09-13 00:00:00+00:00,1031.3528493350777,1031.3528493350777,0
2022-09-13 04:00:00+00:00,1031.3528493350777,1031.3528493350777,0
2022-09-13 08:00:00+00:00,1031.3528493350777,1031.3528493350777,0
2022-09-13 12:00:00+00:00,1025.629068725258,1031.2860951053474,1
2022-09-13 16:00:00+00:00,1026.2089415525231,1026.2089415525231,0
2022-09-13 20:00:00+00:00,1026.2089415525231,1026.2089415525231,0
2022-09-14 00:00:00+00:00,1026.2089415525231,1026.2089415525231,0
2022-09-14 04:00:00+00:00,1026.2089415525231,1026.2089415525231,0
2022-09-14 08:00:00+00:00,1026.2089415525231,1026.2089415525231,0
2022-09-14 12:00:00+00:00,1026.2089415525231,1026.2089415525231,0
2022-09-14 16:00:00+00:00,1026.2089415525231,1026.2089415525231,0
2022-09-14 20:00:00+00:00,1026.2089415525231,1026.2089415525231,0
2022-09-15 00:00:00+00:00,1026.2089415525231,1026.2089415525231,0
2022-09-15 04:00:00+00:00,1026.2089415525231,1026.2089415525231,0
2022-09-15 08:00:00+00:00,1026.2089415525231,1026.2089415525231,0
2022-09-15 12:00:00+00:00,1026.2089415525231,1026.2089415525231,0
2022-09-15 16:00:00+00:00,1026.2089415525231,1026.2089415525231,0
2022-09-15 20:00:00+00:00,1026.2089415525231,1026.2089415525231,0
2022-09-16 00:00:00+00:00,1026.2089415525231,1026.2089415525231,0
2022-09-16 04:00:00+00:00,1026.2089415525231,1026.2089415525231,0
2022-09-16 08:00:00+00:00,1026.2089415525231,1026.2089415525231,0
2022-09-16 12:00:00+00:00,1026.2089415525231,1026.2089415525231,0
2022-09-16 16:00:00+00:00,1026.2089415525231,1026.2089415525231,0
2022-09-16 20:00:00+00:00,1026.2089415525231,1026.2089415525231,0
2022-09-17 00:00:00+00:00,1026.2089415525231,1026.2089415525231,0
2022-09-17 04:00:00+00:00,1026.2089415525231,1026.2089415525231,0
2022-09-17 08:00:00+00:00,1026.2089415525231,1026.2089415525231,0
2022-09-17 12:00:00+00:00,1026.2089415525231,1026.2089415525231,0
2022-09-17 16:00:00+00:00,1026.2089415525231,1026.2089415525231,0
2022-09-17 20:00:00+00:00,1026.2089415525231,1026.2089415525231,0
2022-09-18 00:00:00+00:00,1026.2089415525231,1026.2089415525231,0
2022-09-18 04:00:00+00:00,1026.2089415525231,1026.2089415525231,0
2022-09-18 08:00:00+00:00,1026.2089415525231,1026.2089415525231,0
2022-09-18 12:00:00+00:00,1026.2089415525231,1026.2089415525231,0
2022-09-18 16:00:00+00:00,1026.2089415525231,1026.2089415525231,0
2022-09-18 20:00:00+00:00,1028.9818691457574,1026.1408331253413,1
2022-09-19 00:00:00+00:00,1031.4494638080773,1026.1408331253413,1
2022-09-19 04:00:00+00:00,1030.9687795765326,1026.1408331253413,1
2022-09-19 08:00:00+00:00,1030.619527618825,1026.1408331253413,1
2022-09-19 12:00:00+00:00,1028.5277181901517,1026.1408331253413,1
2022-09-19 16:00:00+00:00,1027.2670790565885,1026.1408331253413,1
2022-09-19 20:00:00+00:00,1026.4285041263329,1026.1408331253413,1
2022-09-20 00:00:00+00:00,1027.722464118052,1026.1408331253413,1
2022-09-20 04:00:00+00:00,1027.5015591695371,1026.1408331253413,1
2022-09-20 08:00:00+00:00,1027.6342255492318,1026.1408331253413,1
2022-09-20 12:00:00+00:00,1026.3402655575128,1026.1408331253413,1
2022-09-20 16:00:00+00:00,1027.9001753615498,1026.1408331253413,1
2022-09-20 20:00:00+00:00,1029.6970334902508,1026.1408331253413,1
2022-09-21 00:00:00+00:00,1028.8097113786189,1026.1408331253413,1
2022-09-21 04:00:00+00:00,1029.1423029072487,1026.1408331253413,1
2022-09-21 08:00:00+00:00,1027.9840945598683,1026.1408331253413,1
2022-09-21 12:00:00+00:00,1028.4512036269791,1026.1408331253413,1
2022-09-21 16:00:00+00:00,1029.6655637908814,1026.1408331253413,1
2022-09-21 20:00:00+00:00,1034.5032587527685,1026.1408331253413,1
2022-09-22 00:00:00+00:00,1033.404904539483,1026.1408331253413,1
2022-09-22 04:00:00+00:00,1032.4601965054717,1026.1408331253413,1
2022-09-22 08:00:00+00:00,1030.5911431840996,1026.1408331253413,1
2022-09-22 12:00:00+00:00,1032.8804095499927,1026.1408331253413,1
2022-09-22 16:00:00+00:00,1029.231944357908,1029.231944357908,0
2022-09-22 20:00:00+00:00,1029.231944357908,1029.231944357908,0
2022-09-23 00:00:00+00:00,1029.231944357908,1029.231944357908,0
2022-09-23 04:00:00+00:00,1029.231944357908,1029.231944357908,0
2022-09-23 08:00:00+00:00,1029.231944357908,1029.231944357908,0
2022-09-23 12:00:00+00:00,1029.231944357908,1029.231944357908,0
2022-09-23 16:00:00+00:00,1029.231944357908,1029.231944357908,0
2022-09-23 20:00:00+00:00,1029.231944357908,1029.231944357908,0
2022-09-24 00:00:00+00:00,1029.231944357908,1029.231944357908,0
2022-09-24 04:00:00+00:00,1029.231944357908,1029.231944357908,0
2022-09-24 08:00:00+00:00,1029.231944357908,1029.231944357908,0
2022-09-24 12:00:00+00:00,1029.231944357908,1029.231944357908,0
2022-09-24 16:00:00+00:00,1029.231944357908,1029.231944357908,0
2022-09-24 20:00:00+00:00,1029.231944357908,1029.231944357908,0
2022-09-25 00:00:00+00:00,1029.231944357908,1029.231944357908,0
2022-09-25 04:00:00+00:00,1029.231944357908,1029.231944357908,0
2022-09-25 08:00:00+00:00,1029.231944357908,1029.231944357908,0
2022-09-25 12:00:00+00:00,1029.231944357908,1029.231944357908,0
2022-09-25 16:00:00+00:00,1029.231944357908,1029.231944357908,0
2022-09-25 20:00:00+00:00,1029.231944357908,1029.231944357908,0
2022-09-26 00:00:00+00:00,1029.231944357908,1029.231944357908,0
2022-09-26 04:00:00+00:00,1029.231944357908,1029.231944357908,0
2022-09-26 08:00:00+00:00,1029.231944357908,1029.231944357908,0
2022-09-26 12:00:00+00:00,1029.231944357908,1029.231944357908,0
2022-09-26 16:00:00+00:00,1029.231944357908,1029.231944357908,0
2022-09-26 20:00:00+00:00,1029.231944357908,1029.231944357908,0
2022-09-27 00:00:00+00:00,1029.231944357908,1029.231944357908,0
2022-09-27 04:00:00+00:00,1029.231944357908,1029.231944357908,0
2022-09-27 08:00:00+00:00,1029.231944357908,1029.231944357908,0
2022-09-27 12:00:00+00:00,1029.231944357908,1029.231944357908,0
2022-09-27 16:00:00+00:00,1029.231944357908,1029.231944357908,0
2022-09-27 20:00:00+00:00,1029.231944357908,1029.231944357908,0
2022-09-28 00:00:00+00:00,1029.231944357908,1029.231944357908,0
2022-09-28 04:00:00+00:00,1029.231944357908,1029.231944357908,0
2022-09-28 08:00:00+00:00,1029.231944357908,1029.231944357908,0
2022-09-28 12:00:00+00:00,1029.231944357908,1029.231944357908,0
2022-09-28 16:00:00+00:00,1029.231944357908,1029.231944357908,0
2022-09-28 20:00:00+00:00,1029.231944357908,1029.231944357908,0
2022-09-29 00:00:00+00:00,1029.231944357908,1029.231944357908,0
2022-09-29 04:00:00+00:00,1029.231944357908,1029.231944357908,0
2022-09-29 08:00:00+00:00,1029.231944357908,1029.231944357908,0
2022-09-29 12:00:00+00:00,1029.231944357908,1029.231944357908,0
2022-09-29 16:00:00+00:00,1029.231944357908,1029.231944357908,0
2022-09-29 20:00:00+00:00,1029.231944357908,1029.231944357908,0
2022-09-30 00:00:00+00:00,1029.231944357908,1029.231944357908,0
2022-09-30 04:00:00+00:00,1029.231944357908,1029.231944357908,0
2022-09-30 08:00:00+00:00,1029.231944357908,1029.231944357908,0
2022-09-30 12:00:00+00:00,1029.231944357908,1029.231944357908,0
2022-09-30 16:00:00+00:00,1029.231944357908,1029.231944357908,0
2022-09-30 20:00:00+00:00,1029.231944357908,1029.231944357908,0
2022-10-01 00:00:00+00:00,1029.231944357908,1029.231944357908,0
2022-10-01 04:00:00+00:00,1029.231944357908,1029.231944357908,0
2022-10-01 08:00:00+00:00,1029.231944357908,1029.231944357908,0
2022-10-01 12:00:00+00:00,1029.231944357908,1029.231944357908,0
2022-10-01 16:00:00+00:00,1029.231944357908,1029.231944357908,0
2022-10-01 20:00:00+00:00,1029.231944357908,1029.231944357908,0
2022-10-02 00:00:00+00:00,1029.231944357908,1029.231944357908,0
2022-10-02 04:00:00+00:00,1029.231944357908,1029.231944357908,0
2022-10-02 08:00:00+00:00,1029.231944357908,1029.231944357908,0
2022-10-02 12:00:00+00:00,1029.231944357908,1029.231944357908,0
2022-10-02 16:00:00+00:00,1029.231944357908,1029.231944357908,0
2022-10-02 20:00:00+00:00,1029.231944357908,1029.231944357908,0
2022-10-03 00:00:00+00:00,1029.231944357908,1029.231944357908,0
2022-10-03 04:00:00+00:00,1029.231944357908,1029.231944357908,0
2022-10-03 08:00:00+00:00,1029.231944357908,1029.231944357908,0
2022-10-03 12:00:00+00:00,1029.231944357908,1029.231944357908,0
2022-10-03 16:00:00+00:00,1029.231944357908,1029.231944357908,0
2022-10-03 20:00:00+00:00,1029.231944357908,1029.231944357908,0
2022-10-04 00:00:00+00:00,1029.231944357908,1029.231944357908,0
2022-10-04 04:00:00+00:00,1029.231944357908,1029.231944357908,0
2022-10-04 08:00:00+00:00,1029.231944357908,1029.231944357908,0
2022-10-04 12:00:00+00:00,1029.231944357908,1029.231944357908,0
2022-10-04 16:00:00+00:00,1029.231944357908,1029.231944357908,0
2022-10-04 20:00:00+00:00,1029.231944357908,1029.231944357908,0
2022-10-05 00:00:00+00:00,1029.231944357908,1029.231944357908,0
2022-10-05 04:00:00+00:00,1029.231944357908,1029.231944357908,0
2022-10-05 08:00:00+00:00,1029.231944357908,1029.231944357908,0
2022-10-05 12:00:00+00:00,1029.231944357908,1029.231944357908,0
2022-10-05 16:00:00+00:00,1029.231944357908,1029.231944357908,0
2022-10-05 20:00:00+00:00,1027.6836183976775,1029.1653274035807,1
2022-10-06 00:00:00+00:00,1029.1402581314726,1029.1653274035807,1
2022-10-06 04:00:00+00:00,1028.7384264807704,1029.1653274035807,1
2022-10-06 08:00:00+00:00,1029.240716044148,1029.1653274035807,1
2022-10-06 12:00:00+00:00,1028.6714545389868,1029.1653274035807,1
2022-10-06 16:00:00+00:00,1029.0565432042429,1029.1653274035807,1
2022-10-06 20:00:00+00:00,1028.4537957281898,1029.1653274035807,1
2022-10-07 00:00:00+00:00,1027.7673333249072,1029.1653274035807,1
2022-10-07 04:00:00+00:00,1027.817562281245,1029.1653274035807,1
2022-10-07 08:00:00+00:00,1027.9515061648124,1029.1653274035807,1
2022-10-07 12:00:00+00:00,1028.4370527427438,1029.1653274035807,1
2022-10-07 16:00:00+00:00,1032.6395420896695,1029.1653274035807,1
2022-10-07 20:00:00+00:00,1032.5055982061021,1029.1653274035807,1
2022-10-08 00:00:00+00:00,1033.8450370417756,1029.1653274035807,1
2022-10-08 04:00:00+00:00,1032.8739438859125,1029.1653274035807,1
2022-10-08 08:00:00+00:00,1032.7734859732368,1029.1653274035807,1
2022-10-08 12:00:00+00:00,1032.8906868713584,1029.1653274035807,1
2022-10-08 16:00:00+00:00,1032.6730280605614,1029.1653274035807,1
2022-10-08 20:00:00+00:00,1032.4218832788727,1029.1653274035807,1
2022-10-09 00:00:00+00:00,1031.300103253996,1029.1653274035807,1
2022-10-09 04:00:00+00:00,1032.338168351643,1029.1653274035807,1
2022-10-09 08:00:00+00:00,1032.7232570168992,1029.1653274035807,1
2022-10-09 12:00:00+00:00,1034.1296677943562,1029.1653274035807,1
2022-10-09 16:00:00+00:00,1036.222540975096,1029.1653274035807,1
2022-10-09 20:00:00+00:00,1035.0337890084359,1029.1653274035807,1
2022-10-10 00:00:00+00:00,1034.799387212193,1029.1653274035807,1
2022-10-10 04:00:00+00:00,1033.3427474783982,1029.1653274035807,1
2022-10-10 08:00:00+00:00,1032.6060561187778,1029.1653274035807,1
2022-10-10 12:00:00+00:00,1033.3762334492899,1029.1653274035807,1
2022-10-10 16:00:00+00:00,1033.1083456821552,1029.1653274035807,1
2022-10-10 20:00:00+00:00,1030.9669688788356,1030.9669688788356,0
2022-10-11 00:00:00+00:00,1030.9669688788356,1030.9669688788356,0
2022-10-11 04:00:00+00:00,1030.9669688788356,1030.9669688788356,0
2022-10-11 08:00:00+00:00,1030.9669688788356,1030.9669688788356,0
2022-10-11 12:00:00+00:00,1030.9669688788356,1030.9669688788356,0
2022-10-11 16:00:00+00:00,1030.9669688788356,1030.9669688788356,0
2022-10-11 20:00:00+00:00,1030.9669688788356,1030.9669688788356,0
2022-10-12 00:00:00+00:00,1030.9669688788356,1030.9669688788356,0
2022-10-12 04:00:00+00:00,1030.9669688788356,1030.9669688788356,0
2022-10-12 08:00:00+00:00,1030.9669688788356,1030.9669688788356,0
2022-10-12 12:00:00+00:00,1030.9669688788356,1030.9669688788356,0
2022-10-12 16:00:00+00:00,1030.9669688788356,1030.9669688788356,0
2022-10-12 20:00:00+00:00,1030.9669688788356,1030.9669688788356,0
2022-10-13 00:00:00+00:00,1032.9422582626707,1030.870784000467,1
2022-10-13 04:00:00+00:00,1036.8567101297836,1030.870784000467,1
2022-10-13 08:00:00+00:00,1038.3820018764163,1030.791659012067,2
2022-10-13 12:00:00+00:00,1034.0037863559648,1034.6661590182323,1
2022-10-13 16:00:00+00:00,1031.6548545775622,1034.6661590182323,1
2022-10-13 20:00:00+00:00,1031.5243583676508,1034.6661590182323,1
2022-10-14 00:00:00+00:00,1029.5440681664131,1029.5440681664131,0
2022-10-14 04:00:00+00:00,1029.5440681664131,1029.5440681664131,0
2022-10-14 08:00:00+00:00,1029.5440681664131,1029.5440681664131,0
2022-10-14 12:00:00+00:00,1029.5440681664131,1029.5440681664131,0
2022-10-14 16:00:00+00:00,1029.5440681664131,1029.5440681664131,0
2022-10-14 20:00:00+00:00,1029.5440681664131,1029.5440681664131,0
2022-10-15 00:00:00+00:00,1029.5440681664131,1029.5440681664131,0
2022-10-15 04:00:00+00:00,1029.5440681664131,1029.5440681664131,0
2022-10-15 08:00:00+00:00,1029.5440681664131,1029.5440681664131,0
2022-10-15 12:00:00+00:00,1029.5440681664131,1029.5440681664131,0
2022-10-15 16:00:00+00:00,1029.5440681664131,1029.5440681664131,0
2022-10-15 20:00:00+00:00,1029.5440681664131,1029.5440681664131,0
2022-10-16 00:00:00+00:00,1029.5440681664131,1029.5440681664131,0
2022-10-16 04:00:00+00:00,1029.5440681664131,1029.5440681664131,0
2022-10-16 08:00:00+00:00,1029.5440681664131,1029.5440681664131,0
2022-10-16 12:00:00+00:00,1029.5440681664131,1029.5440681664131,0
2022-10-16 16:00:00+00:00,1029.5440681664131,1029.5440681664131,0
2022-10-16 20:00:00+00:00,1029.5440681664131,1029.5440681664131,0
2022-10-17 00:00:00+00:00,1029.5440681664131,1029.5440681664131,0
2022-10-17 04:00:00+00:00,1029.5440681664131,1029.5440681664131,0
2022-10-17 08:00:00+00:00,1029.5440681664131,1029.5440681664131,0
2022-10-17 12:00:00+00:00,1029.5440681664131,1029.5440681664131,0
2022-10-17 16:00:00+00:00,1029.5440681664131,1029.5440681664131,0
2022-10-17 20:00:00+00:00,1029.5440681664131,1029.5440681664131,0
2022-10-18 00:00:00+00:00,1029.5440681664131,1029.5440681664131,0
2022-10-18 04:00:00+00:00,1029.5440681664131,1029.5440681664131,0
2022-10-18 08:00:00+00:00,1029.5440681664131,1029.5440681664131,0
2022-10-18 12:00:00+00:00,1029.5440681664131,1029.5440681664131,0
2022-10-18 16:00:00+00:00,1029.5440681664131,1029.5440681664131,0
2022-10-18 20:00:00+00:00,1029.5440681664131,1029.5440681664131,0
2022-10-19 00:00:00+00:00,1029.5440681664131,1029.5440681664131,0
2022-10-19 04:00:00+00:00,1029.5440681664131,1029.5440681664131,0
2022-10-19 08:00:00+00:00,1029.5440681664131,1029.5440681664131,0
2022-10-19 12:00:00+00:00,1029.5440681664131,1029.5440681664131,0
2022-10-19 16:00:00+00:00,1029.5440681664131,1029.5440681664131,0
2022-10-19 20:00:00+00:00,1029.5440681664131,1029.5440681664131,0
2022-10-20 00:00:00+00:00,1028.6473977425503,1029.4517423138168,1
2022-10-20 04:00:00+00:00,1028.1518960641108,1029.4517423138168,1
2022-10-20 08:00:00+00:00,1028.3500967354867,1029.4517423138168,1
2022-10-20 12:00:00+00:00,1028.383130180716,1029.4517423138168,1
2022-10-20 16:00:00+00:00,1031.98377571071,1029.4517423138168,1
2022-10-20 20:00:00+00:00,1032.5783777248373,1029.4517423138168,1
2022-10-21 00:00:00+00:00,1032.6774780605253,1029.4517423138168,1
2022-10-21 04:00:00+00:00,1033.4702807460285,1029.4517423138168,1
2022-10-21 08:00:00+00:00,1034.5603844385955,1029.4517423138168,1
2022-10-21 12:00:00+00:00,1031.6204078131875,1029.4517423138168,1
2022-10-21 16:00:00+00:00,1030.0348024421812,1029.4517423138168,1
2022-10-21 20:00:00+00:00,1029.6053676542,1029.4517423138168,1
2022-10-22 00:00:00+00:00,1030.365136894474,1029.4517423138168,1
2022-10-22 04:00:00+00:00,1030.2990700040154,1029.4517423138168,1
2022-10-22 08:00:00+00:00,1028.9116653043848,1029.4517423138168,1
2022-10-22 12:00:00+00:00,1029.3080666471365,1029.4517423138168,1
2022-10-22 16:00:00+00:00,1029.4402004280537,1029.4517423138168,1
2022-10-22 20:00:00+00:00,1028.8786318591556,1029.4517423138168,1
2022-10-23 00:00:00+00:00,1028.1518960641108,1029.4517423138168,1
2022-10-23 04:00:00+00:00,1029.043799085302,1029.4517423138168,1
2022-10-23 08:00:00+00:00,1030.3321034492449,1029.4517423138168,1
2022-10-23 12:00:00+00:00,1028.9116653043848,1029.4517423138168,1
2022-10-23 16:00:00+00:00,1027.8545950570472,1029.4517423138168,1
2022-10-23 20:00:00+00:00,1025.3770866648495,1029.4517423138168,1
2022-10-24 00:00:00+00:00,1024.2649441620217,1024.2649441620217,0
2022-10-24 04:00:00+00:00,1024.2649441620217,1024.2649441620217,0
2022-10-24 08:00:00+00:00,1024.2649441620217,1024.2649441620217,0
2022-10-24 12:00:00+00:00,1024.2649441620217,1024.2649441620217,0
2022-10-24 16:00:00+00:00,1024.2649441620217,1024.2649441620217,0
2022-10-24 20:00:00+00:00,1024.2649441620217,1024.2649441620217,0
2022-10-25 00:00:00+00:00,1024.2649441620217,1024.2649441620217,0
2022-10-25 04:00:00+00:00,1024.2649441620217,1024.2649441620217,0
2022-10-25 08:00:00+00:00,1024.2649441620217,1024.2649441620217,0
2022-10-25 12:00:00+00:00,1024.2649441620217,1024.2649441620217,0
2022-10-25 16:00:00+00:00,1024.2649441620217,1024.2649441620217,0
2022-10-25 20:00:00+00:00,1024.2649441620217,1024.2649441620217,0
2022-10-26 00:00:00+00:00,1024.2649441620217,1024.2649441620217,0
2022-10-26 04:00:00+00:00,1024.2649441620217,1024.2649441620217,0
2022-10-26 08:00:00+00:00,1024.2649441620217,1024.2649441620217,0
2022-10-26 12:00:00+00:00,1024.2649441620217,1024.2649441620217,0
2022-10-26 16:00:00+00:00,1024.2649441620217,1024.2649441620217,0
2022-10-26 20:00:00+00:00,1024.2649441620217,1024.2649441620217,0
2022-10-27 00:00:00+00:00,1024.2649441620217,1024.2649441620217,0
2022-10-27 04:00:00+00:00,1024.2649441620217,1024.2649441620217,0
2022-10-27 08:00:00+00:00,1024.2649441620217,1024.2649441620217,0
2022-10-27 12:00:00+00:00,1024.2649441620217,1024.2649441620217,0
2022-10-27 16:00:00+00:00,1024.2649441620217,1024.2649441620217,0
2022-10-27 20:00:00+00:00,1018.1795613106319,1024.1986486963801,1
2022-10-28 00:00:00+00:00,1019.1563875501214,1019.1563875501214,0
2022-10-28 04:00:00+00:00,1019.1563875501214,1019.1563875501214,0
2022-10-28 08:00:00+00:00,1019.1563875501214,1019.1563875501214,0
2022-10-28 12:00:00+00:00,1019.1563875501214,1019.1563875501214,0
2022-10-28 16:00:00+00:00,1019.1563875501214,1019.1563875501214,0
2022-10-28 20:00:00+00:00,1019.1563875501214,1019.1563875501214,0
2022-10-29 00:00:00+00:00,1019.1563875501214,1019.1563875501214,0
2022-10-29 04:00:00+00:00,1019.1563875501214,1019.1563875501214,0
2022-10-29 08:00:00+00:00,1019.1563875501214,1019.1563875501214,0
2022-10-29 12:00:00+00:00,1019.1563875501214,1019.1563875501214,0
2022-10-29 16:00:00+00:00,1019.1563875501214,1019.1563875501214,0
2022-10-29 20:00:00+00:00,1019.1563875501214,1019.1563875501214,0
2022-10-30 00:00:00+00:00,1019.1563875501214,1019.1563875501214,0
2022-10-30 04:00:00+00:00,1019.1563875501214,1019.1563875501214,0
2022-10-30 08:00:00+00:00,1019.1563875501214,1019.1563875501214,0
2022-10-30 12:00:00+00:00,1019.1563875501214,1019.1563875501214,0
2022-10-30 16:00:00+00:00,1019.1563875501214,1019.1563875501214,0
2022-10-30 20:00:00+00:00,1019.1563875501214,1019.1563875501214,0
2022-10-31 00:00:00+00:00,1019.1563875501214,1019.1563875501214,0
2022-10-31 04:00:00+00:00,1019.1563875501214,1019.1563875501214,0
2022-10-31 08:00:00+00:00,1019.1563875501214,1019.1563875501214,0
2022-10-31 12:00:00+00:00,1016.3362807792031,1019.0235188232817,2
2022-10-31 16:00:00+00:00,1016.1213633812926,1019.0235188232817,2
2022-10-31 20:00:00+00:00,1017.3636054734673,1019.0235188232817,2
2022-11-01 00:00:00+00:00,1017.6041076200218,1019.0235188232817,2
2022-11-01 04:00:00+00:00,1018.0409490974247,1019.0235188232817,2
2022-11-01 08:00:00+00:00,1016.0938181237821,1019.0235188232817,2
2022-11-01 12:00:00+00:00,1013.7988577758003,1019.0235188232817,2
2022-11-01 16:00:00+00:00,1014.2742070321508,1019.0235188232817,2
2022-11-01 20:00:00+00:00,1014.099866610412,1019.0235188232817,2
2022-11-02 00:00:00+00:00,1013.704602460551,1019.0235188232817,2
2022-11-02 04:00:00+00:00,1011.8554675803838,1013.9651781185819,1
2022-11-02 08:00:00+00:00,1011.2940965315767,1013.9651781185819,1
2022-11-02 12:00:00+00:00,1010.8616891020902,1013.9651781185819,1
2022-11-02 16:00:00+00:00,1011.1272024359854,1013.9651781185819,1
2022-11-02 20:00:00+00:00,1011.2485799600518,1013.9651781185819,1
2022-11-03 00:00:00+00:00,1011.6936308816286,1013.9651781185819,1
2022-11-03 04:00:00+00:00,1011.5127980398155,1013.8863656628075,2
2022-11-03 08:00:00+00:00,1009.5145045778451,1013.8863656628075,2
2022-11-03 12:00:00+00:00,1009.8245891025083,1013.8863656628075,2
2022-11-03 16:00:00+00:00,1013.8087981266373,1013.8863656628075,2
2022-11-03 20:00:00+00:00,1011.0913440324103,1013.8863656628075,2
2022-11-04 00:00:00+00:00,1014.8403192028871,1013.8863656628075,2
2022-11-04 04:00:00+00:00,1018.490429179978,1013.8863656628075,2
2022-11-04 08:00:00+00:00,1020.1292136331889,1013.8863656628075,2
2022-11-04 12:00:00+00:00,1025.3815277629892,1013.8863656628075,2
2022-11-04 16:00:00+00:00,1028.837951056611,1013.8863656628075,2
2022-11-04 20:00:00+00:00,1026.351197779751,1013.8863656628075,2
2022-11-05 00:00:00+00:00,1027.839966623081,1013.8863656628075,2
2022-11-05 04:00:00+00:00,1029.9015552594665,1013.8863656628075,2
2022-11-05 08:00:00+00:00,1030.4218488338768,1013.8863656628075,2
2022-11-05 12:00:00+00:00,1030.5799330479883,1013.8863656628075,2
2022-11-05 16:00:00+00:00,1028.6710894114065,1013.8863656628075,2
2022-11-05 20:00:00+00:00,1027.5686221647138,1013.8863656628075,2
2022-11-06 00:00:00+00:00,1027.5370830358554,1013.8863656628075,2
2022-11-06 04:00:00+00:00,1029.3286287140634,1013.8863656628075,2
2022-11-06 08:00:00+00:00,1028.0891616942063,1013.8863656628075,2
2022-11-06 12:00:00+00:00,1027.6873155624344,1013.8863656628075,2
2022-11-06 16:00:00+00:00,1029.77130636515,1013.8863656628075,2
2022-11-06 20:00:00+00:00,1023.1307077654561,1013.8863656628075,2
2022-11-07 00:00:00+00:00,1027.2747655020012,1014.6313644746051,1
2022-11-07 04:00:00+00:00,1023.279819972489,1014.6313644746051,1
2022-11-07 08:00:00+00:00,1026.0933808317952,1014.6313644746051,1
2022-11-07 12:00:00+00:00,1024.134769404875,1014.6313644746051,1
2022-11-07 16:00:00+00:00,1021.869579413238,1021.869579413238,0
2022-11-07 20:00:00+00:00,1021.869579413238,1021.869579413238,0
2022-11-08 00:00:00+00:00,1021.869579413238,1021.869579413238,0
2022-11-08 04:00:00+00:00,1021.869579413238,1021.869579413238,0
2022-11-08 08:00:00+00:00,1021.869579413238,1021.869579413238,0
2022-11-08 12:00:00+00:00,1021.869579413238,1021.869579413238,0
2022-11-08 16:00:00+00:00,1021.869579413238,1021.869579413238,0
2022-11-08 20:00:00+00:00,1021.869579413238,1021.869579413238,0
2022-11-09 00:00:00+00:00,1021.869579413238,1021.869579413238,0
2022-11-09 04:00:00+00:00,1021.869579413238,1021.869579413238,0
2022-11-09 08:00:00+00:00,1021.869579413238,1021.869579413238,0
2022-11-09 12:00:00+00:00,1021.869579413238,1021.869579413238,0
2022-11-09 16:00:00+00:00,1021.869579413238,1021.869579413238,0
2022-11-09 20:00:00+00:00,1021.869579413238,1021.869579413238,0
2022-11-10 00:00:00+00:00,1021.869579413238,1021.869579413238,0
2022-11-10 04:00:00+00:00,1021.869579413238,1021.869579413238,0
2022-11-10 08:00:00+00:00,1021.869579413238,1021.869579413238,0
2022-11-10 12:00:00+00:00,1021.869579413238,1021.869579413238,0
2022-11-10 16:00:00+00:00,1021.869579413238,1021.869579413238,0
2022-11-10 20:00:00+00:00,1021.869579413238,1021.869579413238,0
2022-11-11 00:00:00+00:00,1021.869579413238,1021.869579413238,0
2022-11-11 04:00:00+00:00,1021.869579413238,1021.869579413238,0
2022-11-11 08:00:00+00:00,1021.869579413238,1021.869579413238,0
2022-11-11 12:00:00+00:00,1021.869579413238,1021.869579413238,0
2022-11-11 16:00:00+00:00,1021.869579413238,1021.869579413238,0
2022-11-11 20:00:00+00:00,1021.869579413238,1021.869579413238,0
2022-11-12 00:00:00+00:00,1021.869579413238,1021.869579413238,0
2022-11-12 04:00:00+00:00,1021.869579413238,1021.869579413238,0
2022-11-12 08:00:00+00:00,1021.869579413238,1021.869579413238,0
2022-11-12 12:00:00+00:00,1021.869579413238,1021.869579413238,0
2022-11-12 16:00:00+00:00,1021.869579413238,1021.869579413238,0
2022-11-12 20:00:00+00:00,1021.869579413238,1021.869579413238,0
2022-11-13 00:00:00+00:00,1021.869579413238,1021.869579413238,0
2022-11-13 04:00:00+00:00,1021.869579413238,1021.869579413238,0
2022-11-13 08:00:00+00:00,1021.869579413238,1021.869579413238,0
2022-11-13 12:00:00+00:00,1021.869579413238,1021.869579413238,0
2022-11-13 16:00:00+00:00,1021.869579413238,1021.869579413238,0
2022-11-13 20:00:00+00:00,1021.869579413238,1021.869579413238,0
2022-11-14 00:00:00+00:00,1021.869579413238,1021.869579413238,0
2022-11-14 04:00:00+00:00,1021.869579413238,1021.869579413238,0
2022-11-14 08:00:00+00:00,1021.869579413238,1021.869579413238,0
2022-11-14 12:00:00+00:00,1021.869579413238,1021.869579413238,0
2022-11-14 16:00:00+00:00,1021.869579413238,1021.869579413238,0
2022-11-14 20:00:00+00:00,1021.869579413238,1021.869579413238,0
2022-11-15 00:00:00+00:00,1021.869579413238,1021.869579413238,0
2022-11-15 04:00:00+00:00,1021.869579413238,1021.869579413238,0
2022-11-15 08:00:00+00:00,1021.869579413238,1021.869579413238,0
2022-11-15 12:00:00+00:00,1021.869579413238,1021.869579413238,0
2022-11-15 16:00:00+00:00,1021.869579413238,1021.869579413238,0
2022-11-15 20:00:00+00:00,1021.869579413238,1021.869579413238,0
2022-11-16 00:00:00+00:00,1021.869579413238,1021.869579413238,0
2022-11-16 04:00:00+00:00,1021.869579413238,1021.869579413238,0
2022-11-16 08:00:00+00:00,1021.869579413238,1021.869579413238,0
2022-11-16 12:00:00+00:00,1021.869579413238,1021.869579413238,0
2022-11-16 16:00:00+00:00,1021.869579413238,1021.869579413238,0
2022-11-16 20:00:00+00:00,1021.869579413238,1021.869579413238,0
2022-11-17 00:00:00+00:00,1021.869579413238,1021.869579413238,0
2022-11-17 04:00:00+00:00,1021.869579413238,1021.869579413238,0
2022-11-17 08:00:00+00:00,1021.869579413238,1021.869579413238,0
2022-11-17 12:00:00+00:00,1021.869579413238,1021.869579413238,0
2022-11-17 16:00:00+00:00,1021.869579413238,1021.869579413238,0
2022-11-17 20:00:00+00:00,1021.869579413238,1021.869579413238,0
2022-11-18 00:00:00+00:00,1021.869579413238,1021.869579413238,0
2022-11-18 04:00:00+00:00,1021.869579413238,1021.869579413238,0
2022-11-18 08:00:00+00:00,1021.869579413238,1021.869579413238,0
2022-11-18 12:00:00+00:00,1021.869579413238,1021.869579413238,0
2022-11-18 16:00:00+00:00,1021.869579413238,1021.869579413238,0
2022-11-18 20:00:00+00:00,1021.869579413238,1021.869579413238,0
2022-11-19 00:00:00+00:00,1021.869579413238,1021.869579413238,0
2022-11-19 04:00:00+00:00,1021.869579413238,1021.869579413238,0
2022-11-19 08:00:00+00:00,1021.869579413238,1021.869579413238,0
2022-11-19 12:00:00+00:00,1021.869579413238,1021.869579413238,0
2022-11-19 16:00:00+00:00,1021.869579413238,1021.869579413238,0
2022-11-19 20:00:00+00:00,1021.869579413238,1021.869579413238,0
2022-11-20 00:00:00+00:00,1021.869579413238,1021.869579413238,0
2022-11-20 04:00:00+00:00,1021.869579413238,1021.869579413238,0
2022-11-20 08:00:00+00:00,1021.869579413238,1021.869579413238,0
2022-11-20 12:00:00+00:00,1021.869579413238,1021.869579413238,0
2022-11-20 16:00:00+00:00,1021.869579413238,1021.869579413238,0
2022-11-20 20:00:00+00:00,1021.869579413238,1021.869579413238,0
2022-11-21 00:00:00+00:00,1021.869579413238,1021.869579413238,0
2022-11-21 04:00:00+00:00,1021.869579413238,1021.869579413238,0
2022-11-21 08:00:00+00:00,1021.869579413238,1021.869579413238,0
2022-11-21 12:00:00+00:00,1021.869579413238,1021.869579413238,0
2022-11-21 16:00:00+00:00,1021.869579413238,1021.869579413238,0
2022-11-21 20:00:00+00:00,1021.869579413238,1021.869579413238,0
2022-11-22 00:00:00+00:00,1021.869579413238,1021.869579413238,0
2022-11-22 04:00:00+00:00,1021.869579413238,1021.869579413238,0
2022-11-22 08:00:00+00:00,1021.869579413238,1021.869579413238,0
2022-11-22 12:00:00+00:00,1021.869579413238,1021.869579413238,0
2022-11-22 16:00:00+00:00,1021.869579413238,1021.869579413238,0
2022-11-22 20:00:00+00:00,1021.869579413238,1021.869579413238,0
2022-11-23 00:00:00+00:00,1021.869579413238,1021.869579413238,0
2022-11-23 04:00:00+00:00,1021.869579413238,1021.869579413238,0
2022-11-23 08:00:00+00:00,1021.869579413238,1021.869579413238,0
2022-11-23 12:00:00+00:00,1021.869579413238,1021.869579413238,0
2022-11-23 16:00:00+00:00,1021.869579413238,1021.869579413238,0
2022-11-23 20:00:00+00:00,1021.869579413238,1021.869579413238,0
2022-11-24 00:00:00+00:00,1021.869579413238,1021.869579413238,0
2022-11-24 04:00:00+00:00,1021.869579413238,1021.869579413238,0
2022-11-24 08:00:00+00:00,1021.869579413238,1021.869579413238,0
2022-11-24 12:00:00+00:00,1021.869579413238,1021.869579413238,0
2022-11-24 16:00:00+00:00,1021.869579413238,1021.869579413238,0
2022-11-24 20:00:00+00:00,1021.869579413238,1021.869579413238,0
2022-11-25 00:00:00+00:00,1021.869579413238,1021.869579413238,0
2022-11-25 04:00:00+00:00,1021.869579413238,1021.869579413238,0
2022-11-25 08:00:00+00:00,1021.869579413238,1021.869579413238,0
2022-11-25 12:00:00+00:00,1021.869579413238,1021.869579413238,0
2022-11-25 16:00:00+00:00,1021.869579413238,1021.869579413238,0
2022-11-25 20:00:00+00:00,1021.869579413238,1021.869579413238,0
2022-11-26 00:00:00+00:00,1021.869579413238,1021.869579413238,0
2022-11-26 04:00:00+00:00,1021.869579413238,1021.869579413238,0
2022-11-26 08:00:00+00:00,1021.869579413238,1021.869579413238,0
2022-11-26 12:00:00+00:00,1021.869579413238,1021.869579413238,0
2022-11-26 16:00:00+00:00,1021.460860351461,1021.8034389873859,1
2022-11-26 20:00:00+00:00,1021.5761403202079,1021.8034389873859,1
2022-11-27 00:00:00+00:00,1022.175596157692,1021.8034389873859,1
2022-11-27 04:00:00+00:00,1021.0227964702226,1021.8034389873859,1
2022-11-27 08:00:00+00:00,1027.7092111394606,1021.7373451618561,2
2022-11-27 12:00:00+00:00,1026.2457217824126,1021.7373451618561,2
2022-11-27 16:00:00+00:00,1027.165822891497,1021.7373451618561,2
2022-11-27 20:00:00+00:00,1019.8533011082212,1022.985654987822,1
2022-11-28 00:00:00+00:00,1017.9221155528584,1017.9221155528584,0
2022-11-28 04:00:00+00:00,1017.9221155528584,1017.9221155528584,0
2022-11-28 08:00:00+00:00,1017.9221155528584,1017.9221155528584,0
2022-11-28 12:00:00+00:00,1017.9221155528584,1017.9221155528584,0
2022-11-28 16:00:00+00:00,1017.9221155528584,1017.9221155528584,0
2022-11-28 20:00:00+00:00,1017.9221155528584,1017.9221155528584,0
2022-11-29 00:00:00+00:00,1017.9221155528584,1017.9221155528584,0
2022-11-29 04:00:00+00:00,1017.9221155528584,1017.9221155528584,0
2022-11-29 08:00:00+00:00,1017.9221155528584,1017.9221155528584,0
2022-11-29 12:00:00+00:00,1017.9221155528584,1017.9221155528584,0
2022-11-29 16:00:00+00:00,1017.9221155528584,1017.9221155528584,0
2022-11-29 20:00:00+00:00,1017.9221155528584,1017.9221155528584,0
2022-11-30 00:00:00+00:00,1017.9221155528584,1017.9221155528584,0
2022-11-30 04:00:00+00:00,1017.9221155528584,1017.9221155528584,0
2022-11-30 08:00:00+00:00,1017.9221155528584,1017.9221155528584,0
2022-11-30 12:00:00+00:00,1017.9221155528584,1017.9221155528584,0
2022-11-30 16:00:00+00:00,1017.9221155528584,1017.9221155528584,0
2022-11-30 20:00:00+00:00,1017.9221155528584,1017.9221155528584,0
2022-12-01 00:00:00+00:00,1017.9221155528584,1017.9221155528584,0
2022-12-01 04:00:00+00:00,1017.9221155528584,1017.9221155528584,0
2022-12-01 08:00:00+00:00,1017.9221155528584,1017.9221155528584,0
2022-12-01 12:00:00+00:00,1017.9221155528584,1017.9221155528584,0
2022-12-01 16:00:00+00:00,1017.9221155528584,1017.9221155528584,0
2022-12-01 20:00:00+00:00,1017.9221155528584,1017.9221155528584,0
2022-12-02 00:00:00+00:00,1017.9221155528584,1017.9221155528584,0
2022-12-02 04:00:00+00:00,1017.9221155528584,1017.9221155528584,0
2022-12-02 08:00:00+00:00,1017.9221155528584,1017.9221155528584,0
2022-12-02 12:00:00+00:00,1017.9221155528584,1017.9221155528584,0
2022-12-02 16:00:00+00:00,1017.9221155528584,1017.9221155528584,0
2022-12-02 20:00:00+00:00,1017.9221155528584,1017.9221155528584,0
2022-12-03 00:00:00+00:00,1017.9221155528584,1017.9221155528584,0
2022-12-03 04:00:00+00:00,1017.9221155528584,1017.9221155528584,0
2022-12-03 08:00:00+00:00,1017.9221155528584,1017.9221155528584,0
2022-12-03 12:00:00+00:00,1017.9221155528584,1017.9221155528584,0
2022-12-03 16:00:00+00:00,1017.9221155528584,1017.9221155528584,0
2022-12-03 20:00:00+00:00,1017.9221155528584,1017.9221155528584,0
2022-12-04 00:00:00+00:00,1017.9221155528584,1017.9221155528584,0
2022-12-04 04:00:00+00:00,1017.9221155528584,1017.9221155528584,0
2022-12-04 08:00:00+00:00,1017.9221155528584,1017.9221155528584,0
2022-12-04 12:00:00+00:00,1017.9221155528584,1017.9221155528584,0
2022-12-04 16:00:00+00:00,1017.9221155528584,1017.9221155528584,0
2022-12-04 20:00:00+00:00,1017.9221155528584,1017.9221155528584,0
2022-12-05 00:00:00+00:00,1017.9221155528584,1017.9221155528584,0
2022-12-05 04:00:00+00:00,1017.9221155528584,1017.9221155528584,0
2022-12-05 08:00:00+00:00,1017.9221155528584,1017.9221155528584,0
2022-12-05 12:00:00+00:00,1014.9831159023723,1017.8562306262854,1
2022-12-05 16:00:00+00:00,1012.8451940166425,1012.8451940166425,0
2022-12-05 20:00:00+00:00,1012.8451940166425,1012.8451940166425,0
2022-12-06 00:00:00+00:00,1012.8451940166425,1012.8451940166425,0
2022-12-06 04:00:00+00:00,1012.8451940166425,1012.8451940166425,0
2022-12-06 08:00:00+00:00,1012.8451940166425,1012.8451940166425,0
2022-12-06 12:00:00+00:00,1012.8451940166425,1012.8451940166425,0
2022-12-06 16:00:00+00:00,1012.8451940166425,1012.8451940166425,0
2022-12-06 20:00:00+00:00,1012.8451940166425,1012.8451940166425,0
2022-12-07 00:00:00+00:00,1012.8451940166425,1012.8451940166425,0
2022-12-07 04:00:00+00:00,1012.8451940166425,1012.8451940166425,0
2022-12-07 08:00:00+00:00,1012.8451940166425,1012.8451940166425,0
2022-12-07 12:00:00+00:00,1012.8451940166425,1012.8451940166425,0
2022-12-07 16:00:00+00:00,1012.8451940166425,1012.8451940166425,0
2022-12-07 20:00:00+00:00,1012.8451940166425,1012.8451940166425,0
2022-12-08 00:00:00+00:00,1012.8451940166425,1012.8451940166425,0
2022-12-08 04:00:00+00:00,1012.8451940166425,1012.8451940166425,0
2022-12-08 08:00:00+00:00,1012.8451940166425,1012.8451940166425,0
2022-12-08 12:00:00+00:00,1012.8451940166425,1012.8451940166425,0
2022-12-08 16:00:00+00:00,1012.8451940166425,1012.8451940166425,0
2022-12-08 20:00:00+00:00,1012.8451940166425,1012.8451940166425,0
2022-12-09 00:00:00+00:00,1012.8451940166425,1012.8451940166425,0
2022-12-09 04:00:00+00:00,1012.8451940166425,1012.8451940166425,0
2022-12-09 08:00:00+00:00,1012.8451940166425,1012.8451940166425,0
2022-12-09 12:00:00+00:00,1012.8451940166425,1012.8451940166425,0
2022-12-09 16:00:00+00:00,1012.8451940166425,1012.8451940166425,0
2022-12-09 20:00:00+00:00,1012.8451940166425,1012.8451940166425,0
2022-12-10 00:00:00+00:00,1012.8451940166425,1012.8451940166425,0
2022-12-10 04:00:00+00:00,1012.8451940166425,1012.8451940166425,0
2022-12-10 08:00:00+00:00,1012.8451940166425,1012.8451940166425,0
2022-12-10 12:00:00+00:00,1012.8451940166425,1012.8451940166425,0
2022-12-10 16:00:00+00:00,1012.8451940166425,1012.8451940166425,0
2022-12-10 20:00:00+00:00,1012.8451940166425,1012.8451940166425,0
2022-12-11 00:00:00+00:00,1012.8451940166425,1012.8451940166425,0
2022-12-11 04:00:00+00:00,1012.8451940166425,1012.8451940166425,0
2022-12-11 08:00:00+00:00,1012.8451940166425,1012.8451940166425,0
2022-12-11 12:00:00+00:00,1012.8451940166425,1012.8451940166425,0
2022-12-11 16:00:00+00:00,1012.8451940166425,1012.8451940166425,0
2022-12-11 20:00:00+00:00,1012.8451940166425,1012.8451940166425,0
2022-12-12 00:00:00+00:00,1012.8451940166425,1012.8451940166425,0
2022-12-12 04:00:00+00:00,1011.6267934385869,1012.6722016643735,2
2022-12-12 08:00:00+00:00,1009.5877219189549,1012.6722016643735,2
2022-12-12 12:00:00+00:00,1011.2330111282017,1012.6722016643735,2
2022-12-12 16:00:00+00:00,1010.4461597640983,1012.6722016643735,2
2022-12-12 20:00:00+00:00,1007.3150827529481,1012.6722016643735,2
2022-12-13 00:00:00+00:00,1009.9936430799522,1012.6722016643735,2
2022-12-13 04:00:00+00:00,1012.3106246697768,1012.6722016643735,2
2022-12-13 08:00:00+00:00,1007.0728525939452,1012.6722016643735,2
2022-12-13 12:00:00+00:00,1001.6293297330508,1001.6293297330508,0
2022-12-13 16:00:00+00:00,1001.6293297330508,1001.6293297330508,0
2022-12-13 20:00:00+00:00,1001.6293297330508,1001.6293297330508,0
2022-12-14 00:00:00+00:00,1001.6293297330508,1001.6293297330508,0
2022-12-14 04:00:00+00:00,1001.6293297330508,1001.6293297330508,0
2022-12-14 08:00:00+00:00,1001.6293297330508,1001.6293297330508,0
2022-12-14 12:00:00+00:00,1001.6293297330508,1001.6293297330508,0
2022-12-14 16:00:00+00:00,1001.6293297330508,1001.6293297330508,0
2022-12-14 20:00:00+00:00,1001.6293297330508,1001.6293297330508,0
2022-12-15 00:00:00+00:00,1001.6293297330508,1001.6293297330508,0
2022-12-15 04:00:00+00:00,1001.6293297330508,1001.6293297330508,0
2022-12-15 08:00:00+00:00,1001.6293297330508,1001.6293297330508,0
2022-12-15 12:00:00+00:00,1001.6293297330508,1001.6293297330508,0
2022-12-15 16:00:00+00:00,1001.6293297330508,1001.6293297330508,0
2022-12-15 20:00:00+00:00,1001.6293297330508,1001.6293297330508,0
2022-12-16 00:00:00+00:00,1001.6293297330508,1001.6293297330508,0
2022-12-16 04:00:00+00:00,1001.6293297330508,1001.6293297330508,0
2022-12-16 08:00:00+00:00,1001.6293297330508,1001.6293297330508,0
2022-12-16 12:00:00+00:00,1001.6293297330508,1001.6293297330508,0
2022-12-16 16:00:00+00:00,1001.6293297330508,1001.6293297330508,0
2022-12-16 20:00:00+00:00,1001.6293297330508,1001.6293297330508,0
2022-12-17 00:00:00+00:00,1001.6293297330508,1001.6293297330508,0
2022-12-17 04:00:00+00:00,1001.6293297330508,1001.6293297330508,0
2022-12-17 08:00:00+00:00,1001.6293297330508,1001.6293297330508,0
2022-12-17 12:00:00+00:00,1001.6293297330508,1001.6293297330508,0
2022-12-17 16:00:00+00:00,1001.6293297330508,1001.6293297330508,0
2022-12-17 20:00:00+00:00,1001.6293297330508,1001.6293297330508,0
2022-12-18 00:00:00+00:00,1001.6293297330508,1001.6293297330508,0
2022-12-18 04:00:00+00:00,1001.6293297330508,1001.6293297330508,0
2022-12-18 08:00:00+00:00,1001.6293297330508,1001.6293297330508,0
2022-12-18 12:00:00+00:00,1001.6293297330508,1001.6293297330508,0
2022-12-18 16:00:00+00:00,1001.6293297330508,1001.6293297330508,0
2022-12-18 20:00:00+00:00,1001.6293297330508,1001.6293297330508,0
2022-12-19 00:00:00+00:00,1001.6293297330508,1001.6293297330508,0
2022-12-19 04:00:00+00:00,1000.7727144817169,1001.5396737539334,1
2022-12-19 08:00:00+00:00,1001.134160685811,1001.5396737539334,1
2022-12-19 12:00:00+00:00,1001.6270418732121,1001.5396737539334,1
2022-12-19 16:00:00+00:00,1002.8428154688014,1001.5396737539334,1
2022-12-19 20:00:00+00:00,1002.3827930272271,1001.5396737539334,1
2022-12-20 00:00:00+00:00,1002.1856405522666,1001.5396737539334,1
2022-12-20 04:00:00+00:00,1001.1998781774645,1001.5396737539334,1
2022-12-20 08:00:00+00:00,1000.7069969900634,1001.5396737539334,1
2022-12-20 12:00:00+00:00,999.754093361088,1001.5396737539334,1
2022-12-20 16:00:00+00:00,998.9326247154196,1001.5396737539334,1
2022-12-20 20:00:00+00:00,999.1954946820334,1001.5396737539334,1
2022-12-21 00:00:00+00:00,1002.3170755355736,1001.5396737539334,1
2022-12-21 04:00:00+00:00,1001.758476856519,1001.5396737539334,1
2022-12-21 08:00:00+00:00,1000.7398557358902,1001.5396737539334,1
2022-12-21 12:00:00+00:00,1000.7727144817169,1001.5396737539334,1
2022-12-21 16:00:00+00:00,1000.9041494650238,1001.5396737539334,1
2022-12-21 20:00:00+00:00,1000.4112682776228,1001.5396737539334,1
2022-12-22 00:00:00+00:00,1000.9041494650238,1001.5396737539334,1
2022-12-22 04:00:00+00:00,1000.5098445151029,1001.5396737539334,1
2022-12-22 08:00:00+00:00,999.8198108527415,1001.5396737539334,1
2022-12-22 12:00:00+00:00,1001.0027257025041,1001.5396737539334,1
2022-12-22 16:00:00+00:00,1000.5098445151029,1001.5396737539334,1
2022-12-22 20:00:00+00:00,998.9654834612463,1001.5396737539334,1
2022-12-23 00:00:00+00:00,998.8669072237661,1001.5396737539334,1
2022-12-23 04:00:00+00:00,998.8997659695929,1001.5396737539334,1
2022-12-23 08:00:00+00:00,998.3411672905382,1001.5396737539334,1
2022-12-23 12:00:00+00:00,998.6697547488056,1001.5396737539334,1
2022-12-23 16:00:00+00:00,997.8811448489639,1001.5396737539334,1
2022-12-23 20:00:00+00:00,997.2896874240827,1001.5396737539334,1
2022-12-24 00:00:00+00:00,997.7825686114837,1001.5396737539334,1
2022-12-24 04:00:00+00:00,998.1768735614046,1001.5396737539334,1
2022-12-24 08:00:00+00:00,997.9468623406175,1001.5396737539334,1
2022-12-24 12:00:00+00:00,998.2097323072313,1001.5396737539334,1
2022-12-24 16:00:00+00:00,997.9468623406175,1001.5396737539334,1
2022-12-24 20:00:00+00:00,998.1111560697511,1001.5396737539334,1
2022-12-25 00:00:00+00:00,998.8340484779394,1001.5396737539334,1
2022-12-25 04:00:00+00:00,999.0969184445532,1001.5396737539334,1
2022-12-25 08:00:00+00:00,999.622658377781,1001.5396737539334,1
2022-12-25 12:00:00+00:00,999.9841045818752,1001.5396737539334,1
2022-12-25 16:00:00+00:00,1000.1812570568356,1001.5396737539334,1
2022-12-25 20:00:00+00:00,1000.0826808193555,1001.5396737539334,1
2022-12-26 00:00:00+00:00,998.8340484779394,1001.5396737539334,1
2022-12-26 04:00:00+00:00,998.034957812879,998.034957812879,0
2022-12-26 08:00:00+00:00,998.034957812879,998.034957812879,0
2022-12-26 12:00:00+00:00,998.034957812879,998.034957812879,0
2022-12-26 16:00:00+00:00,998.034957812879,998.034957812879,0
2022-12-26 20:00:00+00:00,998.034957812879,998.034957812879,0
2022-12-27 00:00:00+00:00,998.034957812879,998.034957812879,0
2022-12-27 04:00:00+00:00,998.034957812879,998.034957812879,0
2022-12-27 08:00:00+00:00,998.034957812879,998.034957812879,0
2022-12-27 12:00:00+00:00,998.034957812879,998.034957812879,0
2022-12-27 16:00:00+00:00,994.7768915695195,997.9306806846228,1
2022-12-27 20:00:00+00:00,993.8310276803412,997.9306806846228,1
2022-12-28 00:00:00+00:00,997.6872419977606,997.9306806846228,1
2022-12-28 04:00:00+00:00,1006.4357602113375,997.8451586494837,2
2022-12-28 08:00:00+00:00,1007.807427578476,997.8451586494837,2
2022-12-28 12:00:00+00:00,1004.547017947801,1003.8723680197402,1
2022-12-28 16:00:00+00:00,1004.9492834650359,1003.8723680197402,1
2022-12-28 20:00:00+00:00,1005.9772953424142,1003.8723680197402,1
2022-12-29 00:00:00+00:00,1005.5005362108765,1003.8723680197402,1
2022-12-29 04:00:00+00:00,1005.217460476526,1003.8723680197402,1
2022-12-29 08:00:00+00:00,1005.3217515365498,1003.8723680197402,1
2022-12-29 12:00:00+00:00,1004.8747898507331,1003.8723680197402,1
2022-12-29 16:00:00+00:00,1005.3068528136893,1003.8723680197402,1
2022-12-29 20:00:00+00:00,997.3286594573697,1003.8073092582136,2
2022-12-30 00:00:00+00:00,1000.8360502141635,998.8503126743739,1
2022-12-30 04:00:00+00:00,1004.9183002779554,998.8503126743739,1
2022-12-30 08:00:00+00:00,1004.933199000816,998.8503126743739,1
2022-12-30 12:00:00+00:00,1004.9927938922582,998.8503126743739,1
2022-12-30 16:00:00+00:00,1003.860490954856,998.8503126743739,1
2022-12-30 20:00:00+00:00,1003.8902884005771,998.8503126743739,1
2022-12-31 00:00:00+00:00,1004.0541743520432,998.8503126743739,1
2022-12-31 04:00:00+00:00,1002.757985463175,998.8503126743739,1
2022-12-31 08:00:00+00:00,1001.0893285027929,998.8503126743739,1
2022-12-31 12:00:00+00:00,1000.5678732026735,998.8503126743739,1
2022-12-31 16:00:00+00:00,1000.7615565998607,998.8503126743739,1
2022-12-31 20:00:00+00:00,1001.1489233942351,998.8503126743739,1
2023-01-01 00:00:00+00:00,1001.7448723086572,998.8503126743739,1
2023-01-01 04:00:00+00:00,1002.3110237773584,998.8503126743739,1
2023-01-01 08:00:00+00:00,1002.0279480430078,998.8503126743739,1
2023-01-01 12:00:00+00:00,1001.8789608144023,998.8503126743739,1
2023-01-01 16:00:00+00:00,1001.0148348884901,998.8503126743739,1
2023-01-01 20:00:00+00:00,1001.1638221170956,998.8503126743739,1
2023-01-02 00:00:00+00:00,1001.4915940200278,998.8503126743739,1
2023-01-02 04:00:00+00:00,996.3499790727948,998.7189936973962,1
2023-01-02 08:00:00+00:00,993.796456583987,993.796456583987,0
2023-01-02 12:00:00+00:00,993.796456583987,993.796456583987,0
2023-01-02 16:00:00+00:00,993.796456583987,993.796456583987,0
2023-01-02 20:00:00+00:00,993.796456583987,993.796456583987,0
2023-01-03 00:00:00+00:00,993.796456583987,993.796456583987,0
2023-01-03 04:00:00+00:00,993.796456583987,993.796456583987,0
2023-01-03 08:00:00+00:00,993.796456583987,993.796456583987,0
2023-01-03 12:00:00+00:00,993.796456583987,993.796456583987,0
2023-01-03 16:00:00+00:00,994.2891208707836,993.7192685096893,1
2023-01-03 20:00:00+00:00,997.5252891749344,993.7192685096893,1
2023-01-04 00:00:00+00:00,998.3456202101727,993.7192685096893,1
2023-01-04 04:00:00+00:00,1003.4181258776092,993.7192685096893,1
2023-01-04 08:00:00+00:00,999.8056589334408,993.7192685096893,1
2023-01-04 12:00:00+00:00,996.1792596163796,996.1792596163796,0
2023-01-04 16:00:00+00:00,996.1792596163796,996.1792596163796,0
2023-01-04 20:00:00+00:00,996.1792596163796,996.1792596163796,0
2023-01-05 00:00:00+00:00,996.1792596163796,996.1792596163796,0
2023-01-05 04:00:00+00:00,996.1792596163796,996.1792596163796,0
2023-01-05 08:00:00+00:00,996.1792596163796,996.1792596163796,0
2023-01-05 12:00:00+00:00,996.1792596163796,996.1792596163796,0
2023-01-05 16:00:00+00:00,996.1792596163796,996.1792596163796,0
2023-01-05 20:00:00+00:00,996.1792596163796,996.1792596163796,0
2023-01-06 00:00:00+00:00,996.1792596163796,996.1792596163796,0
2023-01-06 04:00:00+00:00,995.1806885363203,996.0670549264518,1
2023-01-06 08:00:00+00:00,994.4622890723012,996.0670549264518,1
2023-01-06 12:00:00+00:00,996.0017164951993,996.0670549264518,1
2023-01-06 16:00:00+00:00,997.5411439180972,996.0670549264518,1
2023-01-06 20:00:00+00:00,998.6700573615557,996.0670549264518,1
2023-01-07 00:00:00+00:00,997.7464009078169,996.0670549264518,1
2023-01-07 04:00:00+00:00,997.6437724129571,996.0670549264518,1
2023-01-07 08:00:00+00:00,996.6688017117883,996.0670549264518,1
2023-01-07 12:00:00+00:00,996.874058701508,996.0670549264518,1
2023-01-07 16:00:00+00:00,997.9003436501067,996.0670549264518,1
2023-01-07 20:00:00+00:00,997.7464009078169,996.0670549264518,1
2023-01-08 00:00:00+00:00,997.3358869283775,996.0670549264518,1
2023-01-08 04:00:00+00:00,997.695086660387,996.0670549264518,1
2023-01-08 08:00:00+00:00,1002.1594261867912,996.0670549264518,1
2023-01-08 12:00:00+00:00,1003.4935966199694,996.0670549264518,1
2023-01-08 16:00:00+00:00,1004.5174966320313,995.8922403447234,2
2023-01-08 20:00:00+00:00,1014.6598461909141,995.8922403447234,2
2023-01-09 00:00:00+00:00,1045.1911665977018,1025.6619526114027,2
2023-01-09 04:00:00+00:00,1043.191880321261,1025.6619526114027,2
2023-01-09 08:00:00+00:00,1042.4056122030668,1025.6619526114027,2
2023-01-09 12:00:00+00:00,1043.7855601977683,1025.6619526114027,2
2023-01-09 16:00:00+00:00,1039.2096732596056,1025.6619526114027,2
2023-01-09 20:00:00+00:00,1037.0260704990487,1037.0260704990487,0
2023-01-10 00:00:00+00:00,1037.0260704990487,1037.0260704990487,0
2023-01-10 04:00:00+00:00,1037.0260704990487,1037.0260704990487,0
2023-01-10 08:00:00+00:00,1037.0260704990487,1037.0260704990487,0
2023-01-10 12:00:00+00:00,1037.0260704990487,1037.0260704990487,0
2023-01-10 16:00:00+00:00,1037.6182328906211,1036.9532115085233,1
2023-01-10 20:00:00+00:00,1037.1735953756577,1036.9532115085233,1
2023-01-11 00:00:00+00:00,1035.1225255485683,1036.9532115085233,1
2023-01-11 04:00:00+00:00,1035.7607955297253,1036.9532115085233,1
2023-01-11 08:00:00+00:00,1035.4022168886258,1036.9532115085233,1
2023-01-11 12:00:00+00:00,1035.27312857783,1036.9532115085233,1
2023-01-11 16:00:00+00:00,1050.2760589214352,1036.9532115085233,1
2023-01-11 20:00:00+00:00,1059.4628437064057,1036.9532115085233,1
2023-01-12 00:00:00+00:00,1062.882730531286,1062.882730531286,0
2023-01-12 04:00:00+00:00,1062.882730531286,1062.882730531286,0
2023-01-12 08:00:00+00:00,1062.882730531286,1062.882730531286,0
2023-01-12 12:00:00+00:00,1062.882730531286,1062.882730531286,0
2023-01-12 16:00:00+00:00,1062.882730531286,1062.882730531286,0
2023-01-12 20:00:00+00:00,1062.882730531286,1062.882730531286,0
2023-01-13 00:00:00+00:00,1062.882730531286,1062.882730531286,0
2023-01-13 04:00:00+00:00,1062.882730531286,1062.882730531286,0
2023-01-13 08:00:00+00:00,1062.882730531286,1062.882730531286,0
2023-01-13 12:00:00+00:00,1062.882730531286,1062.882730531286,0
2023-01-13 16:00:00+00:00,1062.882730531286,1062.882730531286,0
2023-01-13 20:00:00+00:00,1062.882730531286,1062.882730531286,0
2023-01-14 00:00:00+00:00,1062.882730531286,1062.882730531286,0
2023-01-14 04:00:00+00:00,1062.882730531286,1062.882730531286,0
2023-01-14 08:00:00+00:00,1062.882730531286,1062.882730531286,0
2023-01-14 12:00:00+00:00,1062.882730531286,1062.882730531286,0
2023-01-14 16:00:00+00:00,1062.882730531286,1062.882730531286,0
2023-01-14 20:00:00+00:00,1062.882730531286,1062.882730531286,0
2023-01-15 00:00:00+00:00,1062.882730531286,1062.882730531286,0
2023-01-15 04:00:00+00:00,1062.882730531286,1062.882730531286,0
2023-01-15 08:00:00+00:00,1062.882730531286,1062.882730531286,0
2023-01-15 12:00:00+00:00,1062.882730531286,1062.882730531286,0
2023-01-15 16:00:00+00:00,1062.882730531286,1062.882730531286,0
2023-01-15 20:00:00+00:00,1062.882730531286,1062.882730531286,0
2023-01-16 00:00:00+00:00,1062.882730531286,1062.882730531286,0
2023-01-16 04:00:00+00:00,1062.882730531286,1062.882730531286,0
2023-01-16 08:00:00+00:00,1062.882730531286,1062.882730531286,0
2023-01-16 12:00:00+00:00,1062.882730531286,1062.882730531286,0
2023-01-16 16:00:00+00:00,1062.882730531286,1062.882730531286,0
2023-01-16 20:00:00+00:00,1062.882730531286,1062.882730531286,0
2023-01-17 00:00:00+00:00,1062.882730531286,1062.882730531286,0
2023-01-17 04:00:00+00:00,1062.882730531286,1062.882730531286,0
2023-01-17 08:00:00+00:00,1062.882730531286,1062.882730531286,0
2023-01-17 12:00:00+00:00,1062.882730531286,1062.882730531286,0
2023-01-17 16:00:00+00:00,1062.882730531286,1062.882730531286,0
2023-01-17 20:00:00+00:00,1062.882730531286,1062.882730531286,0
2023-01-18 00:00:00+00:00,1062.882730531286,1062.882730531286,0
2023-01-18 04:00:00+00:00,1062.882730531286,1062.882730531286,0
2023-01-18 08:00:00+00:00,1062.882730531286,1062.882730531286,0
2023-01-18 12:00:00+00:00,1062.882730531286,1062.882730531286,0
2023-01-18 16:00:00+00:00,1062.882730531286,1062.882730531286,0
2023-01-18 20:00:00+00:00,1062.882730531286,1062.882730531286,0
2023-01-19 00:00:00+00:00,1062.882730531286,1062.882730531286,0
2023-01-19 04:00:00+00:00,1062.882730531286,1062.882730531286,0
2023-01-19 08:00:00+00:00,1062.882730531286,1062.882730531286,0
2023-01-19 12:00:00+00:00,1062.882730531286,1062.882730531286,0
2023-01-19 16:00:00+00:00,1062.882730531286,1062.882730531286,0
2023-01-19 20:00:00+00:00,1062.882730531286,1062.882730531286,0
2023-01-20 00:00:00+00:00,1062.882730531286,1062.882730531286,0
2023-01-20 04:00:00+00:00,1062.882730531286,1062.882730531286,0
2023-01-20 08:00:00+00:00,1062.882730531286,1062.882730531286,0
2023-01-20 12:00:00+00:00,1062.882730531286,1062.882730531286,0
2023-01-20 16:00:00+00:00,1062.882730531286,1062.882730531286,0
2023-01-20 20:00:00+00:00,1062.882730531286,1062.882730531286,0
2023-01-21 00:00:00+00:00,1062.882730531286,1062.882730531286,0
2023-01-21 04:00:00+00:00,1062.882730531286,1062.882730531286,0
2023-01-21 08:00:00+00:00,1062.882730531286,1062.882730531286,0
2023-01-21 12:00:00+00:00,1062.882730531286,1062.882730531286,0
2023-01-21 16:00:00+00:00,1062.882730531286,1062.882730531286,0
2023-01-21 20:00:00+00:00,1062.882730531286,1062.882730531286,0
2023-01-22 00:00:00+00:00,1062.882730531286,1062.882730531286,0
2023-01-22 04:00:00+00:00,1062.882730531286,1062.882730531286,0
2023-01-22 08:00:00+00:00,1062.882730531286,1062.882730531286,0
2023-01-22 12:00:00+00:00,1062.882730531286,1062.882730531286,0
2023-01-22 16:00:00+00:00,1062.882730531286,1062.882730531286,0
2023-01-22 20:00:00+00:00,1062.882730531286,1062.882730531286,0
2023-01-23 00:00:00+00:00,1062.882730531286,1062.882730531286,0
2023-01-23 04:00:00+00:00,1062.882730531286,1062.882730531286,0
2023-01-23 08:00:00+00:00,1062.882730531286,1062.882730531286,0
2023-01-23 12:00:00+00:00,1062.882730531286,1062.882730531286,0
2023-01-23 16:00:00+00:00,1062.882730531286,1062.882730531286,0
2023-01-23 20:00:00+00:00,1062.882730531286,1062.882730531286,0
2023-01-24 00:00:00+00:00,1062.882730531286,1062.882730531286,0
2023-01-24 04:00:00+00:00,1062.1847877158427,1062.813935532546,1
2023-01-24 08:00:00+00:00,1060.5483762239196,1062.813935532546,1
2023-01-24 12:00:00+00:00,1060.7184526992037,1062.813935532546,1
2023-01-24 16:00:00+00:00,1059.8726669842772,1062.813935532546,1
2023-01-24 20:00:00+00:00,1057.5643676329319,1057.5643676329319,0
2023-01-25 00:00:00+00:00,1057.5643676329319,1057.5643676329319,0
2023-01-25 04:00:00+00:00,1057.5643676329319,1057.5643676329319,0
2023-01-25 08:00:00+00:00,1057.5643676329319,1057.5643676329319,0
2023-01-25 12:00:00+00:00,1057.5643676329319,1057.5643676329319,0
2023-01-25 16:00:00+00:00,1057.5643676329319,1057.5643676329319,0
2023-01-25 20:00:00+00:00,1057.5643676329319,1057.5643676329319,0
2023-01-26 00:00:00+00:00,1057.5643676329319,1057.5643676329319,0
2023-01-26 04:00:00+00:00,1057.5643676329319,1057.5643676329319,0
2023-01-26 08:00:00+00:00,1057.5643676329319,1057.5643676329319,0
2023-01-26 12:00:00+00:00,1057.5643676329319,1057.5643676329319,0
2023-01-26 16:00:00+00:00,1057.5643676329319,1057.5643676329319,0
2023-01-26 20:00:00+00:00,1057.5643676329319,1057.5643676329319,0
2023-01-27 00:00:00+00:00,1057.5643676329319,1057.5643676329319,0
2023-01-27 04:00:00+00:00,1057.5643676329319,1057.5643676329319,0
2023-01-27 08:00:00+00:00,1057.5643676329319,1057.5643676329319,0
2023-01-27 12:00:00+00:00,1057.5643676329319,1057.5643676329319,0
2023-01-27 16:00:00+00:00,1057.5643676329319,1057.5643676329319,0
2023-01-27 20:00:00+00:00,1057.5643676329319,1057.5643676329319,0
2023-01-28 00:00:00+00:00,1057.5643676329319,1057.5643676329319,0
2023-01-28 04:00:00+00:00,1057.5643676329319,1057.5643676329319,0
2023-01-28 08:00:00+00:00,1057.5643676329319,1057.5643676329319,0
2023-01-28 12:00:00+00:00,1057.5643676329319,1057.5643676329319,0
2023-01-28 16:00:00+00:00,1057.5643676329319,1057.5643676329319,0
2023-01-28 20:00:00+00:00,1057.5643676329319,1057.5643676329319,0
2023-01-29 00:00:00+00:00,1057.5643676329319,1057.5643676329319,0
2023-01-29 04:00:00+00:00,1057.5643676329319,1057.5643676329319,0
2023-01-29 08:00:00+00:00,1057.5643676329319,1057.5643676329319,0
2023-01-29 12:00:00+00:00,1057.5643676329319,1057.5643676329319,0
2023-01-29 16:00:00+00:00,1057.5643676329319,1057.5643676329319,0
2023-01-29 20:00:00+00:00,1057.5643676329319,1057.5643676329319,0
2023-01-30 00:00:00+00:00,1057.5643676329319,1057.5643676329319,0
2023-01-30 04:00:00+00:00,1057.5643676329319,1057.5643676329319,0
2023-01-30 08:00:00+00:00,1057.5643676329319,1057.5643676329319,0
2023-01-30 12:00:00+00:00,1057.5643676329319,1057.5643676329319,0
2023-01-30 16:00:00+00:00,1057.5643676329319,1057.5643676329319,0
2023-01-30 20:00:00+00:00,1057.5643676329319,1057.5643676329319,0
2023-01-31 00:00:00+00:00,1057.5643676329319,1057.5643676329319,0
2023-01-31 04:00:00+00:00,1057.5643676329319,1057.5643676329319,0
2023-01-31 08:00:00+00:00,1057.5643676329319,1057.5643676329319,0
2023-01-31 12:00:00+00:00,1057.5643676329319,1057.5643676329319,0
2023-01-31 16:00:00+00:00,1057.5643676329319,1057.5643676329319,0
2023-01-31 20:00:00+00:00,1056.6941254187689,1057.4959168648004,1
2023-02-01 00:00:00+00:00,1054.0147506355302,1057.4959168648004,1
2023-02-01 04:00:00+00:00,1053.4682991994748,1057.4959168648004,1
2023-02-01 08:00:00+00:00,1052.2811726559885,1052.2811726559885,0
2023-02-01 12:00:00+00:00,1052.2811726559885,1052.2811726559885,0
2023-02-01 16:00:00+00:00,1052.2811726559885,1052.2811726559885,0
2023-02-01 20:00:00+00:00,1052.2811726559885,1052.2811726559885,0
2023-02-02 00:00:00+00:00,1052.2811726559885,1052.2811726559885,0
2023-02-02 04:00:00+00:00,1052.2811726559885,1052.2811726559885,0
2023-02-02 08:00:00+00:00,1052.2811726559885,1052.2811726559885,0
2023-02-02 12:00:00+00:00,1052.2811726559885,1052.2811726559885,0
2023-02-02 16:00:00+00:00,1052.2811726559885,1052.2811726559885,0
2023-02-02 20:00:00+00:00,1052.2811726559885,1052.2811726559885,0
2023-02-03 00:00:00+00:00,1052.2811726559885,1052.2811726559885,0
2023-02-03 04:00:00+00:00,1052.2811726559885,1052.2811726559885,0
2023-02-03 08:00:00+00:00,1052.2811726559885,1052.2811726559885,0
2023-02-03 12:00:00+00:00,1052.2811726559885,1052.2811726559885,0
2023-02-03 16:00:00+00:00,1052.2811726559885,1052.2811726559885,0
2023-02-03 20:00:00+00:00,1052.2811726559885,1052.2811726559885,0
2023-02-04 00:00:00+00:00,1052.2811726559885,1052.2811726559885,0
2023-02-04 04:00:00+00:00,1052.2811726559885,1052.2811726559885,0
2023-02-04 08:00:00+00:00,1052.2811726559885,1052.2811726559885,0
2023-02-04 12:00:00+00:00,1052.2811726559885,1052.2811726559885,0
2023-02-04 16:00:00+00:00,1052.2811726559885,1052.2811726559885,0
2023-02-04 20:00:00+00:00,1050.6079196153808,1052.2130638422243,1
2023-02-05 00:00:00+00:00,1049.9273881664242,1052.2130638422243,1
2023-02-05 04:00:00+00:00,1050.5293967558857,1052.2130638422243,1
2023-02-05 08:00:00+00:00,1050.0931586475804,1052.2130638422243,1
2023-02-05 12:00:00+00:00,1047.0158569381456,1047.0158569381456,0
2023-02-05 16:00:00+00:00,1047.0158569381456,1047.0158569381456,0
2023-02-05 20:00:00+00:00,1047.0158569381456,1047.0158569381456,0
2023-02-06 00:00:00+00:00,1047.0158569381456,1047.0158569381456,0
2023-02-06 04:00:00+00:00,1047.0158569381456,1047.0158569381456,0
2023-02-06 08:00:00+00:00,1047.0158569381456,1047.0158569381456,0
2023-02-06 12:00:00+00:00,1047.0158569381456,1047.0158569381456,0
2023-02-06 16:00:00+00:00,1047.0158569381456,1047.0158569381456,0
2023-02-06 20:00:00+00:00,1047.0158569381456,1047.0158569381456,0
2023-02-07 00:00:00+00:00,1047.0158569381456,1047.0158569381456,0
2023-02-07 04:00:00+00:00,1047.0158569381456,1047.0158569381456,0
2023-02-07 08:00:00+00:00,1047.0158569381456,1047.0158569381456,0
2023-02-07 12:00:00+00:00,1047.0158569381456,1047.0158569381456,0
2023-02-07 16:00:00+00:00,1047.0158569381456,1047.0158569381456,0
2023-02-07 20:00:00+00:00,1047.0158569381456,1047.0158569381456,0
2023-02-08 00:00:00+00:00,1047.0158569381456,1047.0158569381456,0
2023-02-08 04:00:00+00:00,1047.0158569381456,1047.0158569381456,0
2023-02-08 08:00:00+00:00,1047.0158569381456,1047.0158569381456,0
2023-02-08 12:00:00+00:00,1047.0158569381456,1047.0158569381456,0
2023-02-08 16:00:00+00:00,1047.0158569381456,1047.0158569381456,0
2023-02-08 20:00:00+00:00,1047.0158569381456,1047.0158569381456,0
2023-02-09 00:00:00+00:00,1047.0158569381456,1047.0158569381456,0
2023-02-09 04:00:00+00:00,1047.0158569381456,1047.0158569381456,0
2023-02-09 08:00:00+00:00,1047.0158569381456,1047.0158569381456,0
2023-02-09 12:00:00+00:00,1047.0158569381456,1047.0158569381456,0
2023-02-09 16:00:00+00:00,1047.0158569381456,1047.0158569381456,0
2023-02-09 20:00:00+00:00,1047.0158569381456,1047.0158569381456,0
2023-02-10 00:00:00+00:00,1047.0158569381456,1047.0158569381456,0
2023-02-10 04:00:00+00:00,1047.0158569381456,1047.0158569381456,0
2023-02-10 08:00:00+00:00,1047.0158569381456,1047.0158569381456,0
2023-02-10 12:00:00+00:00,1047.0158569381456,1047.0158569381456,0
2023-02-10 16:00:00+00:00,1047.0158569381456,1047.0158569381456,0
2023-02-10 20:00:00+00:00,1047.0158569381456,1047.0158569381456,0
2023-02-11 00:00:00+00:00,1047.0158569381456,1047.0158569381456,0
2023-02-11 04:00:00+00:00,1047.0158569381456,1047.0158569381456,0
2023-02-11 08:00:00+00:00,1047.0158569381456,1047.0158569381456,0
2023-02-11 12:00:00+00:00,1047.0158569381456,1047.0158569381456,0
2023-02-11 16:00:00+00:00,1047.0158569381456,1047.0158569381456,0
2023-02-11 20:00:00+00:00,1047.0158569381456,1047.0158569381456,0
2023-02-12 00:00:00+00:00,1047.0158569381456,1047.0158569381456,0
2023-02-12 04:00:00+00:00,1047.0158569381456,1047.0158569381456,0
2023-02-12 08:00:00+00:00,1047.0158569381456,1047.0158569381456,0
2023-02-12 12:00:00+00:00,1047.0158569381456,1047.0158569381456,0
2023-02-12 16:00:00+00:00,1047.0158569381456,1047.0158569381456,0
2023-02-12 20:00:00+00:00,1047.0158569381456,1047.0158569381456,0
2023-02-13 00:00:00+00:00,1047.0158569381456,1047.0158569381456,0
2023-02-13 04:00:00+00:00,1047.0158569381456,1047.0158569381456,0
2023-02-13 08:00:00+00:00,1047.0158569381456,1047.0158569381456,0
2023-02-13 12:00:00+00:00,1047.701582814274,1046.8327342779157,2
2023-02-13 16:00:00+00:00,1045.7857126940996,1046.8327342779157,2
2023-02-13 20:00:00+00:00,1043.0189399597787,1046.8327342779157,2
2023-02-14 00:00:00+00:00,1044.5120324815132,1046.8327342779157,2
2023-02-14 04:00:00+00:00,1042.8007229504933,1046.8327342779157,2
2023-02-14 08:00:00+00:00,1041.9576647896984,1046.8327342779157,2
2023-02-14 12:00:00+00:00,1036.4908462674646,1036.4908462674646,0
2023-02-14 16:00:00+00:00,1036.4908462674646,1036.4908462674646,0
2023-02-14 20:00:00+00:00,1036.4908462674646,1036.4908462674646,0
2023-02-15 00:00:00+00:00,1036.4908462674646,1036.4908462674646,0
2023-02-15 04:00:00+00:00,1036.4908462674646,1036.4908462674646,0
2023-02-15 08:00:00+00:00,1036.4908462674646,1036.4908462674646,0
2023-02-15 12:00:00+00:00,1036.4908462674646,1036.4908462674646,0
2023-02-15 16:00:00+00:00,1036.4908462674646,1036.4908462674646,0
2023-02-15 20:00:00+00:00,1036.4908462674646,1036.4908462674646,0
2023-02-16 00:00:00+00:00,1036.4908462674646,1036.4908462674646,0
2023-02-16 04:00:00+00:00,1036.4908462674646,1036.4908462674646,0
2023-02-16 08:00:00+00:00,1036.4908462674646,1036.4908462674646,0
2023-02-16 12:00:00+00:00,1036.4908462674646,1036.4908462674646,0
2023-02-16 16:00:00+00:00,1036.4908462674646,1036.4908462674646,0
2023-02-16 20:00:00+00:00,1036.4908462674646,1036.4908462674646,0
2023-02-17 00:00:00+00:00,1036.4908462674646,1036.4908462674646,0
2023-02-17 04:00:00+00:00,1036.4908462674646,1036.4908462674646,0
2023-02-17 08:00:00+00:00,1036.4908462674646,1036.4908462674646,0
2023-02-17 12:00:00+00:00,1036.4908462674646,1036.4908462674646,0
2023-02-17 16:00:00+00:00,1036.4908462674646,1036.4908462674646,0
2023-02-17 20:00:00+00:00,1036.4908462674646,1036.4908462674646,0
2023-02-18 00:00:00+00:00,1036.4908462674646,1036.4908462674646,0
2023-02-18 04:00:00+00:00,1036.4908462674646,1036.4908462674646,0
2023-02-18 08:00:00+00:00,1036.4908462674646,1036.4908462674646,0
2023-02-18 12:00:00+00:00,1036.4908462674646,1036.4908462674646,0
2023-02-18 16:00:00+00:00,1036.4908462674646,1036.4908462674646,0
2023-02-18 20:00:00+00:00,1036.4908462674646,1036.4908462674646,0
2023-02-19 00:00:00+00:00,1036.4908462674646,1036.4908462674646,0
2023-02-19 04:00:00+00:00,1036.4908462674646,1036.4908462674646,0
2023-02-19 08:00:00+00:00,1036.4908462674646,1036.4908462674646,0
2023-02-19 12:00:00+00:00,1036.4908462674646,1036.4908462674646,0
2023-02-19 16:00:00+00:00,1034.2378402579307,1036.4222431974335,1
2023-02-19 20:00:00+00:00,1034.8987227198843,1036.4222431974335,1
2023-02-20 00:00:00+00:00,1039.3893343203397,1036.4222431974335,1
2023-02-20 04:00:00+00:00,1040.500972512754,1036.4222431974335,1
2023-02-20 08:00:00+00:00,1040.1349453030566,1036.4222431974335,1
2023-02-20 12:00:00+00:00,1040.6941535400945,1036.4222431974335,1
2023-02-20 16:00:00+00:00,1039.9722665431912,1036.4222431974335,1
2023-02-20 20:00:00+00:00,1039.7723072341898,1036.4222431974335,1
2023-02-21 00:00:00+00:00,1039.284270954593,1036.4222431974335,1
2023-02-21 04:00:00+00:00,1038.9318003082178,1036.4222431974335,1
2023-02-21 08:00:00+00:00,1035.654501125093,1036.4222431974335,1
2023-02-21 12:00:00+00:00,1035.6172205759572,1036.4222431974335,1
2023-02-21 16:00:00+00:00,1036.2984378828942,1036.4222431974335,1
2023-02-21 20:00:00+00:00,1035.3393110278537,1036.4222431974335,1
2023-02-22 00:00:00+00:00,1033.5328989651798,1036.4222431974335,1
2023-02-22 04:00:00+00:00,1031.2614714792546,1031.2614714792546,0
2023-02-22 08:00:00+00:00,1031.2614714792546,1031.2614714792546,0
2023-02-22 12:00:00+00:00,1031.2614714792546,1031.2614714792546,0
2023-02-22 16:00:00+00:00,1031.2614714792546,1031.2614714792546,0
2023-02-22 20:00:00+00:00,1031.2614714792546,1031.2614714792546,0
2023-02-23 00:00:00+00:00,1031.2614714792546,1031.2614714792546,0
2023-02-23 04:00:00+00:00,1031.2614714792546,1031.2614714792546,0
2023-02-23 08:00:00+00:00,1031.2614714792546,1031.2614714792546,0
2023-02-23 12:00:00+00:00,1031.2614714792546,1031.2614714792546,0
2023-02-23 16:00:00+00:00,1031.2614714792546,1031.2614714792546,0
2023-02-23 20:00:00+00:00,1031.2614714792546,1031.2614714792546,0
2023-02-24 00:00:00+00:00,1031.2614714792546,1031.2614714792546,0
2023-02-24 04:00:00+00:00,1031.2614714792546,1031.2614714792546,0
2023-02-24 08:00:00+00:00,1031.2614714792546,1031.2614714792546,0
2023-02-24 12:00:00+00:00,1031.2614714792546,1031.2614714792546,0
2023-02-24 16:00:00+00:00,1031.2614714792546,1031.2614714792546,0
2023-02-24 20:00:00+00:00,1031.2614714792546,1031.2614714792546,0
2023-02-25 00:00:00+00:00,1031.2614714792546,1031.2614714792546,0
2023-02-25 04:00:00+00:00,1031.2614714792546,1031.2614714792546,0
2023-02-25 08:00:00+00:00,1031.2614714792546,1031.2614714792546,0
2023-02-25 12:00:00+00:00,1031.2614714792546,1031.2614714792546,0
2023-02-25 16:00:00+00:00,1031.2614714792546,1031.2614714792546,0
2023-02-25 20:00:00+00:00,1031.2614714792546,1031.2614714792546,0
2023-02-26 00:00:00+00:00,1031.2614714792546,1031.2614714792546,0
2023-02-26 04:00:00+00:00,1031.2614714792546,1031.2614714792546,0
2023-02-26 08:00:00+00:00,1031.2614714792546,1031.2614714792546,0
2023-02-26 12:00:00+00:00,1031.2614714792546,1031.2614714792546,0
2023-02-26 16:00:00+00:00,1031.2614714792546,1031.2614714792546,0
2023-02-26 20:00:00+00:00,1031.2614714792546,1031.2614714792546,0
2023-02-27 00:00:00+00:00,1031.2614714792546,1031.2614714792546,0
2023-02-27 04:00:00+00:00,1031.2614714792546,1031.2614714792546,0
2023-02-27 08:00:00+00:00,1031.2614714792546,1031.2614714792546,0
2023-02-27 12:00:00+00:00,1031.2614714792546,1031.2614714792546,0
2023-02-27 16:00:00+00:00,1031.2614714792546,1031.2614714792546,0
2023-02-27 20:00:00+00:00,1031.2614714792546,1031.2614714792546,0
2023-02-28 00:00:00+00:00,1031.2614714792546,1031.2614714792546,0
2023-02-28 04:00:00+00:00,1031.2614714792546,1031.2614714792546,0
2023-02-28 08:00:00+00:00,1031.2614714792546,1031.2614714792546,0
2023-02-28 12:00:00+00:00,1031.2614714792546,1031.2614714792546,0
2023-02-28 16:00:00+00:00,1031.2614714792546,1031.2614714792546,0
2023-02-28 20:00:00+00:00,1031.2614714792546,1031.2614714792546,0
2023-03-01 00:00:00+00:00,1028.6112760969306,1031.181069487285,1
2023-03-01 04:00:00+00:00,1027.6932996066955,1031.181069487285,1
2023-03-01 08:00:00+00:00,1027.157813320725,1031.181069487285,1
2023-03-01 12:00:00+00:00,1027.3520006551978,1031.181069487285,1
2023-03-01 16:00:00+00:00,1029.5704438399328,1031.181069487285,1
2023-03-01 20:00:00+00:00,1027.146044391363,1031.181069487285,1
2023-03-02 00:00:00+00:00,1029.0820332714102,1031.181069487285,1
2023-03-02 04:00:00+00:00,1030.0706233378173,1031.181069487285,1
2023-03-02 08:00:00+00:00,1029.7764001037676,1031.181069487285,1
2023-03-02 12:00:00+00:00,1029.9882408322835,1031.181069487285,1
2023-03-02 16:00:00+00:00,1029.1761847063062,1031.181069487285,1
2023-03-02 20:00:00+00:00,1028.9172682603423,1031.181069487285,1
2023-03-03 00:00:00+00:00,1036.5435344869115,1031.181069487285,1
2023-03-03 04:00:00+00:00,1035.2489522570927,1031.181069487285,1
2023-03-03 08:00:00+00:00,1034.6605057889933,1031.181069487285,1
2023-03-03 12:00:00+00:00,1034.7311193651651,1031.181069487285,1
2023-03-03 16:00:00+00:00,1034.4957407779254,1031.181069487285,1
2023-03-03 20:00:00+00:00,1033.6778001872672,1031.181069487285,1
2023-03-04 00:00:00+00:00,1033.1599672953396,1031.181069487285,1
2023-03-04 04:00:00+00:00,1033.1952740834256,1031.181069487285,1
2023-03-04 08:00:00+00:00,1033.1952740834256,1031.181069487285,1
2023-03-04 12:00:00+00:00,1034.5487009600542,1031.181069487285,1
2023-03-04 16:00:00+00:00,1035.9786258775362,1031.181069487285,1
2023-03-04 20:00:00+00:00,1036.7436062860654,1031.181069487285,1
2023-03-05 00:00:00+00:00,1035.5196376324184,1031.181069487285,1
2023-03-05 04:00:00+00:00,1035.4549085209276,1031.181069487285,1
2023-03-05 08:00:00+00:00,1036.1610442826468,1031.181069487285,1
2023-03-05 12:00:00+00:00,1035.4019483387985,1031.181069487285,1
2023-03-05 16:00:00+00:00,1035.5549444205044,1031.181069487285,1
2023-03-05 20:00:00+00:00,1036.7200684273414,1031.181069487285,1
2023-03-06 00:00:00+00:00,1037.267323642674,1031.181069487285,1
2023-03-06 04:00:00+00:00,1037.143749884373,1031.181069487285,1
2023-03-06 08:00:00+00:00,1036.7377218213844,1031.181069487285,1
2023-03-06 12:00:00+00:00,1034.3957048783484,1031.181069487285,1
2023-03-06 16:00:00+00:00,1035.2724901158167,1031.181069487285,1
2023-03-06 20:00:00+00:00,1034.5604698894163,1031.181069487285,1
2023-03-07 00:00:00+00:00,1034.3133223728146,1031.181069487285,1
2023-03-07 04:00:00+00:00,1034.87823098219,1031.181069487285,1
2023-03-07 08:00:00+00:00,1036.4552675166967,1031.181069487285,1
2023-03-07 12:00:00+00:00,1036.3905384052057,1031.181069487285,1
2023-03-07 16:00:00+00:00,1037.3791284716128,1031.181069487285,1
2023-03-07 20:00:00+00:00,1036.5611878809545,1031.181069487285,1
2023-03-08 00:00:00+00:00,1036.8024509328752,1031.181069487285,1
2023-03-08 04:00:00+00:00,1038.2500292444001,1031.181069487285,1
2023-03-08 08:00:00+00:00,1036.848303751357,1031.1139141618514,2
2023-03-08 12:00:00+00:00,1037.9520293352089,1031.1139141618514,2
2023-03-08 16:00:00+00:00,1042.8837181628305,1031.1139141618514,2
2023-03-08 20:00:00+00:00,1046.0980499204522,1031.1139141618514,2
2023-03-09 00:00:00+00:00,1043.879668958826,1031.1139141618514,2
2023-03-09 04:00:00+00:00,1044.5648153796935,1031.1139141618514,2
2023-03-09 08:00:00+00:00,1043.4515223372148,1031.1139141618514,2
2023-03-09 12:00:00+00:00,1044.1891627051605,1031.1139141618514,2
2023-03-09 16:00:00+00:00,1050.4817841801648,1031.1139141618514,2
2023-03-09 20:00:00+00:00,1055.0159712620139,1031.1139141618514,2
2023-03-10 00:00:00+00:00,1055.4334159489247,1031.1139141618514,2
2023-03-10 04:00:00+00:00,1056.432060303958,1031.1139141618514,2
2023-03-10 08:00:00+00:00,1057.939664186566,1031.1139141618514,2
2023-03-10 12:00:00+00:00,1049.9789222955244,1049.9789222955244,0
2023-03-10 16:00:00+00:00,1049.9789222955244,1049.9789222955244,0
2023-03-10 20:00:00+00:00,1049.9789222955244,1049.9789222955244,0
2023-03-11 00:00:00+00:00,1049.9789222955244,1049.9789222955244,0
2023-03-11 04:00:00+00:00,1049.9789222955244,1049.9789222955244,0
2023-03-11 08:00:00+00:00,1049.9789222955244,1049.9789222955244,0
2023-03-11 12:00:00+00:00,1049.9789222955244,1049.9789222955244,0
2023-03-11 16:00:00+00:00,1049.9789222955244,1049.9789222955244,0
2023-03-11 20:00:00+00:00,1049.9789222955244,1049.9789222955244,0
2023-03-12 00:00:00+00:00,1049.9789222955244,1049.9789222955244,0
2023-03-12 04:00:00+00:00,1049.9789222955244,1049.9789222955244,0
2023-03-12 08:00:00+00:00,1049.9789222955244,1049.9789222955244,0
2023-03-12 12:00:00+00:00,1049.9789222955244,1049.9789222955244,0
2023-03-12 16:00:00+00:00,1049.9789222955244,1049.9789222955244,0
2023-03-12 20:00:00+00:00,1049.9789222955244,1049.9789222955244,0
2023-03-13 00:00:00+00:00,1049.9789222955244,1049.9789222955244,0
2023-03-13 04:00:00+00:00,1049.9789222955244,1049.9789222955244,0
2023-03-13 08:00:00+00:00,1049.9789222955244,1049.9789222955244,0
2023-03-13 12:00:00+00:00,1049.9789222955244,1049.9789222955244,0
2023-03-13 16:00:00+00:00,1049.9789222955244,1049.9789222955244,0
2023-03-13 20:00:00+00:00,1049.9789222955244,1049.9789222955244,0
2023-03-14 00:00:00+00:00,1049.9789222955244,1049.9789222955244,0
2023-03-14 04:00:00+00:00,1049.9789222955244,1049.9789222955244,0
2023-03-14 08:00:00+00:00,1049.9789222955244,1049.9789222955244,0
2023-03-14 12:00:00+00:00,1049.9789222955244,1049.9789222955244,0
2023-03-14 16:00:00+00:00,1049.9789222955244,1049.9789222955244,0
2023-03-14 20:00:00+00:00,1049.9789222955244,1049.9789222955244,0
2023-03-15 00:00:00+00:00,1049.9789222955244,1049.9789222955244,0
2023-03-15 04:00:00+00:00,1049.9789222955244,1049.9789222955244,0
2023-03-15 08:00:00+00:00,1049.9789222955244,1049.9789222955244,0
2023-03-15 12:00:00+00:00,1049.9789222955244,1049.9789222955244,0
2023-03-15 16:00:00+00:00,1049.9789222955244,1049.9789222955244,0
2023-03-15 20:00:00+00:00,1049.9789222955244,1049.9789222955244,0
2023-03-16 00:00:00+00:00,1049.9789222955244,1049.9789222955244,0
2023-03-16 04:00:00+00:00,1049.9789222955244,1049.9789222955244,0
2023-03-16 08:00:00+00:00,1049.9789222955244,1049.9789222955244,0
2023-03-16 12:00:00+00:00,1049.9789222955244,1049.9789222955244,0
2023-03-16 16:00:00+00:00,1049.9789222955244,1049.9789222955244,0
2023-03-16 20:00:00+00:00,1049.9789222955244,1049.9789222955244,0
2023-03-17 00:00:00+00:00,1049.9789222955244,1049.9789222955244,0
2023-03-17 04:00:00+00:00,1049.9789222955244,1049.9789222955244,0
2023-03-17 08:00:00+00:00,1049.9789222955244,1049.9789222955244,0
2023-03-17 12:00:00+00:00,1049.9789222955244,1049.9789222955244,0
2023-03-17 16:00:00+00:00,1049.9789222955244,1049.9789222955244,0
2023-03-17 20:00:00+00:00,1049.9789222955244,1049.9789222955244,0
2023-03-18 00:00:00+00:00,1049.9789222955244,1049.9789222955244,0
2023-03-18 04:00:00+00:00,1049.9789222955244,1049.9789222955244,0
2023-03-18 08:00:00+00:00,1049.9789222955244,1049.9789222955244,0
2023-03-18 12:00:00+00:00,1049.9789222955244,1049.9789222955244,0
2023-03-18 16:00:00+00:00,1049.9789222955244,1049.9789222955244,0
2023-03-18 20:00:00+00:00,1049.9789222955244,1049.9789222955244,0
2023-03-19 00:00:00+00:00,1049.9789222955244,1049.9789222955244,0
2023-03-19 04:00:00+00:00,1049.9789222955244,1049.9789222955244,0
2023-03-19 08:00:00+00:00,1049.9789222955244,1049.9789222955244,0
2023-03-19 12:00:00+00:00,1049.9789222955244,1049.9789222955244,0
2023-03-19 16:00:00+00:00,1049.9789222955244,1049.9789222955244,0
2023-03-19 20:00:00+00:00,1049.9789222955244,1049.9789222955244,0
2023-03-20 00:00:00+00:00,1049.9789222955244,1049.9789222955244,0
2023-03-20 04:00:00+00:00,1049.9789222955244,1049.9789222955244,0
2023-03-20 08:00:00+00:00,1049.9789222955244,1049.9789222955244,0
2023-03-20 12:00:00+00:00,1049.9789222955244,1049.9789222955244,0
2023-03-20 16:00:00+00:00,1049.9789222955244,1049.9789222955244,0
2023-03-20 20:00:00+00:00,1049.9789222955244,1049.9789222955244,0
2023-03-21 00:00:00+00:00,1049.9789222955244,1049.9789222955244,0
2023-03-21 04:00:00+00:00,1049.9789222955244,1049.9789222955244,0
2023-03-21 08:00:00+00:00,1049.9789222955244,1049.9789222955244,0
2023-03-21 12:00:00+00:00,1049.9789222955244,1049.9789222955244,0
2023-03-21 16:00:00+00:00,1058.8957824125514,1049.9109624947287,1
2023-03-21 20:00:00+00:00,1057.944947447599,1049.9109624947287,1
2023-03-22 00:00:00+00:00,1055.589394806003,1055.589394806003,0
2023-03-22 04:00:00+00:00,1055.589394806003,1055.589394806003,0
2023-03-22 08:00:00+00:00,1055.589394806003,1055.589394806003,0
2023-03-22 12:00:00+00:00,1055.589394806003,1055.589394806003,0
2023-03-22 16:00:00+00:00,1055.589394806003,1055.589394806003,0
2023-03-22 20:00:00+00:00,1055.589394806003,1055.589394806003,0
2023-03-23 00:00:00+00:00,1055.589394806003,1055.589394806003,0
2023-03-23 04:00:00+00:00,1055.589394806003,1055.589394806003,0
2023-03-23 08:00:00+00:00,1055.589394806003,1055.589394806003,0
2023-03-23 12:00:00+00:00,1055.589394806003,1055.589394806003,0
2023-03-23 16:00:00+00:00,1055.589394806003,1055.589394806003,0
2023-03-23 20:00:00+00:00,1055.589394806003,1055.589394806003,0
2023-03-24 00:00:00+00:00,1055.589394806003,1055.589394806003,0
2023-03-24 04:00:00+00:00,1055.589394806003,1055.589394806003,0
2023-03-24 08:00:00+00:00,1055.589394806003,1055.589394806003,0
2023-03-24 12:00:00+00:00,1055.589394806003,1055.589394806003,0
2023-03-24 16:00:00+00:00,1055.589394806003,1055.589394806003,0
2023-03-24 20:00:00+00:00,1055.589394806003,1055.589394806003,0
2023-03-25 00:00:00+00:00,1055.589394806003,1055.589394806003,0
2023-03-25 04:00:00+00:00,1055.589394806003,1055.589394806003,0
2023-03-25 08:00:00+00:00,1055.589394806003,1055.589394806003,0
2023-03-25 12:00:00+00:00,1055.589394806003,1055.589394806003,0
2023-03-25 16:00:00+00:00,1055.589394806003,1055.589394806003,0
2023-03-25 20:00:00+00:00,1055.589394806003,1055.589394806003,0
2023-03-26 00:00:00+00:00,1055.589394806003,1055.589394806003,0
2023-03-26 04:00:00+00:00,1055.589394806003,1055.589394806003,0
2023-03-26 08:00:00+00:00,1055.589394806003,1055.589394806003,0
2023-03-26 12:00:00+00:00,1055.589394806003,1055.589394806003,0
2023-03-26 16:00:00+00:00,1055.589394806003,1055.589394806003,0
2023-03-26 20:00:00+00:00,1055.589394806003,1055.589394806003,0
2023-03-27 00:00:00+00:00,1055.589394806003,1055.589394806003,0
2023-03-27 04:00:00+00:00,1055.589394806003,1055.589394806003,0
2023-03-27 08:00:00+00:00,1055.589394806003,1055.589394806003,0
2023-03-27 12:00:00+00:00,1051.9700566841298,1055.5210718678277,1
2023-03-27 16:00:00+00:00,1053.7770771018475,1055.5210718678277,1
2023-03-27 20:00:00+00:00,1055.7451191409461,1055.5210718678277,1
2023-03-28 00:00:00+00:00,1054.7432068301323,1055.5210718678277,1
2023-03-28 04:00:00+00:00,1056.5681185391145,1055.5210718678277,1
2023-03-28 08:00:00+00:00,1059.0192254423555,1055.5210718678277,1
2023-03-28 12:00:00+00:00,1059.1444644812073,1055.5210718678277,1
2023-03-28 16:00:00+00:00,1063.134222433198,1055.5210718678277,1
2023-03-28 20:00:00+00:00,1062.168092704913,1055.5210718678277,1
2023-03-29 00:00:00+00:00,1065.8536987054067,1055.5210718678277,1
2023-03-29 04:00:00+00:00,1069.861347948662,1055.5210718678277,1
2023-03-29 08:00:00+00:00,1072.1335419392574,1055.5210718678277,1
2023-03-29 12:00:00+00:00,1067.8318005946874,1067.8318005946874,0
2023-03-29 16:00:00+00:00,1067.8318005946874,1067.8318005946874,0
2023-03-29 20:00:00+00:00,1067.8318005946874,1067.8318005946874,0
2023-03-30 00:00:00+00:00,1067.8318005946874,1067.8318005946874,0
2023-03-30 04:00:00+00:00,1067.8318005946874,1067.8318005946874,0
2023-03-30 08:00:00+00:00,1067.8318005946874,1067.8318005946874,0
2023-03-30 12:00:00+00:00,1067.8318005946874,1067.8318005946874,0
2023-03-30 16:00:00+00:00,1067.8318005946874,1067.8318005946874,0
2023-03-30 20:00:00+00:00,1067.8318005946874,1067.8318005946874,0
2023-03-31 00:00:00+00:00,1067.8318005946874,1067.8318005946874,0
2023-03-31 04:00:00+00:00,1067.8318005946874,1067.8318005946874,0
2023-03-31 08:00:00+00:00,1067.8318005946874,1067.8318005946874,0
2023-03-31 12:00:00+00:00,1067.8318005946874,1067.8318005946874,0
2023-03-31 16:00:00+00:00,1066.7684219258651,1067.7577120375456,1
2023-03-31 20:00:00+00:00,1066.0846800876893,1067.7577120375456,1
2023-04-01 00:00:00+00:00,1065.8339747470247,1067.7577120375456,1
2023-04-01 04:00:00+00:00,1064.26136851922,1067.7577120375456,1
2023-04-01 08:00:00+00:00,1064.0106631785557,1067.7577120375456,1
2023-04-01 12:00:00+00:00,1064.6716136221257,1067.7577120375456,1
2023-04-01 16:00:00+00:00,1064.9906931466078,1067.7577120375456,1
2023-04-01 20:00:00+00:00,1064.4664910706729,1067.7577120375456,1
2023-04-02 00:00:00+00:00,1062.4695205916191,1062.4695205916191,0
2023-04-02 04:00:00+00:00,1062.3002847786909,1062.400752337859,1
2023-04-02 08:00:00+00:00,1060.2790922654488,1062.400752337859,1
2023-04-02 12:00:00+00:00,1057.1618213100057,1057.1618213100057,0
2023-04-02 16:00:00+00:00,1057.1618213100057,1057.1618213100057,0
2023-04-02 20:00:00+00:00,1057.1618213100057,1057.1618213100057,0
2023-04-03 00:00:00+00:00,1057.1618213100057,1057.1618213100057,0
2023-04-03 04:00:00+00:00,1057.1618213100057,1057.1618213100057,0
2023-04-03 08:00:00+00:00,1057.1618213100057,1057.1618213100057,0
2023-04-03 12:00:00+00:00,1057.1618213100057,1057.1618213100057,0
2023-04-03 16:00:00+00:00,1057.1618213100057,1057.1618213100057,0
2023-04-03 20:00:00+00:00,1056.2028070333151,1057.0933965966524,1
2023-04-04 00:00:00+00:00,1056.8996165235344,1057.0933965966524,1
2023-04-04 04:00:00+00:00,1058.3196966238547,1057.0933965966524,1
2023-04-04 08:00:00+00:00,1059.8897230701716,1057.0933965966524,1
2023-04-04 12:00:00+00:00,1056.5820830849534,1057.0933965966524,1
2023-04-04 16:00:00+00:00,1056.8643350303587,1057.0933965966524,1
2023-04-04 20:00:00+00:00,1055.479536423214,1057.0933965966524,1
2023-04-05 00:00:00+00:00,1058.1521095312703,1057.0933965966524,1
2023-04-05 04:00:00+00:00,1056.9525387632978,1057.0933965966524,1
2023-04-05 08:00:00+00:00,1057.8257557193954,1057.0933965966524,1
2023-04-05 12:00:00+00:00,1055.7794291152072,1057.0933965966524,1
2023-04-05 16:00:00+00:00,1051.8464249468534,1051.8464249468534,0
2023-04-05 20:00:00+00:00,1051.8464249468534,1051.8464249468534,0
2023-04-06 00:00:00+00:00,1051.8464249468534,1051.8464249468534,0
2023-04-06 04:00:00+00:00,1051.8464249468534,1051.8464249468534,0
2023-04-06 08:00:00+00:00,1051.8464249468534,1051.8464249468534,0
2023-04-06 12:00:00+00:00,1051.8464249468534,1051.8464249468534,0
2023-04-06 16:00:00+00:00,1051.8464249468534,1051.8464249468534,0
2023-04-06 20:00:00+00:00,1051.8464249468534,1051.8464249468534,0
2023-04-07 00:00:00+00:00,1051.8464249468534,1051.8464249468534,0
2023-04-07 04:00:00+00:00,1051.8464249468534,1051.8464249468534,0
2023-04-07 08:00:00+00:00,1051.8464249468534,1051.8464249468534,0
2023-04-07 12:00:00+00:00,1051.8464249468534,1051.8464249468534,0
2023-04-07 16:00:00+00:00,1051.8464249468534,1051.8464249468534,0
2023-04-07 20:00:00+00:00,1051.8464249468534,1051.8464249468534,0
2023-04-08 00:00:00+00:00,1051.8464249468534,1051.8464249468534,0
2023-04-08 04:00:00+00:00,1051.8464249468534,1051.8464249468534,0
2023-04-08 08:00:00+00:00,1051.8464249468534,1051.8464249468534,0
2023-04-08 12:00:00+00:00,1051.8464249468534,1051.8464249468534,0
2023-04-08 16:00:00+00:00,1051.8464249468534,1051.8464249468534,0
2023-04-08 20:00:00+00:00,1051.8464249468534,1051.8464249468534,0
2023-04-09 00:00:00+00:00,1051.8464249468534,1051.8464249468534,0
2023-04-09 04:00:00+00:00,1051.8464249468534,1051.8464249468534,0
2023-04-09 08:00:00+00:00,1051.8464249468534,1051.8464249468534,0
2023-04-09 12:00:00+00:00,1051.8464249468534,1051.8464249468534,0
2023-04-09 16:00:00+00:00,1051.8464249468534,1051.8464249468534,0
2023-04-09 20:00:00+00:00,1051.8464249468534,1051.8464249468534,0
2023-04-10 00:00:00+00:00,1051.8464249468534,1051.8464249468534,0
2023-04-10 04:00:00+00:00,1051.8464249468534,1051.8464249468534,0
2023-04-10 08:00:00+00:00,1051.8464249468534,1051.8464249468534,0
2023-04-10 12:00:00+00:00,1051.8464249468534,1051.8464249468534,0
2023-04-10 16:00:00+00:00,1051.8464249468534,1051.8464249468534,0
2023-04-10 20:00:00+00:00,1051.8464249468534,1051.8464249468534,0
2023-04-11 00:00:00+00:00,1051.8464249468534,1051.8464249468534,0
2023-04-11 04:00:00+00:00,1051.8464249468534,1051.8464249468534,0
2023-04-11 08:00:00+00:00,1051.8464249468534,1051.8464249468534,0
2023-04-11 12:00:00+00:00,1051.8464249468534,1051.8464249468534,0
2023-04-11 16:00:00+00:00,1051.8464249468534,1051.8464249468534,0
2023-04-11 20:00:00+00:00,1051.8464249468534,1051.8464249468534,0
2023-04-12 00:00:00+00:00,1051.8464249468534,1051.8464249468534,0
2023-04-12 04:00:00+00:00,1051.8464249468534,1051.8464249468534,0
2023-04-12 08:00:00+00:00,1051.8464249468534,1051.8464249468534,0
2023-04-12 12:00:00+00:00,1051.8464249468534,1051.8464249468534,0
2023-04-12 16:00:00+00:00,1051.8464249468534,1051.8464249468534,0
2023-04-12 20:00:00+00:00,1051.8464249468534,1051.8464249468534,0
2023-04-13 00:00:00+00:00,1051.8464249468534,1051.8464249468534,0
2023-04-13 04:00:00+00:00,1051.8464249468534,1051.8464249468534,0
2023-04-13 08:00:00+00:00,1051.8464249468534,1051.8464249468534,0
2023-04-13 12:00:00+00:00,1051.8464249468534,1051.8464249468534,0
2023-04-13 16:00:00+00:00,1052.22276648321,1051.7783442720995,1
2023-04-13 20:00:00+00:00,1052.0453298828907,1051.6948799997963,2
2023-04-14 00:00:00+00:00,1057.4523189541387,1051.6948799997963,2
2023-04-14 04:00:00+00:00,1056.1182921951138,1051.6948799997963,2
2023-04-14 08:00:00+00:00,1058.6013802451653,1051.6948799997963,2
2023-04-14 12:00:00+00:00,1050.5390235604336,1051.6948799997963,2
2023-04-14 16:00:00+00:00,1054.5773994521696,1051.6948799997963,2
2023-04-14 20:00:00+00:00,1056.2191475945433,1051.6948799997963,2
2023-04-15 00:00:00+00:00,1054.341724869078,1051.6948799997963,2
2023-04-15 04:00:00+00:00,1057.3595778068754,1051.6948799997963,2
2023-04-15 08:00:00+00:00,1059.441022459726,1051.6948799997963,2
2023-04-15 12:00:00+00:00,1059.4992254909423,1051.6948799997963,2
2023-04-15 16:00:00+00:00,1057.0069274299594,1051.6948799997963,2
2023-04-15 20:00:00+00:00,1057.5658970615177,1051.6948799997963,2
2023-04-16 00:00:00+00:00,1057.7122511859059,1051.6948799997963,2
2023-04-16 04:00:00+00:00,1057.920860867171,1051.6948799997963,2
2023-04-16 08:00:00+00:00,1055.6602124661567,1051.6948799997963,2
2023-04-16 12:00:00+00:00,1057.2817876884756,1051.6948799997963,2
2023-04-16 16:00:00+00:00,1058.7218434336814,1051.6948799997963,2
2023-04-16 20:00:00+00:00,1061.7707792957942,1051.6948799997963,2
2023-04-17 00:00:00+00:00,1061.7701773614426,1051.6948799997963,2
2023-04-17 04:00:00+00:00,1057.9081358590104,1051.6948799997963,2
2023-04-17 08:00:00+00:00,1058.1916662998153,1051.6948799997963,2
2023-04-17 12:00:00+00:00,1054.6460892395662,1054.8897079251103,1
2023-04-17 16:00:00+00:00,1055.3445026120498,1054.8897079251103,1
2023-04-17 20:00:00+00:00,1054.8085913608866,1054.8897079251103,1
2023-04-18 00:00:00+00:00,1054.2726801097235,1054.8897079251103,1
2023-04-18 04:00:00+00:00,1056.5615397759816,1054.8897079251103,1
2023-04-18 08:00:00+00:00,1057.4881476167025,1054.8897079251103,1
2023-04-18 12:00:00+00:00,1056.0325435087045,1054.8897079251103,1
2023-04-18 16:00:00+00:00,1055.1335956035275,1054.8897079251103,1
2023-04-18 20:00:00+00:00,1055.6349319352607,1054.8897079251103,1
2023-04-19 00:00:00+00:00,1054.9261460869482,1054.8897079251103,1
2023-04-19 04:00:00+00:00,1054.0064532301135,1054.8897079251103,1
2023-04-19 08:00:00+00:00,1049.5669969707515,1049.5669969707515,0
2023-04-19 12:00:00+00:00,1049.5669969707515,1049.5669969707515,0
2023-04-19 16:00:00+00:00,1049.5669969707515,1049.5669969707515,0
2023-04-19 20:00:00+00:00,1049.5669969707515,1049.5669969707515,0
2023-04-20 00:00:00+00:00,1049.5669969707515,1049.5669969707515,0
2023-04-20 04:00:00+00:00,1049.5669969707515,1049.5669969707515,0
2023-04-20 08:00:00+00:00,1049.5669969707515,1049.5669969707515,0
2023-04-20 12:00:00+00:00,1049.5669969707515,1049.5669969707515,0
2023-04-20 16:00:00+00:00,1049.5669969707515,1049.5669969707515,0
2023-04-20 20:00:00+00:00,1049.5669969707515,1049.5669969707515,0
2023-04-21 00:00:00+00:00,1049.5669969707515,1049.5669969707515,0
2023-04-21 04:00:00+00:00,1049.5669969707515,1049.5669969707515,0
2023-04-21 08:00:00+00:00,1049.5669969707515,1049.5669969707515,0
2023-04-21 12:00:00+00:00,1049.5669969707515,1049.5669969707515,0
2023-04-21 16:00:00+00:00,1049.5669969707515,1049.5669969707515,0
2023-04-21 20:00:00+00:00,1049.5669969707515,1049.5669969707515,0
2023-04-22 00:00:00+00:00,1049.5669969707515,1049.5669969707515,0
2023-04-22 04:00:00+00:00,1049.5669969707515,1049.5669969707515,0
2023-04-22 08:00:00+00:00,1049.5669969707515,1049.5669969707515,0
2023-04-22 12:00:00+00:00,1049.5669969707515,1049.5669969707515,0
2023-04-22 16:00:00+00:00,1049.5669969707515,1049.5669969707515,0
2023-04-22 20:00:00+00:00,1049.5669969707515,1049.5669969707515,0
2023-04-23 00:00:00+00:00,1049.5669969707515,1049.5669969707515,0
2023-04-23 04:00:00+00:00,1049.5669969707515,1049.5669969707515,0
2023-04-23 08:00:00+00:00,1049.5669969707515,1049.5669969707515,0
2023-04-23 12:00:00+00:00,1049.5669969707515,1049.5669969707515,0
2023-04-23 16:00:00+00:00,1049.5669969707515,1049.5669969707515,0
2023-04-23 20:00:00+00:00,1049.5669969707515,1049.5669969707515,0
2023-04-24 00:00:00+00:00,1049.5669969707515,1049.5669969707515,0
2023-04-24 04:00:00+00:00,1049.5669969707515,1049.5669969707515,0
2023-04-24 08:00:00+00:00,1049.5669969707515,1049.5669969707515,0
2023-04-24 12:00:00+00:00,1049.5669969707515,1049.5669969707515,0
2023-04-24 16:00:00+00:00,1049.5669969707515,1049.5669969707515,0
2023-04-24 20:00:00+00:00,1049.5669969707515,1049.5669969707515,0
2023-04-25 00:00:00+00:00,1049.5669969707515,1049.5669969707515,0
2023-04-25 04:00:00+00:00,1049.5669969707515,1049.5669969707515,0
2023-04-25 08:00:00+00:00,1049.5669969707515,1049.5669969707515,0
2023-04-25 12:00:00+00:00,1049.5669969707515,1049.5669969707515,0
2023-04-25 16:00:00+00:00,1049.5669969707515,1049.5669969707515,0
2023-04-25 20:00:00+00:00,1049.5669969707515,1049.5669969707515,0
2023-04-26 00:00:00+00:00,1049.5669969707515,1049.5669969707515,0
2023-04-26 04:00:00+00:00,1049.5669969707515,1049.5669969707515,0
2023-04-26 08:00:00+00:00,1049.5669969707515,1049.5669969707515,0
2023-04-26 12:00:00+00:00,1049.5669969707515,1049.5669969707515,0
2023-04-26 16:00:00+00:00,1049.5669969707515,1049.5669969707515,0
2023-04-26 20:00:00+00:00,1049.5669969707515,1049.5669969707515,0
2023-04-27 00:00:00+00:00,1049.5669969707515,1049.5669969707515,0
2023-04-27 04:00:00+00:00,1049.5669969707515,1049.5669969707515,0
2023-04-27 08:00:00+00:00,1049.5669969707515,1049.5669969707515,0
2023-04-27 12:00:00+00:00,1049.5669969707515,1049.5669969707515,0
2023-04-27 16:00:00+00:00,1049.5669969707515,1049.5669969707515,0
2023-04-27 20:00:00+00:00,1049.5669969707515,1049.5669969707515,0
2023-04-28 00:00:00+00:00,1049.5669969707515,1049.5669969707515,0
2023-04-28 04:00:00+00:00,1049.5669969707515,1049.5669969707515,0
2023-04-28 08:00:00+00:00,1049.5669969707515,1049.5669969707515,0
2023-04-28 12:00:00+00:00,1049.5669969707515,1049.5669969707515,0
2023-04-28 16:00:00+00:00,1049.5669969707515,1049.5669969707515,0
2023-04-28 20:00:00+00:00,1049.5669969707515,1049.5669969707515,0
2023-04-29 00:00:00+00:00,1049.5669969707515,1049.5669969707515,0
2023-04-29 04:00:00+00:00,1049.5669969707515,1049.5669969707515,0
2023-04-29 08:00:00+00:00,1049.5669969707515,1049.5669969707515,0
2023-04-29 12:00:00+00:00,1049.5669969707515,1049.5669969707515,0
2023-04-29 16:00:00+00:00,1049.5669969707515,1049.5669969707515,0
2023-04-29 20:00:00+00:00,1049.5669969707515,1049.5669969707515,0
2023-04-30 00:00:00+00:00,1049.5669969707515,1049.5669969707515,0
2023-04-30 04:00:00+00:00,1049.5669969707515,1049.5669969707515,0
2023-04-30 08:00:00+00:00,1049.5669969707515,1049.5669969707515,0
2023-04-30 12:00:00+00:00,1049.5669969707515,1049.5669969707515,0
2023-04-30 16:00:00+00:00,1049.5669969707515,1049.5669969707515,0
2023-04-30 20:00:00+00:00,1049.5669969707515,1049.5669969707515,0
2023-05-01 00:00:00+00:00,1049.5669969707515,1049.5669969707515,0
2023-05-01 04:00:00+00:00,1049.5669969707515,1049.5669969707515,0
2023-05-01 08:00:00+00:00,1049.5669969707515,1049.5669969707515,0
2023-05-01 12:00:00+00:00,1049.5669969707515,1049.5669969707515,0
2023-05-01 16:00:00+00:00,1049.5669969707515,1049.5669969707515,0
2023-05-01 20:00:00+00:00,1049.5669969707515,1049.5669969707515,0
2023-05-02 00:00:00+00:00,1049.5669969707515,1049.5669969707515,0
2023-05-02 04:00:00+00:00,1049.5669969707515,1049.5669969707515,0
2023-05-02 08:00:00+00:00,1049.5669969707515,1049.5669969707515,0
2023-05-02 12:00:00+00:00,1049.5669969707515,1049.5669969707515,0
2023-05-02 16:00:00+00:00,1049.5669969707515,1049.5669969707515,0
2023-05-02 20:00:00+00:00,1049.5669969707515,1049.5669969707515,0
2023-05-03 00:00:00+00:00,1049.5669969707515,1049.5669969707515,0
2023-05-03 04:00:00+00:00,1049.5669969707515,1049.5669969707515,0
2023-05-03 08:00:00+00:00,1049.5669969707515,1049.5669969707515,0
2023-05-03 12:00:00+00:00,1049.5669969707515,1049.5669969707515,0
2023-05-03 16:00:00+00:00,1049.5669969707515,1049.5669969707515,0
2023-05-03 20:00:00+00:00,1049.5669969707515,1049.5669969707515,0
2023-05-04 00:00:00+00:00,1049.5669969707515,1049.5669969707515,0
2023-05-04 04:00:00+00:00,1049.5669969707515,1049.5669969707515,0
2023-05-04 08:00:00+00:00,1049.5669969707515,1049.5669969707515,0
2023-05-04 12:00:00+00:00,1049.5669969707515,1049.5669969707515,0
2023-05-04 16:00:00+00:00,1049.5669969707515,1049.5669969707515,0
2023-05-04 20:00:00+00:00,1049.5669969707515,1049.5669969707515,0
2023-05-05 00:00:00+00:00,1049.5669969707515,1049.5669969707515,0
2023-05-05 04:00:00+00:00,1049.5669969707515,1049.5669969707515,0
2023-05-05 08:00:00+00:00,1049.5669969707515,1049.5669969707515,0
2023-05-05 12:00:00+00:00,1049.5669969707515,1049.5669969707515,0
2023-05-05 16:00:00+00:00,1049.5669969707515,1049.5669969707515,0
2023-05-05 20:00:00+00:00,1049.5669969707515,1049.5669969707515,0
2023-05-06 00:00:00+00:00,1049.5669969707515,1049.5669969707515,0
2023-05-06 04:00:00+00:00,1049.5669969707515,1049.5669969707515,0
2023-05-06 08:00:00+00:00,1049.5669969707515,1049.5669969707515,0
2023-05-06 12:00:00+00:00,1049.5669969707515,1049.5669969707515,0
2023-05-06 16:00:00+00:00,1049.5669969707515,1049.5669969707515,0
2023-05-06 20:00:00+00:00,1049.5669969707515,1049.5669969707515,0
2023-05-07 00:00:00+00:00,1049.5669969707515,1049.5669969707515,0
2023-05-07 04:00:00+00:00,1049.5669969707515,1049.5669969707515,0
2023-05-07 08:00:00+00:00,1049.5669969707515,1049.5669969707515,0
2023-05-07 12:00:00+00:00,1049.5669969707515,1049.5669969707515,0
2023-05-07 16:00:00+00:00,1049.5669969707515,1049.5669969707515,0
2023-05-07 20:00:00+00:00,1049.5669969707515,1049.5669969707515,0
2023-05-08 00:00:00+00:00,1049.5669969707515,1049.5669969707515,0
2023-05-08 04:00:00+00:00,1049.5669969707515,1049.5669969707515,0
2023-05-08 08:00:00+00:00,1049.5669969707515,1049.5669969707515,0
2023-05-08 12:00:00+00:00,1049.5669969707515,1049.5669969707515,0
2023-05-08 16:00:00+00:00,1049.5669969707515,1049.5669969707515,0
2023-05-08 20:00:00+00:00,1049.5669969707515,1049.5669969707515,0
2023-05-09 00:00:00+00:00,1049.5669969707515,1049.5669969707515,0
2023-05-09 04:00:00+00:00,1049.5669969707515,1049.5669969707515,0
2023-05-09 08:00:00+00:00,1049.5669969707515,1049.5669969707515,0
2023-05-09 12:00:00+00:00,1049.5669969707515,1049.5669969707515,0
2023-05-09 16:00:00+00:00,1049.5669969707515,1049.5669969707515,0
2023-05-09 20:00:00+00:00,1049.5669969707515,1049.5669969707515,0
2023-05-10 00:00:00+00:00,1049.5669969707515,1049.5669969707515,0
2023-05-10 04:00:00+00:00,1049.5669969707515,1049.5669969707515,0
2023-05-10 08:00:00+00:00,1049.5669969707515,1049.5669969707515,0
2023-05-10 12:00:00+00:00,1049.5669969707515,1049.5669969707515,0
2023-05-10 16:00:00+00:00,1049.5669969707515,1049.5669969707515,0
2023-05-10 20:00:00+00:00,1049.5669969707515,1049.5669969707515,0
2023-05-11 00:00:00+00:00,1049.5669969707515,1049.5669969707515,0
2023-05-11 04:00:00+00:00,1049.5669969707515,1049.5669969707515,0
2023-05-11 08:00:00+00:00,1049.5669969707515,1049.5669969707515,0
2023-05-11 12:00:00+00:00,1049.5669969707515,1049.5669969707515,0
2023-05-11 16:00:00+00:00,1049.5669969707515,1049.5669969707515,0
2023-05-11 20:00:00+00:00,1049.5669969707515,1049.5669969707515,0
2023-05-12 00:00:00+00:00,1049.5669969707515,1049.5669969707515,0
2023-05-12 04:00:00+00:00,1049.5669969707515,1049.5669969707515,0
2023-05-12 08:00:00+00:00,1049.5669969707515,1049.5669969707515,0
2023-05-12 12:00:00+00:00,1049.5669969707515,1049.5669969707515,0
2023-05-12 16:00:00+00:00,1049.5669969707515,1049.5669969707515,0
2023-05-12 20:00:00+00:00,1049.5669969707515,1049.5669969707515,0
2023-05-13 00:00:00+00:00,1049.5669969707515,1049.5669969707515,0
2023-05-13 04:00:00+00:00,1049.5669969707515,1049.5669969707515,0
2023-05-13 08:00:00+00:00,1049.5669969707515,1049.5669969707515,0
2023-05-13 12:00:00+00:00,1049.5669969707515,1049.5669969707515,0
2023-05-13 16:00:00+00:00,1049.5669969707515,1049.5669969707515,0
2023-05-13 20:00:00+00:00,1049.5669969707515,1049.5669969707515,0
2023-05-14 00:00:00+00:00,1049.5669969707515,1049.5669969707515,0
2023-05-14 04:00:00+00:00,1049.5669969707515,1049.5669969707515,0
2023-05-14 08:00:00+00:00,1049.5669969707515,1049.5669969707515,0
2023-05-14 12:00:00+00:00,1049.5669969707515,1049.5669969707515,0
2023-05-14 16:00:00+00:00,1049.5669969707515,1049.5669969707515,0
2023-05-14 20:00:00+00:00,1049.5669969707515,1049.5669969707515,0
2023-05-15 00:00:00+00:00,1049.5669969707515,1049.5669969707515,0
2023-05-15 04:00:00+00:00,1049.5669969707515,1049.5669969707515,0
2023-05-15 08:00:00+00:00,1049.5669969707515,1049.5669969707515,0
2023-05-15 12:00:00+00:00,1049.5669969707515,1049.5669969707515,0
2023-05-15 16:00:00+00:00,1049.5669969707515,1049.5669969707515,0
2023-05-15 20:00:00+00:00,1049.5669969707515,1049.5669969707515,0
2023-05-16 00:00:00+00:00,1049.5669969707515,1049.5669969707515,0
2023-05-16 04:00:00+00:00,1049.5669969707515,1049.5669969707515,0
2023-05-16 08:00:00+00:00,1049.5669969707515,1049.5669969707515,0
2023-05-16 12:00:00+00:00,1049.5669969707515,1049.5669969707515,0
2023-05-16 16:00:00+00:00,1049.5669969707515,1049.5669969707515,0
2023-05-16 20:00:00+00:00,1049.5669969707515,1049.5669969707515,0
2023-05-17 00:00:00+00:00,1049.5669969707515,1049.5669969707515,0
2023-05-17 04:00:00+00:00,1049.5669969707515,1049.5669969707515,0
2023-05-17 08:00:00+00:00,1049.5669969707515,1049.5669969707515,0
2023-05-17 12:00:00+00:00,1049.5669969707515,1049.5669969707515,0
2023-05-17 16:00:00+00:00,1049.5669969707515,1049.5669969707515,0
2023-05-17 20:00:00+00:00,1049.5669969707515,1049.5669969707515,0
2023-05-18 00:00:00+00:00,1049.5669969707515,1049.5669969707515,0
2023-05-18 04:00:00+00:00,1049.5669969707515,1049.5669969707515,0
2023-05-18 08:00:00+00:00,1049.5669969707515,1049.5669969707515,0
2023-05-18 12:00:00+00:00,1049.5669969707515,1049.5669969707515,0
2023-05-18 16:00:00+00:00,1049.5669969707515,1049.5669969707515,0
2023-05-18 20:00:00+00:00,1049.5669969707515,1049.5669969707515,0
2023-05-19 00:00:00+00:00,1049.5669969707515,1049.5669969707515,0
2023-05-19 04:00:00+00:00,1049.5669969707515,1049.5669969707515,0
2023-05-19 08:00:00+00:00,1049.5669969707515,1049.5669969707515,0
2023-05-19 12:00:00+00:00,1049.5669969707515,1049.5669969707515,0
2023-05-19 16:00:00+00:00,1049.5669969707515,1049.5669969707515,0
2023-05-19 20:00:00+00:00,1049.5669969707515,1049.5669969707515,0
2023-05-20 00:00:00+00:00,1049.5669969707515,1049.5669969707515,0
2023-05-20 04:00:00+00:00,1049.5669969707515,1049.5669969707515,0
2023-05-20 08:00:00+00:00,1049.5669969707515,1049.5669969707515,0
2023-05-20 12:00:00+00:00,1049.5669969707515,1049.5669969707515,0
2023-05-20 16:00:00+00:00,1049.5669969707515,1049.5669969707515,0
2023-05-20 20:00:00+00:00,1049.5669969707515,1049.5669969707515,0
2023-05-21 00:00:00+00:00,1049.5669969707515,1049.5669969707515,0
2023-05-21 04:00:00+00:00,1049.5669969707515,1049.5669969707515,0
2023-05-21 08:00:00+00:00,1049.5669969707515,1049.5669969707515,0
2023-05-21 12:00:00+00:00,1049.5669969707515,1049.5669969707515,0
2023-05-21 16:00:00+00:00,1049.5669969707515,1049.5669969707515,0
2023-05-21 20:00:00+00:00,1049.5669969707515,1049.5669969707515,0
2023-05-22 00:00:00+00:00,1050.0391889306532,1049.440112149182,1
2023-05-22 04:00:00+00:00,1048.7850370831547,1049.440112149182,1
2023-05-22 08:00:00+00:00,1047.312420075124,1049.440112149182,1
2023-05-22 12:00:00+00:00,1048.971137034719,1049.440112149182,1
2023-05-22 16:00:00+00:00,1048.7931283853966,1049.440112149182,1
2023-05-22 20:00:00+00:00,1050.1524671620402,1049.440112149182,1
2023-05-23 00:00:00+00:00,1045.912624787271,1049.440112149182,1
2023-05-23 04:00:00+00:00,1047.54706784014,1049.440112149182,1
2023-05-23 08:00:00+00:00,1046.9078549630278,1049.440112149182,1
2023-05-23 12:00:00+00:00,1046.2524594814317,1049.440112149182,1
2023-05-23 16:00:00+00:00,1046.0339943208999,1049.440112149182,1
2023-05-23 20:00:00+00:00,1046.0259030186578,1049.440112149182,1
2023-05-24 00:00:00+00:00,1049.9016367925406,1049.440112149182,1
2023-05-24 04:00:00+00:00,1050.9939625952004,1049.440112149182,1
2023-05-24 08:00:00+00:00,1050.9696886884747,1049.440112149182,1
2023-05-24 12:00:00+00:00,1053.024879457924,1049.440112149182,1
2023-05-24 16:00:00+00:00,1052.806414297392,1049.440112149182,1
2023-05-24 20:00:00+00:00,1052.685044763763,1049.440112149182,1
2023-05-25 00:00:00+00:00,1051.4228016140225,1049.440112149182,1
2023-05-25 04:00:00+00:00,1052.1672014202798,1049.440112149182,1
2023-05-25 08:00:00+00:00,1051.2447929647003,1049.440112149182,1
2023-05-25 12:00:00+00:00,1052.458488300989,1049.440112149182,1
2023-05-25 16:00:00+00:00,1051.7788189126672,1049.440112149182,1
2023-05-25 20:00:00+00:00,1052.3452100696022,1049.440112149182,1
2023-05-26 00:00:00+00:00,1052.037740584409,1049.440112149182,1
2023-05-26 04:00:00+00:00,1051.8759145395704,1049.440112149182,1
2023-05-26 08:00:00+00:00,1051.9487362597479,1049.440112149182,1
2023-05-26 12:00:00+00:00,1050.9130495727811,1049.440112149182,1
2023-05-26 16:00:00+00:00,1050.597488785346,1049.440112149182,1
2023-05-26 20:00:00+00:00,1051.487532031958,1049.440112149182,1
2023-05-27 00:00:00+00:00,1050.508484460685,1049.440112149182,1
2023-05-27 04:00:00+00:00,1050.071554139621,1049.440112149182,1
2023-05-27 08:00:00+00:00,1050.4599366472335,1049.440112149182,1
2023-05-27 12:00:00+00:00,1049.424249960267,1049.440112149182,1
2023-05-27 16:00:00+00:00,1048.963045732477,1049.440112149182,1
2023-05-27 20:00:00+00:00,1044.0609131475665,1044.0609131475665,0
2023-05-28 00:00:00+00:00,1044.0609131475665,1044.0609131475665,0
2023-05-28 04:00:00+00:00,1044.0609131475665,1044.0609131475665,0
2023-05-28 08:00:00+00:00,1044.0609131475665,1044.0609131475665,0
2023-05-28 12:00:00+00:00,1044.0609131475665,1044.0609131475665,0
2023-05-28 16:00:00+00:00,1044.0609131475665,1044.0609131475665,0
2023-05-28 20:00:00+00:00,1044.0609131475665,1044.0609131475665,0
2023-05-29 00:00:00+00:00,1044.0609131475665,1044.0609131475665,0
2023-05-29 04:00:00+00:00,1044.0609131475665,1044.0609131475665,0
2023-05-29 08:00:00+00:00,1044.0609131475665,1044.0609131475665,0
2023-05-29 12:00:00+00:00,1044.0609131475665,1044.0609131475665,0
2023-05-29 16:00:00+00:00,1044.0609131475665,1044.0609131475665,0
2023-05-29 20:00:00+00:00,1044.0609131475665,1044.0609131475665,0
2023-05-30 00:00:00+00:00,1044.0609131475665,1044.0609131475665,0
2023-05-30 04:00:00+00:00,1045.021236972402,1043.9503135204134,1
2023-05-30 08:00:00+00:00,1045.4106333396421,1043.9503135204134,1
2023-05-30 12:00:00+00:00,1045.994727890502,1043.9503135204134,1
2023-05-30 16:00:00+00:00,1050.278087930142,1043.9503135204134,1
2023-05-30 20:00:00+00:00,1050.3893440350676,1043.9503135204134,1
2023-05-31 00:00:00+00:00,1052.364139897499,1043.9503135204134,1
2023-05-31 04:00:00+00:00,1047.2463590709162,1043.9503135204134,1
2023-05-31 08:00:00+00:00,1046.0132456520555,1046.0132456520555,0
2023-05-31 12:00:00+00:00,1046.0132456520555,1046.0132456520555,0
2023-05-31 16:00:00+00:00,1046.0132456520555,1046.0132456520555,0
2023-05-31 20:00:00+00:00,1046.0132456520555,1046.0132456520555,0
2023-06-01 00:00:00+00:00,1046.0132456520555,1046.0132456520555,0
2023-06-01 04:00:00+00:00,1046.0132456520555,1046.0132456520555,0
2023-06-01 08:00:00+00:00,1046.0132456520555,1046.0132456520555,0
2023-06-01 12:00:00+00:00,1046.0132456520555,1046.0132456520555,0
2023-06-01 16:00:00+00:00,1046.0132456520555,1046.0132456520555,0
2023-06-01 20:00:00+00:00,1046.0132456520555,1046.0132456520555,0
2023-06-02 00:00:00+00:00,1046.0132456520555,1046.0132456520555,0
2023-06-02 04:00:00+00:00,1046.0132456520555,1046.0132456520555,0
2023-06-02 08:00:00+00:00,1046.0132456520555,1046.0132456520555,0
2023-06-02 12:00:00+00:00,1046.0132456520555,1046.0132456520555,0
2023-06-02 16:00:00+00:00,1046.0132456520555,1046.0132456520555,0
2023-06-02 20:00:00+00:00,1046.0132456520555,1046.0132456520555,0
2023-06-03 00:00:00+00:00,1046.0132456520555,1046.0132456520555,0
2023-06-03 04:00:00+00:00,1046.0132456520555,1046.0132456520555,0
2023-06-03 08:00:00+00:00,1046.0132456520555,1046.0132456520555,0
2023-06-03 12:00:00+00:00,1046.0132456520555,1046.0132456520555,0
2023-06-03 16:00:00+00:00,1046.0132456520555,1046.0132456520555,0
2023-06-03 20:00:00+00:00,1046.0132456520555,1046.0132456520555,0
2023-06-04 00:00:00+00:00,1046.0132456520555,1046.0132456520555,0
2023-06-04 04:00:00+00:00,1046.0132456520555,1046.0132456520555,0
2023-06-04 08:00:00+00:00,1046.0132456520555,1046.0132456520555,0
2023-06-04 12:00:00+00:00,1046.0132456520555,1046.0132456520555,0
2023-06-04 16:00:00+00:00,1047.4200700607794,1045.7714523880134,2
2023-06-04 20:00:00+00:00,1044.1031130947554,1045.7714523880134,2
2023-06-05 00:00:00+00:00,1040.7229220227293,1045.7714523880134,2
2023-06-05 04:00:00+00:00,1042.6030724108323,1045.7714523880134,2
2023-06-05 08:00:00+00:00,1042.2462064734345,1045.7714523880134,2
2023-06-05 12:00:00+00:00,1035.5318369114195,1035.5318369114195,0
2023-06-05 16:00:00+00:00,1035.5318369114195,1035.5318369114195,0
2023-06-05 20:00:00+00:00,1035.5318369114195,1035.5318369114195,0
2023-06-06 00:00:00+00:00,1035.5318369114195,1035.5318369114195,0
2023-06-06 04:00:00+00:00,1035.5318369114195,1035.5318369114195,0
2023-06-06 08:00:00+00:00,1035.5318369114195,1035.5318369114195,0
2023-06-06 12:00:00+00:00,1035.5318369114195,1035.5318369114195,0
2023-06-06 16:00:00+00:00,1035.5318369114195,1035.5318369114195,0
2023-06-06 20:00:00+00:00,1035.5318369114195,1035.5318369114195,0
2023-06-07 00:00:00+00:00,1035.5318369114195,1035.5318369114195,0
2023-06-07 04:00:00+00:00,1035.5318369114195,1035.5318369114195,0
2023-06-07 08:00:00+00:00,1035.5318369114195,1035.5318369114195,0
2023-06-07 12:00:00+00:00,1035.5318369114195,1035.5318369114195,0
2023-06-07 16:00:00+00:00,1035.5318369114195,1035.5318369114195,0
2023-06-07 20:00:00+00:00,1035.5318369114195,1035.5318369114195,0
2023-06-08 00:00:00+00:00,1035.5318369114195,1035.5318369114195,0
2023-06-08 04:00:00+00:00,1035.5318369114195,1035.5318369114195,0
2023-06-08 08:00:00+00:00,1035.5318369114195,1035.5318369114195,0
2023-06-08 12:00:00+00:00,1035.5318369114195,1035.5318369114195,0
2023-06-08 16:00:00+00:00,1035.5318369114195,1035.5318369114195,0
2023-06-08 20:00:00+00:00,1035.5318369114195,1035.5318369114195,0
2023-06-09 00:00:00+00:00,1035.5318369114195,1035.5318369114195,0
2023-06-09 04:00:00+00:00,1035.5318369114195,1035.5318369114195,0
2023-06-09 08:00:00+00:00,1035.5318369114195,1035.5318369114195,0
2023-06-09 12:00:00+00:00,1035.5318369114195,1035.5318369114195,0
2023-06-09 16:00:00+00:00,1038.988653200845,1035.456509085077,1
2023-06-09 20:00:00+00:00,1040.3004623119145,1035.3891705050244,2
2023-06-10 00:00:00+00:00,1051.21650038128,1035.3891705050244,2
2023-06-10 04:00:00+00:00,1090.159622244531,1061.2577305725513,2
2023-06-10 08:00:00+00:00,1092.7755537447151,1077.5247116000683,1
2023-06-10 12:00:00+00:00,1093.8549951207413,1077.5247116000683,1
2023-06-10 16:00:00+00:00,1090.9189145779503,1077.5247116000683,1
2023-06-10 20:00:00+00:00,1089.2089956874531,1089.2089956874531,0
2023-06-11 00:00:00+00:00,1089.2089956874531,1089.2089956874531,0
2023-06-11 04:00:00+00:00,1089.2089956874531,1089.2089956874531,0
2023-06-11 08:00:00+00:00,1089.2089956874531,1089.2089956874531,0
2023-06-11 12:00:00+00:00,1089.2089956874531,1089.2089956874531,0
2023-06-11 16:00:00+00:00,1089.2089956874531,1089.2089956874531,0
2023-06-11 20:00:00+00:00,1089.2089956874531,1089.2089956874531,0
2023-06-12 00:00:00+00:00,1089.2089956874531,1089.2089956874531,0
2023-06-12 04:00:00+00:00,1089.2089956874531,1089.2089956874531,0
2023-06-12 08:00:00+00:00,1089.2089956874531,1089.2089956874531,0
2023-06-12 12:00:00+00:00,1089.2089956874531,1089.2089956874531,0
2023-06-12 16:00:00+00:00,1089.2089956874531,1089.2089956874531,0
2023-06-12 20:00:00+00:00,1089.2089956874531,1089.2089956874531,0
2023-06-13 00:00:00+00:00,1089.2089956874531,1089.2089956874531,0
2023-06-13 04:00:00+00:00,1089.2089956874531,1089.2089956874531,0
2023-06-13 08:00:00+00:00,1089.2089956874531,1089.2089956874531,0
2023-06-13 12:00:00+00:00,1089.2089956874531,1089.2089956874531,0
2023-06-13 16:00:00+00:00,1089.2089956874531,1089.2089956874531,0
2023-06-13 20:00:00+00:00,1089.2089956874531,1089.2089956874531,0
2023-06-14 00:00:00+00:00,1089.2089956874531,1089.2089956874531,0
2023-06-14 04:00:00+00:00,1089.2089956874531,1089.2089956874531,0
2023-06-14 08:00:00+00:00,1089.2089956874531,1089.2089956874531,0
2023-06-14 12:00:00+00:00,1089.2089956874531,1089.2089956874531,0
2023-06-14 16:00:00+00:00,1089.2089956874531,1089.2089956874531,0
2023-06-14 20:00:00+00:00,1089.2089956874531,1089.2089956874531,0
2023-06-15 00:00:00+00:00,1089.2089956874531,1089.2089956874531,0
2023-06-15 04:00:00+00:00,1089.2089956874531,1089.2089956874531,0
2023-06-15 08:00:00+00:00,1089.2089956874531,1089.2089956874531,0
2023-06-15 12:00:00+00:00,1089.2089956874531,1089.2089956874531,0
2023-06-15 16:00:00+00:00,1089.2089956874531,1089.2089956874531,0
2023-06-15 20:00:00+00:00,1089.2089956874531,1089.2089956874531,0
2023-06-16 00:00:00+00:00,1089.2089956874531,1089.2089956874531,0
2023-06-16 04:00:00+00:00,1089.2089956874531,1089.2089956874531,0
2023-06-16 08:00:00+00:00,1089.2089956874531,1089.2089956874531,0
2023-06-16 12:00:00+00:00,1089.2089956874531,1089.2089956874531,0
2023-06-16 16:00:00+00:00,1089.2089956874531,1089.2089956874531,0
2023-06-16 20:00:00+00:00,1089.2089956874531,1089.2089956874531,0
2023-06-17 00:00:00+00:00,1089.2089956874531,1089.2089956874531,0
2023-06-17 04:00:00+00:00,1089.2089956874531,1089.2089956874531,0
2023-06-17 08:00:00+00:00,1089.2089956874531,1089.2089956874531,0
2023-06-17 12:00:00+00:00,1089.2089956874531,1089.2089956874531,0
2023-06-17 16:00:00+00:00,1089.2089956874531,1089.2089956874531,0
2023-06-17 20:00:00+00:00,1089.2089956874531,1089.2089956874531,0
2023-06-18 00:00:00+00:00,1089.2089956874531,1089.2089956874531,0
2023-06-18 04:00:00+00:00,1089.2089956874531,1089.2089956874531,0
2023-06-18 08:00:00+00:00,1089.2089956874531,1089.2089956874531,0
2023-06-18 12:00:00+00:00,1089.2089956874531,1089.2089956874531,0
2023-06-18 16:00:00+00:00,1089.2089956874531,1089.2089956874531,0
2023-06-18 20:00:00+00:00,1089.2089956874531,1089.2089956874531,0
2023-06-19 00:00:00+00:00,1089.2089956874531,1089.2089956874531,0
2023-06-19 04:00:00+00:00,1089.2089956874531,1089.2089956874531,0
2023-06-19 08:00:00+00:00,1089.2089956874531,1089.2089956874531,0
2023-06-19 12:00:00+00:00,1089.2089956874531,1089.2089956874531,0
2023-06-19 16:00:00+00:00,1089.2089956874531,1089.2089956874531,0
2023-06-19 20:00:00+00:00,1089.2089956874531,1089.2089956874531,0
2023-06-20 00:00:00+00:00,1089.2089956874531,1089.2089956874531,0
2023-06-20 04:00:00+00:00,1089.2089956874531,1089.2089956874531,0
2023-06-20 08:00:00+00:00,1089.2089956874531,1089.2089956874531,0
2023-06-20 12:00:00+00:00,1089.2089956874531,1089.2089956874531,0
2023-06-20 16:00:00+00:00,1089.2089956874531,1089.2089956874531,0
2023-06-20 20:00:00+00:00,1089.2089956874531,1089.2089956874531,0
2023-06-21 00:00:00+00:00,1089.2089956874531,1089.2089956874531,0
2023-06-21 04:00:00+00:00,1089.2089956874531,1089.2089956874531,0
2023-06-21 08:00:00+00:00,1089.2089956874531,1089.2089956874531,0
2023-06-21 12:00:00+00:00,1089.2089956874531,1089.2089956874531,0
2023-06-21 16:00:00+00:00,1089.2089956874531,1089.2089956874531,0
2023-06-21 20:00:00+00:00,1089.2089956874531,1089.2089956874531,0
2023-06-22 00:00:00+00:00,1089.2089956874531,1089.2089956874531,0
2023-06-22 04:00:00+00:00,1089.2089956874531,1089.2089956874531,0
2023-06-22 08:00:00+00:00,1089.2089956874531,1089.2089956874531,0
2023-06-22 12:00:00+00:00,1089.2089956874531,1089.2089956874531,0
2023-06-22 16:00:00+00:00,1089.2089956874531,1089.2089956874531,0
2023-06-22 20:00:00+00:00,1089.2089956874531,1089.2089956874531,0
2023-06-23 00:00:00+00:00,1089.2089956874531,1089.2089956874531,0
2023-06-23 04:00:00+00:00,1089.2089956874531,1089.2089956874531,0
2023-06-23 08:00:00+00:00,1089.2089956874531,1089.2089956874531,0
2023-06-23 12:00:00+00:00,1091.804534530422,1089.1261751086886,1
2023-06-23 16:00:00+00:00,1093.0427566825585,1089.1261751086886,1
2023-06-23 20:00:00+00:00,1092.9366233552325,1089.1261751086886,1
2023-06-24 00:00:00+00:00,1093.0781344583338,1089.1261751086886,1
2023-06-24 04:00:00+00:00,1092.069867848737,1089.1261751086886,1
2023-06-24 08:00:00+00:00,1094.0687121800431,1089.1261751086886,1
2023-06-24 12:00:00+00:00,1092.016801185074,1089.1261751086886,1
2023-06-24 16:00:00+00:00,1093.2550233372106,1089.1261751086886,1
2023-06-24 20:00:00+00:00,1094.0156455163801,1089.1261751086886,1
2023-06-25 00:00:00+00:00,1095.6430232020455,1089.1261751086886,1
2023-06-25 04:00:00+00:00,1096.7928009147436,1089.1261751086886,1
2023-06-25 08:00:00+00:00,1097.2880897755983,1089.1261751086886,1
2023-06-25 12:00:00+00:00,1095.1300454533032,1089.1261751086886,1
2023-06-25 16:00:00+00:00,1093.750312198065,1089.1261751086886,1
2023-06-25 20:00:00+00:00,1094.4401788256841,1089.1261751086886,1
2023-06-26 00:00:00+00:00,1093.9979566284924,1089.1261751086886,1
2023-06-26 04:00:00+00:00,1094.9000899107634,1089.1261751086886,1
2023-06-26 08:00:00+00:00,1094.3517343862459,1089.1261751086886,1
2023-06-26 12:00:00+00:00,1095.7491565293715,1089.1261751086886,1
2023-06-26 16:00:00+00:00,1093.3611566645366,1089.1261751086886,1
2023-06-26 20:00:00+00:00,1092.6889789248053,1089.1261751086886,1
2023-06-27 00:00:00+00:00,1095.0416010138647,1089.1261751086886,1
2023-06-27 04:00:00+00:00,1096.0675565113493,1089.1261751086886,1
2023-06-27 08:00:00+00:00,1095.7845343051467,1089.1261751086886,1
2023-06-27 12:00:00+00:00,1093.856445525391,1089.1261751086886,1
2023-06-27 16:00:00+00:00,1095.7314676414837,1089.1261751086886,1
2023-06-27 20:00:00+00:00,1095.2184898927414,1089.1261751086886,1
2023-06-28 00:00:00+00:00,1093.5203566555256,1089.1261751086886,1
2023-06-28 04:00:00+00:00,1091.0441646732402,1091.0441646732402,0
2023-06-28 08:00:00+00:00,1091.0441646732402,1091.0441646732402,0
2023-06-28 12:00:00+00:00,1091.0441646732402,1091.0441646732402,0
2023-06-28 16:00:00+00:00,1091.0441646732402,1091.0441646732402,0
2023-06-28 20:00:00+00:00,1091.0441646732402,1091.0441646732402,0
2023-06-29 00:00:00+00:00,1091.0441646732402,1091.0441646732402,0
2023-06-29 04:00:00+00:00,1091.0441646732402,1091.0441646732402,0
2023-06-29 08:00:00+00:00,1091.0441646732402,1091.0441646732402,0
2023-06-29 12:00:00+00:00,1091.0441646732402,1091.0441646732402,0
2023-06-29 16:00:00+00:00,1091.0441646732402,1091.0441646732402,0
2023-06-29 20:00:00+00:00,1091.0441646732402,1091.0441646732402,0
2023-06-30 00:00:00+00:00,1091.0441646732402,1091.0441646732402,0
2023-06-30 04:00:00+00:00,1090.1822275219386,1090.973546927954,1
2023-06-30 08:00:00+00:00,1090.5688163603345,1090.973546927954,1
2023-06-30 12:00:00+00:00,1085.593717185749,1085.593717185749,0
2023-06-30 16:00:00+00:00,1085.593717185749,1085.593717185749,0
2023-06-30 20:00:00+00:00,1085.593717185749,1085.593717185749,0
2023-07-01 00:00:00+00:00,1085.593717185749,1085.593717185749,0
2023-07-01 04:00:00+00:00,1085.593717185749,1085.593717185749,0
2023-07-01 08:00:00+00:00,1085.593717185749,1085.593717185749,0
2023-07-01 12:00:00+00:00,1085.593717185749,1085.593717185749,0
2023-07-01 16:00:00+00:00,1085.593717185749,1085.593717185749,0
2023-07-01 20:00:00+00:00,1085.593717185749,1085.593717185749,0
2023-07-02 00:00:00+00:00,1085.593717185749,1085.593717185749,0
2023-07-02 04:00:00+00:00,1085.593717185749,1085.593717185749,0
2023-07-02 08:00:00+00:00,1085.593717185749,1085.593717185749,0
2023-07-02 12:00:00+00:00,1085.593717185749,1085.593717185749,0
2023-07-02 16:00:00+00:00,1085.593717185749,1085.593717185749,0
2023-07-02 20:00:00+00:00,1085.593717185749,1085.593717185749,0
2023-07-03 00:00:00+00:00,1085.593717185749,1085.593717185749,0
2023-07-03 04:00:00+00:00,1085.593717185749,1085.593717185749,0
2023-07-03 08:00:00+00:00,1085.593717185749,1085.593717185749,0
2023-07-03 12:00:00+00:00,1085.593717185749,1085.593717185749,0
2023-07-03 16:00:00+00:00,1085.593717185749,1085.593717185749,0
2023-07-03 20:00:00+00:00,1085.593717185749,1085.593717185749,0
2023-07-04 00:00:00+00:00,1085.593717185749,1085.593717185749,0
2023-07-04 04:00:00+00:00,1085.593717185749,1085.593717185749,0
2023-07-04 08:00:00+00:00,1085.593717185749,1085.593717185749,0
2023-07-04 12:00:00+00:00,1085.593717185749,1085.593717185749,0
2023-07-04 16:00:00+00:00,1080.9051541841136,1085.4188996564062,2
2023-07-04 20:00:00+00:00,1079.211895064246,1085.4188996564062,2
2023-07-05 00:00:00+00:00,1080.370116039678,1085.4188996564062,2
2023-07-05 04:00:00+00:00,1080.1357787517409,1085.4188996564062,2
2023-07-05 08:00:00+00:00,1074.7253608054266,1074.7253608054266,0
2023-07-05 12:00:00+00:00,1074.7253608054266,1074.7253608054266,0
2023-07-05 16:00:00+00:00,1074.7253608054266,1074.7253608054266,0
2023-07-05 20:00:00+00:00,1074.7253608054266,1074.7253608054266,0
2023-07-06 00:00:00+00:00,1074.7253608054266,1074.7253608054266,0
2023-07-06 04:00:00+00:00,1074.7253608054266,1074.7253608054266,0
2023-07-06 08:00:00+00:00,1074.7253608054266,1074.7253608054266,0
2023-07-06 12:00:00+00:00,1074.7253608054266,1074.7253608054266,0
2023-07-06 16:00:00+00:00,1074.7253608054266,1074.7253608054266,0
2023-07-06 20:00:00+00:00,1074.7253608054266,1074.7253608054266,0
2023-07-07 00:00:00+00:00,1074.7253608054266,1074.7253608054266,0
2023-07-07 04:00:00+00:00,1074.7253608054266,1074.7253608054266,0
2023-07-07 08:00:00+00:00,1074.7253608054266,1074.7253608054266,0
2023-07-07 12:00:00+00:00,1074.7253608054266,1074.7253608054266,0
2023-07-07 16:00:00+00:00,1074.7253608054266,1074.7253608054266,0
2023-07-07 20:00:00+00:00,1074.7253608054266,1074.7253608054266,0
2023-07-08 00:00:00+00:00,1074.7253608054266,1074.7253608054266,0
2023-07-08 04:00:00+00:00,1074.7253608054266,1074.7253608054266,0
2023-07-08 08:00:00+00:00,1074.7253608054266,1074.7253608054266,0
2023-07-08 12:00:00+00:00,1074.7253608054266,1074.7253608054266,0
2023-07-08 16:00:00+00:00,1074.7253608054266,1074.7253608054266,0
2023-07-08 20:00:00+00:00,1074.7253608054266,1074.7253608054266,0
2023-07-09 00:00:00+00:00,1074.7253608054266,1074.7253608054266,0
2023-07-09 04:00:00+00:00,1074.7253608054266,1074.7253608054266,0
2023-07-09 08:00:00+00:00,1074.7253608054266,1074.7253608054266,0
2023-07-09 12:00:00+00:00,1074.7253608054266,1074.7253608054266,0
2023-07-09 16:00:00+00:00,1074.7253608054266,1074.7253608054266,0
2023-07-09 20:00:00+00:00,1074.7253608054266,1074.7253608054266,0
2023-07-10 00:00:00+00:00,1074.7253608054266,1074.7253608054266,0
2023-07-10 04:00:00+00:00,1074.7253608054266,1074.7253608054266,0
2023-07-10 08:00:00+00:00,1074.7253608054266,1074.7253608054266,0
2023-07-10 12:00:00+00:00,1074.7253608054266,1074.7253608054266,0
2023-07-10 16:00:00+00:00,1074.7253608054266,1074.7253608054266,0
2023-07-10 20:00:00+00:00,1074.7253608054266,1074.7253608054266,0
2023-07-11 00:00:00+00:00,1074.7253608054266,1074.7253608054266,0
2023-07-11 04:00:00+00:00,1074.7253608054266,1074.7253608054266,0
2023-07-11 08:00:00+00:00,1074.7253608054266,1074.7253608054266,0
2023-07-11 12:00:00+00:00,1074.7253608054266,1074.7253608054266,0
2023-07-11 16:00:00+00:00,1074.7253608054266,1074.7253608054266,0
2023-07-11 20:00:00+00:00,1074.7253608054266,1074.7253608054266,0
2023-07-12 00:00:00+00:00,1074.7253608054266,1074.7253608054266,0
2023-07-12 04:00:00+00:00,1074.7253608054266,1074.7253608054266,0
2023-07-12 08:00:00+00:00,1074.7253608054266,1074.7253608054266,0
2023-07-12 12:00:00+00:00,1074.7253608054266,1074.7253608054266,0
2023-07-12 16:00:00+00:00,1072.1369096487476,1074.6458019558163,1
2023-07-12 20:00:00+00:00,1072.5275090504924,1074.6458019558163,1
2023-07-13 00:00:00+00:00,1071.2846927722137,1074.6458019558163,1
2023-07-13 04:00:00+00:00,1071.7418716174377,1074.6458019558163,1
2023-07-13 08:00:00+00:00,1074.649173982697,1074.6458019558163,1
2023-07-13 12:00:00+00:00,1082.1415806888922,1074.6458019558163,1
2023-07-13 16:00:00+00:00,1082.4282241032074,1082.4282241032074,0
2023-07-13 20:00:00+00:00,1082.4282241032074,1082.4282241032074,0
2023-07-14 00:00:00+00:00,1082.4282241032074,1082.4282241032074,0
2023-07-14 04:00:00+00:00,1082.4282241032074,1082.4282241032074,0
2023-07-14 08:00:00+00:00,1082.4282241032074,1082.4282241032074,0
2023-07-14 12:00:00+00:00,1082.4282241032074,1082.4282241032074,0
2023-07-14 16:00:00+00:00,1082.4282241032074,1082.4282241032074,0
2023-07-14 20:00:00+00:00,1082.4282241032074,1082.4282241032074,0
2023-07-15 00:00:00+00:00,1082.4282241032074,1082.4282241032074,0
2023-07-15 04:00:00+00:00,1082.4282241032074,1082.4282241032074,0
2023-07-15 08:00:00+00:00,1082.4282241032074,1082.4282241032074,0
2023-07-15 12:00:00+00:00,1082.4282241032074,1082.4282241032074,0
2023-07-15 16:00:00+00:00,1082.4282241032074,1082.4282241032074,0
2023-07-15 20:00:00+00:00,1082.4282241032074,1082.4282241032074,0
2023-07-16 00:00:00+00:00,1082.4282241032074,1082.4282241032074,0
2023-07-16 04:00:00+00:00,1082.4282241032074,1082.4282241032074,0
2023-07-16 08:00:00+00:00,1082.4282241032074,1082.4282241032074,0
2023-07-16 12:00:00+00:00,1082.4282241032074,1082.4282241032074,0
2023-07-16 16:00:00+00:00,1082.4282241032074,1082.4282241032074,0
2023-07-16 20:00:00+00:00,1082.4282241032074,1082.4282241032074,0
2023-07-17 00:00:00+00:00,1082.4282241032074,1082.4282241032074,0
2023-07-17 04:00:00+00:00,1082.4282241032074,1082.4282241032074,0
2023-07-17 08:00:00+00:00,1082.4282241032074,1082.4282241032074,0
2023-07-17 12:00:00+00:00,1081.7282208371985,1082.3449256922001,1
2023-07-17 16:00:00+00:00,1082.1057230995686,1082.3449256922001,1
2023-07-17 20:00:00+00:00,1081.0418530874344,1082.3449256922001,1
2023-07-18 00:00:00+00:00,1079.876869054772,1082.274952384049,2
2023-07-18 04:00:00+00:00,1080.7656443357137,1082.274952384049,2
2023-07-18 08:00:00+00:00,1079.3961997278407,1082.274952384049,2
2023-07-18 12:00:00+00:00,1079.2237136310273,1082.274952384049,2
2023-07-18 16:00:00+00:00,1079.0794344935712,1082.274952384049,2
2023-07-18 20:00:00+00:00,1078.3829315985008,1082.274952384049,2
2023-07-19 00:00:00+00:00,1076.811738441233,1082.274952384049,2
2023-07-19 04:00:00+00:00,1076.2424477945467,1082.274952384049,2
2023-07-19 08:00:00+00:00,1075.7285661415963,1082.274952384049,2
2023-07-19 12:00:00+00:00,1077.0121088297003,1082.274952384049,2
2023-07-19 16:00:00+00:00,1078.1926594334711,1082.274952384049,2
2023-07-19 20:00:00+00:00,1077.8452768611858,1082.274952384049,2
2023-07-20 00:00:00+00:00,1078.206334294398,1082.274952384049,2
2023-07-20 04:00:00+00:00,1082.5139460913913,1082.274952384049,2
2023-07-20 08:00:00+00:00,1092.4294798703434,1082.274952384049,2
2023-07-20 12:00:00+00:00,1091.72974628098,1082.274952384049,2
2023-07-20 16:00:00+00:00,1092.687692906698,1082.274952384049,2
2023-07-20 20:00:00+00:00,1095.0216795699746,1082.274952384049,2
2023-07-21 00:00:00+00:00,1093.8858313229643,1082.274952384049,2
2023-07-21 04:00:00+00:00,1091.9643981350666,1082.274952384049,2
2023-07-21 08:00:00+00:00,1092.4474641942804,1082.274952384049,2
2023-07-21 12:00:00+00:00,1092.1828909058297,1082.274952384049,2
2023-07-21 16:00:00+00:00,1090.4090413934186,1082.274952384049,2
2023-07-21 20:00:00+00:00,1090.2902498153342,1082.274952384049,2
2023-07-22 00:00:00+00:00,1088.5904800737346,1076.8164510624845,1
2023-07-22 04:00:00+00:00,1088.6878583778685,1076.8164510624845,1
2023-07-22 08:00:00+00:00,1085.285799285598,1085.285799285598,0
2023-07-22 12:00:00+00:00,1085.285799285598,1085.285799285598,0
2023-07-22 16:00:00+00:00,1085.285799285598,1085.285799285598,0
2023-07-22 20:00:00+00:00,1085.285799285598,1085.285799285598,0
2023-07-23 00:00:00+00:00,1085.285799285598,1085.285799285598,0
2023-07-23 04:00:00+00:00,1085.285799285598,1085.285799285598,0
2023-07-23 08:00:00+00:00,1085.285799285598,1085.285799285598,0
2023-07-23 12:00:00+00:00,1085.285799285598,1085.285799285598,0
2023-07-23 16:00:00+00:00,1085.285799285598,1085.285799285598,0
2023-07-23 20:00:00+00:00,1085.285799285598,1085.285799285598,0
2023-07-24 00:00:00+00:00,1085.285799285598,1085.285799285598,0
2023-07-24 04:00:00+00:00,1085.285799285598,1085.285799285598,0
2023-07-24 08:00:00+00:00,1085.285799285598,1085.285799285598,0
2023-07-24 12:00:00+00:00,1085.285799285598,1085.285799285598,0
2023-07-24 16:00:00+00:00,1085.285799285598,1085.285799285598,0
2023-07-24 20:00:00+00:00,1085.285799285598,1085.285799285598,0
2023-07-25 00:00:00+00:00,1085.285799285598,1085.285799285598,0
2023-07-25 04:00:00+00:00,1085.285799285598,1085.285799285598,0
2023-07-25 08:00:00+00:00,1085.285799285598,1085.285799285598,0
2023-07-25 12:00:00+00:00,1085.285799285598,1085.285799285598,0
2023-07-25 16:00:00+00:00,1085.285799285598,1085.285799285598,0
2023-07-25 20:00:00+00:00,1085.285799285598,1085.285799285598,0
2023-07-26 00:00:00+00:00,1085.285799285598,1085.285799285598,0
2023-07-26 04:00:00+00:00,1085.285799285598,1085.285799285598,0
2023-07-26 08:00:00+00:00,1085.285799285598,1085.285799285598,0
2023-07-26 12:00:00+00:00,1085.285799285598,1085.285799285598,0
2023-07-26 16:00:00+00:00,1085.285799285598,1085.285799285598,0
2023-07-26 20:00:00+00:00,1085.285799285598,1085.285799285598,0
2023-07-27 00:00:00+00:00,1085.285799285598,1085.285799285598,0
2023-07-27 04:00:00+00:00,1085.285799285598,1085.285799285598,0
2023-07-27 08:00:00+00:00,1085.285799285598,1085.285799285598,0
2023-07-27 12:00:00+00:00,1085.285799285598,1085.285799285598,0
2023-07-27 16:00:00+00:00,1085.285799285598,1085.285799285598,0
2023-07-27 20:00:00+00:00,1085.285799285598,1085.285799285598,0
2023-07-28 00:00:00+00:00,1085.285799285598,1085.285799285598,0
2023-07-28 04:00:00+00:00,1085.285799285598,1085.285799285598,0
2023-07-28 08:00:00+00:00,1085.285799285598,1085.285799285598,0
2023-07-28 12:00:00+00:00,1085.285799285598,1085.285799285598,0
2023-07-28 16:00:00+00:00,1085.285799285598,1085.285799285598,0
2023-07-28 20:00:00+00:00,1085.285799285598,1085.285799285598,0
2023-07-29 00:00:00+00:00,1085.285799285598,1085.285799285598,0
2023-07-29 04:00:00+00:00,1085.285799285598,1085.285799285598,0
2023-07-29 08:00:00+00:00,1085.285799285598,1085.285799285598,0
2023-07-29 12:00:00+00:00,1085.285799285598,1085.285799285598,0
2023-07-29 16:00:00+00:00,1085.285799285598,1085.285799285598,0
2023-07-29 20:00:00+00:00,1084.345186250254,1085.1992399349779,1
2023-07-30 00:00:00+00:00,1084.3050322098836,1085.1992399349779,1
2023-07-30 04:00:00+00:00,1083.8633377658084,1085.1992399349779,1
2023-07-30 08:00:00+00:00,1084.1444160484018,1085.1992399349779,1
2023-07-30 12:00:00+00:00,1083.0201029180284,1085.1992399349779,1
2023-07-30 16:00:00+00:00,1080.9856315392578,1085.1992399349779,1
2023-07-30 20:00:00+00:00,1079.842447192328,1079.842447192328,0
2023-07-31 00:00:00+00:00,1079.842447192328,1079.842447192328,0
2023-07-31 04:00:00+00:00,1079.842447192328,1079.842447192328,0
2023-07-31 08:00:00+00:00,1079.842447192328,1079.842447192328,0
2023-07-31 12:00:00+00:00,1079.842447192328,1079.842447192328,0
2023-07-31 16:00:00+00:00,1079.842447192328,1079.842447192328,0
2023-07-31 20:00:00+00:00,1079.842447192328,1079.842447192328,0
2023-08-01 00:00:00+00:00,1079.842447192328,1079.842447192328,0
2023-08-01 04:00:00+00:00,1079.842447192328,1079.842447192328,0
2023-08-01 08:00:00+00:00,1079.842447192328,1079.842447192328,0
2023-08-01 12:00:00+00:00,1079.842447192328,1079.842447192328,0
2023-08-01 16:00:00+00:00,1079.842447192328,1079.842447192328,0
2023-08-01 20:00:00+00:00,1079.842447192328,1079.842447192328,0
2023-08-02 00:00:00+00:00,1079.842447192328,1079.842447192328,0
2023-08-02 04:00:00+00:00,1079.842447192328,1079.842447192328,0
2023-08-02 08:00:00+00:00,1079.842447192328,1079.842447192328,0
2023-08-02 12:00:00+00:00,1079.842447192328,1079.842447192328,0
2023-08-02 16:00:00+00:00,1079.842447192328,1079.842447192328,0
2023-08-02 20:00:00+00:00,1079.842447192328,1079.842447192328,0
2023-08-03 00:00:00+00:00,1079.842447192328,1079.842447192328,0
2023-08-03 04:00:00+00:00,1079.842447192328,1079.842447192328,0
2023-08-03 08:00:00+00:00,1079.842447192328,1079.842447192328,0
2023-08-03 12:00:00+00:00,1079.842447192328,1079.842447192328,0
2023-08-03 16:00:00+00:00,1079.842447192328,1079.842447192328,0
2023-08-03 20:00:00+00:00,1079.842447192328,1079.842447192328,0
2023-08-04 00:00:00+00:00,1079.4778983323517,1079.7725544772995,1
2023-08-04 04:00:00+00:00,1079.4143608475022,1079.7725544772995,1
2023-08-04 08:00:00+00:00,1079.2872858778032,1079.7725544772995,1
2023-08-04 12:00:00+00:00,1078.9378297111307,1079.7725544772995,1
2023-08-04 16:00:00+00:00,1080.187400246505,1079.7725544772995,1
2023-08-04 20:00:00+00:00,1080.113273180847,1079.7725544772995,1
2023-08-05 00:00:00+00:00,1081.8687359922583,1079.6938040284458,2
2023-08-05 04:00:00+00:00,1081.7579334788425,1079.6938040284458,2
2023-08-05 08:00:00+00:00,1081.1781118459867,1079.6938040284458,2
2023-08-05 12:00:00+00:00,1081.251962110471,1079.6938040284458,2
2023-08-05 16:00:00+00:00,1080.6656814319986,1079.6938040284458,2
2023-08-05 20:00:00+00:00,1080.1465422879103,1079.6938040284458,2
2023-08-06 00:00:00+00:00,1078.8027456132663,1079.6938040284458,2
2023-08-06 04:00:00+00:00,1079.310768690889,1079.6938040284458,2
2023-08-06 08:00:00+00:00,1079.1844698913317,1079.6938040284458,2
2023-08-06 12:00:00+00:00,1081.6205457295086,1079.6938040284458,2
2023-08-06 16:00:00+00:00,1080.734901792323,1079.6938040284458,2
2023-08-06 20:00:00+00:00,1081.4206192332613,1079.6938040284458,2
2023-08-07 00:00:00+00:00,1080.5218075203588,1079.6938040284458,2
2023-08-07 04:00:00+00:00,1083.1376023144128,1079.6938040284458,2
2023-08-07 08:00:00+00:00,1081.5370775054625,1079.6938040284458,2
2023-08-07 12:00:00+00:00,1083.5180781700583,1079.6938040284458,2
2023-08-07 16:00:00+00:00,1083.2670329112264,1079.6938040284458,2
2023-08-07 20:00:00+00:00,1081.6032203019104,1079.6938040284458,2
2023-08-08 00:00:00+00:00,1082.2742176268487,1079.6938040284458,2
2023-08-08 04:00:00+00:00,1081.8837057927421,1079.6938040284458,2
2023-08-08 08:00:00+00:00,1080.912569038949,1079.6938040284458,2
2023-08-08 12:00:00+00:00,1079.1934800151673,1079.6938040284458,2
2023-08-08 16:00:00+00:00,1077.6205934134498,1079.6938040284458,2
2023-08-08 20:00:00+00:00,1077.3378065288828,1079.6938040284458,2
2023-08-09 00:00:00+00:00,1077.7479451843224,1079.6938040284458,2
2023-08-09 04:00:00+00:00,1076.6921189007528,1079.6938040284458,2
2023-08-09 08:00:00+00:00,1076.6569957932777,1079.6938040284458,2
2023-08-09 12:00:00+00:00,1075.587252680539,1079.6938040284458,2
2023-08-09 16:00:00+00:00,1074.7667256851757,1079.6938040284458,2
2023-08-09 20:00:00+00:00,1076.835716011219,1079.6938040284458,2
2023-08-10 00:00:00+00:00,1077.6244742641575,1079.6938040284458,2
2023-08-10 04:00:00+00:00,1079.6444246535566,1079.6938040284458,2
2023-08-10 08:00:00+00:00,1079.8280786935209,1079.6938040284458,2
2023-08-10 12:00:00+00:00,1079.3900521463643,1079.6938040284458,2
2023-08-10 16:00:00+00:00,1079.532124033237,1079.6938040284458,2
2023-08-10 20:00:00+00:00,1079.4329369552547,1079.6938040284458,2
2023-08-11 00:00:00+00:00,1078.728259350923,1078.691615283084,1
2023-08-11 04:00:00+00:00,1079.2241405074544,1078.691615283084,1
2023-08-11 08:00:00+00:00,1079.0536813598967,1078.691615283084,1
2023-08-11 12:00:00+00:00,1079.7355179501274,1078.691615283084,1
2023-08-11 16:00:00+00:00,1079.4100959411535,1078.691615283084,1
2023-08-11 20:00:00+00:00,1079.2861256520207,1078.691615283084,1
2023-08-12 00:00:00+00:00,1079.2860331474055,1079.2860331474055,0
2023-08-12 04:00:00+00:00,1079.2860331474055,1079.2860331474055,0
2023-08-12 08:00:00+00:00,1079.2860331474055,1079.2860331474055,0
2023-08-12 12:00:00+00:00,1079.2860331474055,1079.2860331474055,0
2023-08-12 16:00:00+00:00,1079.2860331474055,1079.2860331474055,0
2023-08-12 20:00:00+00:00,1079.2860331474055,1079.2860331474055,0
2023-08-13 00:00:00+00:00,1079.2860331474055,1079.2860331474055,0
2023-08-13 04:00:00+00:00,1079.2860331474055,1079.2860331474055,0
2023-08-13 08:00:00+00:00,1079.2860331474055,1079.2860331474055,0
2023-08-13 12:00:00+00:00,1079.2860331474055,1079.2860331474055,0
2023-08-13 16:00:00+00:00,1079.2860331474055,1079.2860331474055,0
2023-08-13 20:00:00+00:00,1079.2860331474055,1079.2860331474055,0
2023-08-14 00:00:00+00:00,1079.2860331474055,1079.2860331474055,0
2023-08-14 04:00:00+00:00,1079.2860331474055,1079.2860331474055,0
2023-08-14 08:00:00+00:00,1079.2860331474055,1079.2860331474055,0
2023-08-14 12:00:00+00:00,1079.2860331474055,1079.2860331474055,0
2023-08-14 16:00:00+00:00,1079.2860331474055,1079.2860331474055,0
2023-08-14 20:00:00+00:00,1079.2860331474055,1079.2860331474055,0
2023-08-15 00:00:00+00:00,1079.2860331474055,1079.2860331474055,0
2023-08-15 04:00:00+00:00,1079.2860331474055,1079.2860331474055,0
2023-08-15 08:00:00+00:00,1079.2860331474055,1079.2860331474055,0
2023-08-15 12:00:00+00:00,1079.2860331474055,1079.2860331474055,0
2023-08-15 16:00:00+00:00,1079.2860331474055,1079.2860331474055,0
2023-08-15 20:00:00+00:00,1079.2659708352026,1079.1739676441662,1
2023-08-16 00:00:00+00:00,1079.477996395003,1079.1739676441662,1
2023-08-16 04:00:00+00:00,1079.9550539045536,1079.1739676441662,1
2023-08-16 08:00:00+00:00,1080.167079464354,1079.1739676441662,1
2023-08-16 12:00:00+00:00,1081.5275768064062,1079.1739676441662,1
2023-08-16 16:00:00+00:00,1083.1884436915088,1079.1739676441662,1
2023-08-16 20:00:00+00:00,1087.570305260716,1079.1739676441662,1
2023-08-17 00:00:00+00:00,1085.0130617737104,1079.0907645386717,2
2023-08-17 04:00:00+00:00,1084.6316450207903,1079.0907645386717,2
2023-08-17 08:00:00+00:00,1086.6264218392823,1079.0907645386717,2
2023-08-17 12:00:00+00:00,1091.8794222414363,1079.0907645386717,2
2023-08-17 16:00:00+00:00,1089.33089400034,1079.0907645386717,2
2023-08-17 20:00:00+00:00,1115.6441620675837,1106.1114001788656,1
2023-08-18 00:00:00+00:00,1117.7117909598614,1117.7117909598614,0
2023-08-18 04:00:00+00:00,1117.7117909598614,1117.7117909598614,0
2023-08-18 08:00:00+00:00,1117.7117909598614,1117.7117909598614,0
2023-08-18 12:00:00+00:00,1117.7117909598614,1117.7117909598614,0
2023-08-18 16:00:00+00:00,1117.7117909598614,1117.7117909598614,0
2023-08-18 20:00:00+00:00,1117.7117909598614,1117.7117909598614,0
2023-08-19 00:00:00+00:00,1117.7117909598614,1117.7117909598614,0
2023-08-19 04:00:00+00:00,1117.7117909598614,1117.7117909598614,0
2023-08-19 08:00:00+00:00,1117.7117909598614,1117.7117909598614,0
2023-08-19 12:00:00+00:00,1117.7117909598614,1117.7117909598614,0
2023-08-19 16:00:00+00:00,1117.7117909598614,1117.7117909598614,0
2023-08-19 20:00:00+00:00,1117.7117909598614,1117.7117909598614,0
2023-08-20 00:00:00+00:00,1117.7117909598614,1117.7117909598614,0
2023-08-20 04:00:00+00:00,1117.7117909598614,1117.7117909598614,0
2023-08-20 08:00:00+00:00,1117.7117909598614,1117.7117909598614,0
2023-08-20 12:00:00+00:00,1117.7117909598614,1117.7117909598614,0
2023-08-20 16:00:00+00:00,1117.7117909598614,1117.7117909598614,0
2023-08-20 20:00:00+00:00,1117.7117909598614,1117.7117909598614,0
2023-08-21 00:00:00+00:00,1117.7117909598614,1117.7117909598614,0
2023-08-21 04:00:00+00:00,1117.7117909598614,1117.7117909598614,0
2023-08-21 08:00:00+00:00,1117.7117909598614,1117.7117909598614,0
2023-08-21 12:00:00+00:00,1119.288863768772,1117.575026695598,1
2023-08-21 16:00:00+00:00,1116.3533908371346,1117.472320439351,2
2023-08-21 20:00:00+00:00,1116.894325826481,1117.472320439351,2
2023-08-22 00:00:00+00:00,1117.84870623998,1117.472320439351,2
2023-08-22 04:00:00+00:00,1118.0411119741896,1117.472320439351,2
2023-08-22 08:00:00+00:00,1120.0082397985457,1117.472320439351,2
2023-08-22 12:00:00+00:00,1124.7802845626572,1117.472320439351,2
2023-08-22 16:00:00+00:00,1124.4082850921,1117.472320439351,2
2023-08-22 20:00:00+00:00,1119.0105507576866,1117.472320439351,2
2023-08-23 00:00:00+00:00,1118.1008663073276,1117.472320439351,2
2023-08-23 04:00:00+00:00,1113.9642148462356,1117.472320439351,2
2023-08-23 08:00:00+00:00,1116.1807290185977,1117.472320439351,2
2023-08-23 12:00:00+00:00,1113.5022016059265,1117.472320439351,2
2023-08-23 16:00:00+00:00,1110.3204496835642,1111.9302812293329,1
2023-08-23 20:00:00+00:00,1111.493240668716,1111.9302812293329,1
2023-08-24 00:00:00+00:00,1111.9798241625556,1111.9302812293329,1
2023-08-24 04:00:00+00:00,1111.7053411660306,1111.9302812293329,1
2023-08-24 08:00:00+00:00,1111.780200165083,1111.9302812293329,1
2023-08-24 12:00:00+00:00,1114.7620836273309,1111.9302812293329,1
2023-08-24 16:00:00+00:00,1114.4751241309639,1111.9302812293329,1
2023-08-24 20:00:00+00:00,1114.1756881347549,1111.9302812293329,1
2023-08-25 00:00:00+00:00,1115.4732441183273,1111.9302812293329,1
2023-08-25 04:00:00+00:00,1115.5855326169055,1111.9302812293329,1
2023-08-25 08:00:00+00:00,1115.1738081221183,1111.9302812293329,1
2023-08-25 12:00:00+00:00,1115.984780611851,1111.9302812293329,1
2023-08-25 16:00:00+00:00,1115.6229621164318,1111.9302812293329,1
2023-08-25 20:00:00+00:00,1115.0116136241718,1111.9302812293329,1
2023-08-26 00:00:00+00:00,1114.6872246282787,1111.9302812293329,1
2023-08-26 04:00:00+00:00,1115.2860966206965,1111.9302812293329,1
2023-08-26 08:00:00+00:00,1115.0615196235399,1111.9302812293329,1
2023-08-26 12:00:00+00:00,1114.9866606244877,1111.9302812293329,1
2023-08-26 16:00:00+00:00,1115.0615196235399,1111.9302812293329,1
2023-08-26 20:00:00+00:00,1114.4626476311219,1111.9302812293329,1
2023-08-27 00:00:00+00:00,1114.6622716285945,1111.9302812293329,1
2023-08-27 04:00:00+00:00,1114.188164634597,1111.9302812293329,1
2023-08-27 08:00:00+00:00,1113.3771921448642,1111.9302812293329,1
2023-08-27 12:00:00+00:00,1112.666031653868,1111.9302812293329,1
2023-08-27 16:00:00+00:00,1113.2399506466018,1111.9302812293329,1
2023-08-27 20:00:00+00:00,1113.1027091483393,1111.9302812293329,1
2023-08-28 00:00:00+00:00,1114.9991371243298,1111.9302812293329,1
2023-08-28 04:00:00+00:00,1115.4857206181694,1111.9302812293329,1
2023-08-28 08:00:00+00:00,1114.811989626699,1111.9302812293329,1
2023-08-28 12:00:00+00:00,1111.5181936684,1111.9302812293329,1
2023-08-28 16:00:00+00:00,1111.045249917247,1111.045249917247,0
2023-08-28 20:00:00+00:00,1111.045249917247,1111.045249917247,0
2023-08-29 00:00:00+00:00,1111.045249917247,1111.045249917247,0
2023-08-29 04:00:00+00:00,1111.045249917247,1111.045249917247,0
2023-08-29 08:00:00+00:00,1111.045249917247,1111.045249917247,0
2023-08-29 12:00:00+00:00,1111.045249917247,1111.045249917247,0
2023-08-29 16:00:00+00:00,1111.045249917247,1111.045249917247,0
2023-08-29 20:00:00+00:00,1111.045249917247,1111.045249917247,0
2023-08-30 00:00:00+00:00,1111.045249917247,1111.045249917247,0
2023-08-30 04:00:00+00:00,1111.045249917247,1111.045249917247,0
2023-08-30 08:00:00+00:00,1111.045249917247,1111.045249917247,0
2023-08-30 12:00:00+00:00,1111.045249917247,1111.045249917247,0
2023-08-30 16:00:00+00:00,1111.045249917247,1111.045249917247,0
2023-08-30 20:00:00+00:00,1111.045249917247,1111.045249917247,0
2023-08-31 00:00:00+00:00,1111.045249917247,1111.045249917247,0
2023-08-31 04:00:00+00:00,1111.045249917247,1111.045249917247,0
2023-08-31 08:00:00+00:00,1111.045249917247,1111.045249917247,0
2023-08-31 12:00:00+00:00,1111.045249917247,1111.045249917247,0
2023-08-31 16:00:00+00:00,1111.045249917247,1111.045249917247,0
2023-08-31 20:00:00+00:00,1111.045249917247,1111.045249917247,0
2023-09-01 00:00:00+00:00,1111.045249917247,1111.045249917247,0
2023-09-01 04:00:00+00:00,1111.045249917247,1111.045249917247,0
2023-09-01 08:00:00+00:00,1111.045249917247,1111.045249917247,0
2023-09-01 12:00:00+00:00,1111.045249917247,1111.045249917247,0
2023-09-01 16:00:00+00:00,1111.045249917247,1111.045249917247,0
2023-09-01 20:00:00+00:00,1111.045249917247,1111.045249917247,0
2023-09-02 00:00:00+00:00,1111.045249917247,1111.045249917247,0
2023-09-02 04:00:00+00:00,1111.045249917247,1111.045249917247,0
2023-09-02 08:00:00+00:00,1111.045249917247,1111.045249917247,0
2023-09-02 12:00:00+00:00,1111.045249917247,1111.045249917247,0
2023-09-02 16:00:00+00:00,1111.045249917247,1111.045249917247,0
2023-09-02 20:00:00+00:00,1111.045249917247,1111.045249917247,0
2023-09-03 00:00:00+00:00,1111.045249917247,1111.045249917247,0
2023-09-03 04:00:00+00:00,1111.045249917247,1111.045249917247,0
2023-09-03 08:00:00+00:00,1111.045249917247,1111.045249917247,0
2023-09-03 12:00:00+00:00,1111.045249917247,1111.045249917247,0
2023-09-03 16:00:00+00:00,1111.045249917247,1111.045249917247,0
2023-09-03 20:00:00+00:00,1111.045249917247,1111.045249917247,0
2023-09-04 00:00:00+00:00,1111.045249917247,1111.045249917247,0
2023-09-04 04:00:00+00:00,1111.045249917247,1111.045249917247,0
2023-09-04 08:00:00+00:00,1111.045249917247,1111.045249917247,0
2023-09-04 12:00:00+00:00,1111.045249917247,1111.045249917247,0
2023-09-04 16:00:00+00:00,1111.045249917247,1111.045249917247,0
2023-09-04 20:00:00+00:00,1111.045249917247,1111.045249917247,0
2023-09-05 00:00:00+00:00,1111.045249917247,1111.045249917247,0
2023-09-05 04:00:00+00:00,1111.045249917247,1111.045249917247,0
2023-09-05 08:00:00+00:00,1111.045249917247,1111.045249917247,0
2023-09-05 12:00:00+00:00,1111.045249917247,1111.045249917247,0
2023-09-05 16:00:00+00:00,1111.045249917247,1111.045249917247,0
2023-09-05 20:00:00+00:00,1111.045249917247,1111.045249917247,0
2023-09-06 00:00:00+00:00,1111.045249917247,1111.045249917247,0
2023-09-06 04:00:00+00:00,1111.045249917247,1111.045249917247,0
2023-09-06 08:00:00+00:00,1111.045249917247,1111.045249917247,0
2023-09-06 12:00:00+00:00,1111.045249917247,1111.045249917247,0
2023-09-06 16:00:00+00:00,1111.045249917247,1111.045249917247,0
2023-09-06 20:00:00+00:00,1111.045249917247,1111.045249917247,0
2023-09-07 00:00:00+00:00,1111.045249917247,1111.045249917247,0
2023-09-07 04:00:00+00:00,1111.045249917247,1111.045249917247,0
2023-09-07 08:00:00+00:00,1111.045249917247,1111.045249917247,0
2023-09-07 12:00:00+00:00,1111.045249917247,1111.045249917247,0
2023-09-07 16:00:00+00:00,1111.045249917247,1111.045249917247,0
2023-09-07 20:00:00+00:00,1111.045249917247,1111.045249917247,0
2023-09-08 00:00:00+00:00,1111.045249917247,1111.045249917247,0
2023-09-08 04:00:00+00:00,1111.045249917247,1111.045249917247,0
2023-09-08 08:00:00+00:00,1111.045249917247,1111.045249917247,0
2023-09-08 12:00:00+00:00,1111.045249917247,1111.045249917247,0
2023-09-08 16:00:00+00:00,1111.045249917247,1111.045249917247,0
2023-09-08 20:00:00+00:00,1111.045249917247,1111.045249917247,0
2023-09-09 00:00:00+00:00,1111.045249917247,1111.045249917247,0
2023-09-09 04:00:00+00:00,1111.045249917247,1111.045249917247,0
2023-09-09 08:00:00+00:00,1111.045249917247,1111.045249917247,0
2023-09-09 12:00:00+00:00,1111.045249917247,1111.045249917247,0
2023-09-09 16:00:00+00:00,1111.045249917247,1111.045249917247,0
2023-09-09 20:00:00+00:00,1111.045249917247,1111.045249917247,0
2023-09-10 00:00:00+00:00,1111.045249917247,1111.045249917247,0
2023-09-10 04:00:00+00:00,1111.045249917247,1111.045249917247,0
2023-09-10 08:00:00+00:00,1112.1958414440376,1110.9507559158988,1
2023-09-10 12:00:00+00:00,1113.0444074091486,1110.9507559158988,1
2023-09-10 16:00:00+00:00,1113.1528707279974,1110.9507559158988,1
2023-09-10 20:00:00+00:00,1112.827480771451,1110.9507559158988,1
2023-09-11 00:00:00+00:00,1112.119279101321,1110.9507559158988,1
2023-09-11 04:00:00+00:00,1113.0125064330166,1110.9507559158988,1
2023-09-11 08:00:00+00:00,1116.4705722457247,1110.9507559158988,1
2023-09-11 12:00:00+00:00,1115.3285173001993,1110.9507559158988,1
2023-09-11 16:00:00+00:00,1117.4084609440054,1110.9507559158988,1
2023-09-11 20:00:00+00:00,1116.043099165556,1110.9507559158988,1
2023-09-12 00:00:00+00:00,1113.1018291661862,1110.9507559158988,1
2023-09-12 04:00:00+00:00,1114.44167016373,1110.9507559158988,1
2023-09-12 08:00:00+00:00,1112.3106849581127,1110.9507559158988,1
2023-09-12 12:00:00+00:00,1114.2949256735228,1110.9507559158988,1
2023-09-12 16:00:00+00:00,1114.7096383632386,1110.9507559158988,1
2023-09-12 20:00:00+00:00,1114.8372422677667,1110.9507559158988,1
2023-09-13 00:00:00+00:00,1115.3540380811048,1110.9507559158988,1
2023-09-13 04:00:00+00:00,1114.9648461722945,1110.9507559158988,1
2023-09-13 08:00:00+00:00,1113.1209697518655,1110.9507559158988,1
2023-09-13 12:00:00+00:00,1112.0554771490567,1110.9507559158988,1
2023-09-13 16:00:00+00:00,1112.074617734736,1110.9507559158988,1
2023-09-13 20:00:00+00:00,1111.7428475829633,1110.9507559158988,1
2023-09-14 00:00:00+00:00,1108.3485837225192,1110.9507559158988,1
2023-09-14 04:00:00+00:00,1109.2800922255735,1110.9507559158988,1
2023-09-14 08:00:00+00:00,1108.9228012928952,1110.9507559158988,1
2023-09-14 12:00:00+00:00,1108.0614749373312,1110.9507559158988,1
2023-09-14 16:00:00+00:00,1107.608481076257,1110.9507559158988,1
2023-09-14 20:00:00+00:00,1108.8972805119895,1110.9507559158988,1
2023-09-15 00:00:00+00:00,1107.015122920202,1110.9507559158988,1
2023-09-15 04:00:00+00:00,1107.3660336576538,1110.9507559158988,1
2023-09-15 08:00:00+00:00,1107.863688885313,1110.9507559158988,1
2023-09-15 12:00:00+00:00,1108.6293123124808,1110.9507559158988,1
2023-09-15 16:00:00+00:00,1109.643763353478,1110.9507559158988,1
2023-09-15 20:00:00+00:00,1105.3080291850515,1105.3080291850515,0
2023-09-16 00:00:00+00:00,1105.3080291850515,1105.3080291850515,0
2023-09-16 04:00:00+00:00,1105.3080291850515,1105.3080291850515,0
2023-09-16 08:00:00+00:00,1105.3080291850515,1105.3080291850515,0
2023-09-16 12:00:00+00:00,1105.3080291850515,1105.3080291850515,0
2023-09-16 16:00:00+00:00,1105.3080291850515,1105.3080291850515,0
2023-09-16 20:00:00+00:00,1105.3080291850515,1105.3080291850515,0
2023-09-17 00:00:00+00:00,1105.3080291850515,1105.3080291850515,0
2023-09-17 04:00:00+00:00,1105.3080291850515,1105.3080291850515,0
2023-09-17 08:00:00+00:00,1105.3080291850515,1105.3080291850515,0
2023-09-17 12:00:00+00:00,1105.3080291850515,1105.3080291850515,0
2023-09-17 16:00:00+00:00,1105.3080291850515,1105.3080291850515,0
2023-09-17 20:00:00+00:00,1105.3080291850515,1105.3080291850515,0
2023-09-18 00:00:00+00:00,1105.3080291850515,1105.3080291850515,0
2023-09-18 04:00:00+00:00,1105.3080291850515,1105.3080291850515,0
2023-09-18 08:00:00+00:00,1105.3080291850515,1105.3080291850515,0
2023-09-18 12:00:00+00:00,1105.3080291850515,1105.3080291850515,0
2023-09-18 16:00:00+00:00,1105.3080291850515,1105.3080291850515,0
2023-09-18 20:00:00+00:00,1105.3080291850515,1105.3080291850515,0
2023-09-19 00:00:00+00:00,1105.3080291850515,1105.3080291850515,0
2023-09-19 04:00:00+00:00,1105.3080291850515,1105.3080291850515,0
2023-09-19 08:00:00+00:00,1105.3080291850515,1105.3080291850515,0
2023-09-19 12:00:00+00:00,1105.3080291850515,1105.3080291850515,0
2023-09-19 16:00:00+00:00,1105.3080291850515,1105.3080291850515,0
2023-09-19 20:00:00+00:00,1105.3080291850515,1105.3080291850515,0
2023-09-20 00:00:00+00:00,1105.3080291850515,1105.3080291850515,0
2023-09-20 04:00:00+00:00,1105.3080291850515,1105.3080291850515,0
2023-09-20 08:00:00+00:00,1105.3080291850515,1105.3080291850515,0
2023-09-20 12:00:00+00:00,1105.3080291850515,1105.3080291850515,0
2023-09-20 16:00:00+00:00,1105.3080291850515,1105.3080291850515,0
2023-09-20 20:00:00+00:00,1105.3080291850515,1105.3080291850515,0
2023-09-21 00:00:00+00:00,1105.3080291850515,1105.3080291850515,0
2023-09-21 04:00:00+00:00,1105.3080291850515,1105.3080291850515,0
2023-09-21 08:00:00+00:00,1105.3080291850515,1105.3080291850515,0
2023-09-21 12:00:00+00:00,1105.3080291850515,1105.3080291850515,0
2023-09-21 16:00:00+00:00,1105.3080291850515,1105.3080291850515,0
2023-09-21 20:00:00+00:00,1105.3080291850515,1105.3080291850515,0
2023-09-22 00:00:00+00:00,1105.3080291850515,1105.3080291850515,0
2023-09-22 04:00:00+00:00,1105.3080291850515,1105.3080291850515,0
2023-09-22 08:00:00+00:00,1105.3080291850515,1105.3080291850515,0
2023-09-22 12:00:00+00:00,1105.3080291850515,1105.3080291850515,0
2023-09-22 16:00:00+00:00,1105.3080291850515,1105.3080291850515,0
2023-09-22 20:00:00+00:00,1105.3080291850515,1105.3080291850515,0
2023-09-23 00:00:00+00:00,1105.3080291850515,1105.3080291850515,0
2023-09-23 04:00:00+00:00,1105.3080291850515,1105.3080291850515,0
2023-09-23 08:00:00+00:00,1105.3080291850515,1105.3080291850515,0
2023-09-23 12:00:00+00:00,1105.3080291850515,1105.3080291850515,0
2023-09-23 16:00:00+00:00,1105.3080291850515,1105.3080291850515,0
2023-09-23 20:00:00+00:00,1105.3080291850515,1105.3080291850515,0
2023-09-24 00:00:00+00:00,1105.3080291850515,1105.3080291850515,0
2023-09-24 04:00:00+00:00,1105.3080291850515,1105.3080291850515,0
2023-09-24 08:00:00+00:00,1105.3080291850515,1105.3080291850515,0
2023-09-24 12:00:00+00:00,1105.3080291850515,1105.3080291850515,0
2023-09-24 16:00:00+00:00,1105.3080291850515,1105.3080291850515,0
2023-09-24 20:00:00+00:00,1105.3080291850515,1105.3080291850515,0
2023-09-25 00:00:00+00:00,1105.3080291850515,1105.3080291850515,0
2023-09-25 04:00:00+00:00,1105.3080291850515,1105.3080291850515,0
2023-09-25 08:00:00+00:00,1105.3080291850515,1105.3080291850515,0
2023-09-25 12:00:00+00:00,1105.3080291850515,1105.3080291850515,0
2023-09-25 16:00:00+00:00,1105.3080291850515,1105.3080291850515,0
2023-09-25 20:00:00+00:00,1105.3080291850515,1105.3080291850515,0
2023-09-26 00:00:00+00:00,1105.3080291850515,1105.3080291850515,0
2023-09-26 04:00:00+00:00,1105.3080291850515,1105.3080291850515,0
2023-09-26 08:00:00+00:00,1105.3080291850515,1105.3080291850515,0
2023-09-26 12:00:00+00:00,1105.3080291850515,1105.3080291850515,0
2023-09-26 16:00:00+00:00,1105.3080291850515,1105.3080291850515,0
2023-09-26 20:00:00+00:00,1105.3080291850515,1105.3080291850515,0
2023-09-27 00:00:00+00:00,1105.3080291850515,1105.3080291850515,0
2023-09-27 04:00:00+00:00,1105.3080291850515,1105.3080291850515,0
2023-09-27 08:00:00+00:00,1105.3080291850515,1105.3080291850515,0
2023-09-27 12:00:00+00:00,1105.3080291850515,1105.3080291850515,0
2023-09-27 16:00:00+00:00,1105.3080291850515,1105.3080291850515,0
2023-09-27 20:00:00+00:00,1105.3080291850515,1105.3080291850515,0
2023-09-28 00:00:00+00:00,1105.3080291850515,1105.3080291850515,0
2023-09-28 04:00:00+00:00,1105.3080291850515,1105.3080291850515,0
2023-09-28 08:00:00+00:00,1105.3080291850515,1105.3080291850515,0
2023-09-28 12:00:00+00:00,1105.3080291850515,1105.3080291850515,0
2023-09-28 16:00:00+00:00,1105.3080291850515,1105.3080291850515,0
2023-09-28 20:00:00+00:00,1105.3080291850515,1105.3080291850515,0
2023-09-29 00:00:00+00:00,1105.3080291850515,1105.3080291850515,0
2023-09-29 04:00:00+00:00,1105.3080291850515,1105.3080291850515,0
2023-09-29 08:00:00+00:00,1105.3080291850515,1105.3080291850515,0
2023-09-29 12:00:00+00:00,1105.3080291850515,1105.3080291850515,0
2023-09-29 16:00:00+00:00,1105.3080291850515,1105.3080291850515,0
2023-09-29 20:00:00+00:00,1105.3080291850515,1105.3080291850515,0
2023-09-30 00:00:00+00:00,1105.3080291850515,1105.3080291850515,0
2023-09-30 04:00:00+00:00,1105.3080291850515,1105.3080291850515,0
2023-09-30 08:00:00+00:00,1105.3080291850515,1105.3080291850515,0
2023-09-30 12:00:00+00:00,1105.5580866976338,1105.2245368736726,1
2023-09-30 16:00:00+00:00,1104.75903870305,1105.1283269959613,2
2023-09-30 20:00:00+00:00,1104.658802270564,1105.1283269959613,2
2023-10-01 00:00:00+00:00,1103.4627701115162,1105.1283269959613,2
2023-10-01 04:00:00+00:00,1103.039288053457,1105.1283269959613,2
2023-10-01 08:00:00+00:00,1112.854798347998,1105.1283269959613,2
2023-10-01 12:00:00+00:00,1112.779176580275,1114.4901344205819,2
2023-10-01 16:00:00+00:00,1107.8959236483424,1109.0310262445282,1
2023-10-01 20:00:00+00:00,1113.3480974328274,1109.0310262445282,1
2023-10-02 00:00:00+00:00,1114.3406847223239,1109.0310262445282,1
2023-10-02 04:00:00+00:00,1115.4602855512344,1109.0310262445282,1
2023-10-02 08:00:00+00:00,1113.1222955849798,1109.0310262445282,1
2023-10-02 12:00:00+00:00,1114.1666291312747,1109.0310262445282,1
2023-10-02 16:00:00+00:00,1113.0987745591624,1109.0310262445282,1
2023-10-02 20:00:00+00:00,1110.9630654149378,1109.0310262445282,1
2023-10-03 00:00:00+00:00,1112.2755386555516,1109.0310262445282,1
2023-10-03 04:00:00+00:00,1113.0517325075275,1109.0310262445282,1
2023-10-03 08:00:00+00:00,1113.5127446135496,1109.0310262445282,1
2023-10-03 12:00:00+00:00,1113.8420389749938,1109.0310262445282,1
2023-10-03 16:00:00+00:00,1111.6592877791345,1109.0310262445282,1
2023-10-03 20:00:00+00:00,1112.0356241922136,1109.0310262445282,1
2023-10-04 00:00:00+00:00,1109.688225815632,1109.0310262445282,1
2023-10-04 04:00:00+00:00,1109.9516613047874,1109.0310262445282,1
2023-10-04 08:00:00+00:00,1111.9133148579629,1109.0310262445282,1
2023-10-04 12:00:00+00:00,1107.7547974934375,1109.0310262445282,1
2023-10-04 16:00:00+00:00,1108.8273562707134,1109.0310262445282,1
2023-10-04 20:00:00+00:00,1110.4099503608134,1108.955425233701,2
2023-10-05 00:00:00+00:00,1110.4554906827127,1108.955425233701,2
2023-10-05 04:00:00+00:00,1109.1516308190367,1108.955425233701,2
2023-10-05 08:00:00+00:00,1111.753357835068,1108.955425233701,2
2023-10-05 12:00:00+00:00,1107.3850509998354,1108.955425233701,2
2023-10-05 16:00:00+00:00,1109.6974435045363,1108.955425233701,2
2023-10-05 20:00:00+00:00,1108.736254475768,1108.955425233701,2
2023-10-06 00:00:00+00:00,1113.6792399286546,1108.955425233701,2
2023-10-06 04:00:00+00:00,1116.2488914332932,1108.955425233701,2
2023-10-06 08:00:00+00:00,1115.7461303944215,1108.955425233701,2
2023-10-06 12:00:00+00:00,1118.2141668052425,1108.955425233701,2
2023-10-06 16:00:00+00:00,1117.0166191367368,1108.955425233701,2
2023-10-06 20:00:00+00:00,1117.007534628902,1108.955425233701,2
2023-10-07 00:00:00+00:00,1120.8919266915982,1108.955425233701,2
2023-10-07 04:00:00+00:00,1118.7424217305643,1108.955425233701,2
2023-10-07 08:00:00+00:00,1121.5802898955483,1119.173126003626,1
2023-10-07 12:00:00+00:00,1120.954630608804,1119.173126003626,1
2023-10-07 16:00:00+00:00,1119.9338180883267,1119.173126003626,1
2023-10-07 20:00:00+00:00,1120.695899324812,1119.173126003626,1
2023-10-08 00:00:00+00:00,1121.7919791279053,1119.173126003626,1
2023-10-08 04:00:00+00:00,1120.8793633261882,1119.173126003626,1
2023-10-08 08:00:00+00:00,1120.3948301943487,1119.173126003626,1
2023-10-08 12:00:00+00:00,1121.277672882269,1121.277672882269,0
2023-10-08 16:00:00+00:00,1121.277672882269,1121.277672882269,0
2023-10-08 20:00:00+00:00,1121.277672882269,1121.277672882269,0
2023-10-09 00:00:00+00:00,1121.277672882269,1121.277672882269,0
2023-10-09 04:00:00+00:00,1121.277672882269,1121.277672882269,0
2023-10-09 08:00:00+00:00,1121.277672882269,1121.277672882269,0
2023-10-09 12:00:00+00:00,1121.277672882269,1121.277672882269,0
2023-10-09 16:00:00+00:00,1121.277672882269,1121.277672882269,0
2023-10-09 20:00:00+00:00,1121.277672882269,1121.277672882269,0
2023-10-10 00:00:00+00:00,1121.277672882269,1121.277672882269,0
2023-10-10 04:00:00+00:00,1121.277672882269,1121.277672882269,0
2023-10-10 08:00:00+00:00,1121.277672882269,1121.277672882269,0
2023-10-10 12:00:00+00:00,1121.277672882269,1121.277672882269,0
2023-10-10 16:00:00+00:00,1121.277672882269,1121.277672882269,0
2023-10-10 20:00:00+00:00,1121.277672882269,1121.277672882269,0
2023-10-11 00:00:00+00:00,1121.277672882269,1121.277672882269,0
2023-10-11 04:00:00+00:00,1121.277672882269,1121.277672882269,0
2023-10-11 08:00:00+00:00,1121.277672882269,1121.277672882269,0
2023-10-11 12:00:00+00:00,1121.277672882269,1121.277672882269,0
2023-10-11 16:00:00+00:00,1121.277672882269,1121.277672882269,0
2023-10-11 20:00:00+00:00,1121.277672882269,1121.277672882269,0
2023-10-12 00:00:00+00:00,1121.277672882269,1121.277672882269,0
2023-10-12 04:00:00+00:00,1121.277672882269,1121.277672882269,0
2023-10-12 08:00:00+00:00,1121.277672882269,1121.277672882269,0
2023-10-12 12:00:00+00:00,1121.277672882269,1121.277672882269,0
2023-10-12 16:00:00+00:00,1121.277672882269,1121.277672882269,0
2023-10-12 20:00:00+00:00,1121.277672882269,1121.277672882269,0
2023-10-13 00:00:00+00:00,1121.277672882269,1121.277672882269,0
2023-10-13 04:00:00+00:00,1121.277672882269,1121.277672882269,0
2023-10-13 08:00:00+00:00,1121.277672882269,1121.277672882269,0
2023-10-13 12:00:00+00:00,1121.277672882269,1121.277672882269,0
2023-10-13 16:00:00+00:00,1121.277672882269,1121.277672882269,0
2023-10-13 20:00:00+00:00,1121.277672882269,1121.277672882269,0
2023-10-14 00:00:00+00:00,1121.277672882269,1121.277672882269,0
2023-10-14 04:00:00+00:00,1121.277672882269,1121.277672882269,0
2023-10-14 08:00:00+00:00,1121.277672882269,1121.277672882269,0
2023-10-14 12:00:00+00:00,1121.277672882269,1121.277672882269,0
2023-10-14 16:00:00+00:00,1121.277672882269,1121.277672882269,0
2023-10-14 20:00:00+00:00,1121.277672882269,1121.277672882269,0
2023-10-15 00:00:00+00:00,1121.277672882269,1121.277672882269,0
2023-10-15 04:00:00+00:00,1121.277672882269,1121.277672882269,0
2023-10-15 08:00:00+00:00,1121.277672882269,1121.277672882269,0
2023-10-15 12:00:00+00:00,1121.277672882269,1121.277672882269,0
2023-10-15 16:00:00+00:00,1121.277672882269,1121.277672882269,0
2023-10-15 20:00:00+00:00,1121.277672882269,1121.277672882269,0
2023-10-16 00:00:00+00:00,1121.277672882269,1121.277672882269,0
2023-10-16 04:00:00+00:00,1121.277672882269,1121.277672882269,0
2023-10-16 08:00:00+00:00,1121.277672882269,1121.277672882269,0
2023-10-16 12:00:00+00:00,1121.277672882269,1121.277672882269,0
2023-10-16 16:00:00+00:00,1121.277672882269,1121.277672882269,0
2023-10-16 20:00:00+00:00,1121.277672882269,1121.277672882269,0
2023-10-17 00:00:00+00:00,1121.277672882269,1121.277672882269,0
2023-10-17 04:00:00+00:00,1121.277672882269,1121.277672882269,0
2023-10-17 08:00:00+00:00,1121.277672882269,1121.277672882269,0
2023-10-17 12:00:00+00:00,1121.277672882269,1121.277672882269,0
2023-10-17 16:00:00+00:00,1121.277672882269,1121.277672882269,0
2023-10-17 20:00:00+00:00,1121.277672882269,1121.277672882269,0
2023-10-18 00:00:00+00:00,1121.277672882269,1121.277672882269,0
2023-10-18 04:00:00+00:00,1121.277672882269,1121.277672882269,0
2023-10-18 08:00:00+00:00,1121.277672882269,1121.277672882269,0
2023-10-18 12:00:00+00:00,1121.277672882269,1121.277672882269,0
2023-10-18 16:00:00+00:00,1121.277672882269,1121.277672882269,0
2023-10-18 20:00:00+00:00,1121.277672882269,1121.277672882269,0
2023-10-19 00:00:00+00:00,1121.277672882269,1121.277672882269,0
2023-10-19 04:00:00+00:00,1121.277672882269,1121.277672882269,0
2023-10-19 08:00:00+00:00,1121.277672882269,1121.277672882269,0
2023-10-19 12:00:00+00:00,1121.277672882269,1121.277672882269,0
2023-10-19 16:00:00+00:00,1121.277672882269,1121.277672882269,0
2023-10-19 20:00:00+00:00,1120.3005982535383,1121.1992639781554,1
2023-10-20 00:00:00+00:00,1123.162121693215,1121.1992639781554,1
2023-10-20 04:00:00+00:00,1125.407676872035,1121.1992639781554,1
2023-10-20 08:00:00+00:00,1127.9651147145798,1121.1992639781554,1
2023-10-20 12:00:00+00:00,1127.9534191146902,1121.1992639781554,1
2023-10-20 16:00:00+00:00,1127.9573176479869,1121.1992639781554,1
2023-10-20 20:00:00+00:00,1128.4875181763193,1121.1992639781554,1
2023-10-21 00:00:00+00:00,1127.6727247173378,1121.1992639781554,1
2023-10-21 04:00:00+00:00,1132.5380942714476,1121.1992639781554,1
2023-10-21 08:00:00+00:00,1138.245547017615,1121.1992639781554,1
2023-10-21 12:00:00+00:00,1136.304077435927,1121.1992639781554,1
2023-10-21 16:00:00+00:00,1137.4677327935349,1121.125601472838,2
2023-10-21 20:00:00+00:00,1136.99832466641,1121.125601472838,2
2023-10-22 00:00:00+00:00,1142.3804928999436,1121.125601472838,2
2023-10-22 04:00:00+00:00,1137.6809051024447,1134.006120147151,1
2023-10-22 08:00:00+00:00,1135.5404852579309,1134.006120147151,1
2023-10-22 12:00:00+00:00,1136.847376220687,1134.006120147151,1
2023-10-22 16:00:00+00:00,1138.5761768643329,1134.006120147151,1
2023-10-22 20:00:00+00:00,1146.705656081477,1134.006120147151,1
2023-10-23 00:00:00+00:00,1153.0034298547582,1134.006120147151,1
2023-10-23 04:00:00+00:00,1149.4120523271845,1134.006120147151,1
2023-10-23 08:00:00+00:00,1148.3462437655996,1148.3462437655996,0
2023-10-23 12:00:00+00:00,1148.3462437655996,1148.3462437655996,0
2023-10-23 16:00:00+00:00,1148.3462437655996,1148.3462437655996,0
2023-10-23 20:00:00+00:00,1148.3462437655996,1148.3462437655996,0
2023-10-24 00:00:00+00:00,1148.3462437655996,1148.3462437655996,0
2023-10-24 04:00:00+00:00,1148.3462437655996,1148.3462437655996,0
2023-10-24 08:00:00+00:00,1148.3462437655996,1148.3462437655996,0
2023-10-24 12:00:00+00:00,1148.3462437655996,1148.3462437655996,0
2023-10-24 16:00:00+00:00,1148.3462437655996,1148.3462437655996,0
2023-10-24 20:00:00+00:00,1148.3462437655996,1148.3462437655996,0
2023-10-25 00:00:00+00:00,1148.3462437655996,1148.3462437655996,0
2023-10-25 04:00:00+00:00,1148.3462437655996,1148.3462437655996,0
2023-10-25 08:00:00+00:00,1148.3462437655996,1148.3462437655996,0
2023-10-25 12:00:00+00:00,1148.3462437655996,1148.3462437655996,0
2023-10-25 16:00:00+00:00,1148.3462437655996,1148.3462437655996,0
2023-10-25 20:00:00+00:00,1148.3462437655996,1148.3462437655996,0
2023-10-26 00:00:00+00:00,1148.3462437655996,1148.3462437655996,0
2023-10-26 04:00:00+00:00,1148.3462437655996,1148.3462437655996,0
2023-10-26 08:00:00+00:00,1148.3462437655996,1148.3462437655996,0
2023-10-26 12:00:00+00:00,1144.0804775822744,1148.2719171478802,1
2023-10-26 16:00:00+00:00,1145.198229295178,1148.2719171478802,1
2023-10-26 20:00:00+00:00,1145.6503535835434,1148.2719171478802,1
2023-10-27 00:00:00+00:00,1145.2987013592592,1148.2719171478802,1
2023-10-27 04:00:00+00:00,1143.4148501577365,1148.2719171478802,1
2023-10-27 08:00:00+00:00,1145.273583343239,1148.2719171478802,1
2023-10-27 12:00:00+00:00,1143.879533454112,1148.2719171478802,1
2023-10-27 16:00:00+00:00,1142.5909549257399,1142.5909549257399,0
2023-10-27 20:00:00+00:00,1142.5909549257399,1142.5909549257399,0
2023-10-28 00:00:00+00:00,1142.5909549257399,1142.5909549257399,0
2023-10-28 04:00:00+00:00,1142.5909549257399,1142.5909549257399,0
2023-10-28 08:00:00+00:00,1142.5909549257399,1142.5909549257399,0
2023-10-28 12:00:00+00:00,1142.5909549257399,1142.5909549257399,0
2023-10-28 16:00:00+00:00,1142.5909549257399,1142.5909549257399,0
2023-10-28 20:00:00+00:00,1142.5909549257399,1142.5909549257399,0
2023-10-29 00:00:00+00:00,1142.5909549257399,1142.5909549257399,0
2023-10-29 04:00:00+00:00,1142.5909549257399,1142.5909549257399,0
2023-10-29 08:00:00+00:00,1142.5909549257399,1142.5909549257399,0
2023-10-29 12:00:00+00:00,1142.5909549257399,1142.5909549257399,0
2023-10-29 16:00:00+00:00,1142.5909549257399,1142.5909549257399,0
2023-10-29 20:00:00+00:00,1142.5909549257399,1142.5909549257399,0
2023-10-30 00:00:00+00:00,1142.5909549257399,1142.5909549257399,0
2023-10-30 04:00:00+00:00,1142.5909549257399,1142.5909549257399,0
2023-10-30 08:00:00+00:00,1142.5909549257399,1142.5909549257399,0
2023-10-30 12:00:00+00:00,1142.7616517712215,1142.5170008186249,1
2023-10-30 16:00:00+00:00,1142.383455065948,1142.5170008186249,1
2023-10-30 20:00:00+00:00,1142.528915337207,1142.5170008186249,1
2023-10-31 00:00:00+00:00,1144.7478456569588,1142.5170008186249,1
2023-10-31 04:00:00+00:00,1144.517753955149,1142.5170008186249,1
2023-10-31 08:00:00+00:00,1146.74197373931,1142.5170008186249,1
2023-10-31 12:00:00+00:00,1145.5306863895528,1142.5170008186249,1
2023-10-31 16:00:00+00:00,1145.9273962202594,1142.5170008186249,1
2023-10-31 20:00:00+00:00,1151.558031084087,1142.5170008186249,1
2023-11-01 00:00:00+00:00,1151.2512421483405,1142.5170008186249,1
2023-11-01 04:00:00+00:00,1151.7140702841648,1142.5170008186249,1
2023-11-01 08:00:00+00:00,1153.8774612276175,1142.5170008186249,1
2023-11-01 12:00:00+00:00,1157.4346260429525,1142.5170008186249,1
2023-11-01 16:00:00+00:00,1174.3849650509046,1170.989390134207,1
2023-11-01 20:00:00+00:00,1174.3467524324024,1170.9135062583073,2
2023-11-02 00:00:00+00:00,1178.9692962478196,1170.9135062583073,2
2023-11-02 04:00:00+00:00,1176.9879679315497,1170.9135062583073,2
2023-11-02 08:00:00+00:00,1180.6898386704834,1170.9135062583073,2
2023-11-02 12:00:00+00:00,1168.808661096098,1172.379892452833,1
2023-11-02 16:00:00+00:00,1171.658058552659,1172.379892452833,1
2023-11-02 20:00:00+00:00,1171.5868236162448,1172.379892452833,1
2023-11-03 00:00:00+00:00,1170.407489668946,1172.379892452833,1
2023-11-03 04:00:00+00:00,1170.9457091885188,1172.379892452833,1
2023-11-03 08:00:00+00:00,1170.0750599656806,1172.379892452833,1
2023-11-03 12:00:00+00:00,1172.7265825988693,1172.379892452833,1
2023-11-03 16:00:00+00:00,1172.8611374787624,1172.379892452833,1
2023-11-03 20:00:00+00:00,1173.4626769418142,1172.379892452833,1
2023-11-04 00:00:00+00:00,1173.7001267298608,1172.379892452833,1
2023-11-04 04:00:00+00:00,1172.671177648325,1172.379892452833,1
2023-11-04 08:00:00+00:00,1172.5524527543016,1172.379892452833,1
2023-11-04 12:00:00+00:00,1173.098587266809,1172.379892452833,1
2023-11-04 16:00:00+00:00,1173.0036073515905,1172.379892452833,1
2023-11-04 20:00:00+00:00,1174.3016661929128,1172.379892452833,1
2023-11-05 00:00:00+00:00,1175.3227002815136,1172.379892452833,1
2023-11-05 04:00:00+00:00,1175.7184499282582,1172.379892452833,1
2023-11-05 08:00:00+00:00,1177.040253748385,1172.379892452833,1
2023-11-05 12:00:00+00:00,1174.2401171568251,1172.278063299567,2
2023-11-05 16:00:00+00:00,1176.941733796625,1172.278063299567,2
2023-11-05 20:00:00+00:00,1178.1547696374528,1172.278063299567,2
2023-11-06 00:00:00+00:00,1183.9493362336457,1172.278063299567,2
2023-11-06 04:00:00+00:00,1184.3491351435946,1172.278063299567,2
2023-11-06 08:00:00+00:00,1191.8014339259637,1172.278063299567,2
2023-11-06 12:00:00+00:00,1194.367956612242,1172.278063299567,2
2023-11-06 16:00:00+00:00,1194.2153578180078,1172.278063299567,2
2023-11-06 20:00:00+00:00,1194.5879130863677,1172.278063299567,2
2023-11-07 00:00:00+00:00,1188.8274985833332,1181.6264245556808,1
2023-11-07 04:00:00+00:00,1190.070152474111,1181.6264245556808,1
2023-11-07 08:00:00+00:00,1187.1970100387455,1181.6264245556808,1
2023-11-07 12:00:00+00:00,1185.8118862751394,1181.6264245556808,1
2023-11-07 16:00:00+00:00,1188.328854028435,1181.6264245556808,1
2023-11-07 20:00:00+00:00,1186.080994340269,1181.549519288098,2
2023-11-08 00:00:00+00:00,1186.705770762189,1181.549519288098,2
2023-11-08 04:00:00+00:00,1187.2430244566833,1181.549519288098,2
2023-11-08 08:00:00+00:00,1186.7695736182075,1181.549519288098,2
2023-11-08 12:00:00+00:00,1185.3687283107183,1181.549519288098,2
2023-11-08 16:00:00+00:00,1187.9090745846645,1181.549519288098,2
2023-11-08 20:00:00+00:00,1187.8770926712323,1181.549519288098,2
2023-11-09 00:00:00+00:00,1191.8742303429428,1181.549519288098,2
2023-11-09 04:00:00+00:00,1192.0150962056402,1181.549519288098,2
2023-11-09 08:00:00+00:00,1202.3397758844897,1181.549519288098,2
2023-11-09 12:00:00+00:00,1201.1323678405329,1181.549519288098,2
2023-11-09 16:00:00+00:00,1183.5102779177132,1183.5102779177132,0
2023-11-09 20:00:00+00:00,1183.5102779177132,1183.5102779177132,0
2023-11-10 00:00:00+00:00,1183.5102779177132,1183.5102779177132,0
2023-11-10 04:00:00+00:00,1183.5102779177132,1183.5102779177132,0
2023-11-10 08:00:00+00:00,1183.5102779177132,1183.5102779177132,0
2023-11-10 12:00:00+00:00,1183.5102779177132,1183.5102779177132,0
2023-11-10 16:00:00+00:00,1183.5102779177132,1183.5102779177132,0
2023-11-10 20:00:00+00:00,1183.5102779177132,1183.5102779177132,0
2023-11-11 00:00:00+00:00,1183.5102779177132,1183.5102779177132,0
2023-11-11 04:00:00+00:00,1183.5102779177132,1183.5102779177132,0
2023-11-11 08:00:00+00:00,1183.5102779177132,1183.5102779177132,0
2023-11-11 12:00:00+00:00,1183.5102779177132,1183.5102779177132,0
2023-11-11 16:00:00+00:00,1182.7678491374966,1183.4336753107282,1
2023-11-11 20:00:00+00:00,1177.8573169832378,1177.5312591817642,1
2023-11-12 00:00:00+00:00,1176.4012218839316,1177.5312591817642,1
2023-11-12 04:00:00+00:00,1186.9408477394563,1177.5312591817642,1
2023-11-12 08:00:00+00:00,1187.7143982609628,1177.5312591817642,1
2023-11-12 12:00:00+00:00,1182.9530568143289,1182.9530568143289,0
2023-11-12 16:00:00+00:00,1182.9530568143289,1182.9530568143289,0
2023-11-12 20:00:00+00:00,1182.9530568143289,1182.9530568143289,0
2023-11-13 00:00:00+00:00,1182.9530568143289,1182.9530568143289,0
2023-11-13 04:00:00+00:00,1182.9530568143289,1182.9530568143289,0
2023-11-13 08:00:00+00:00,1182.9530568143289,1182.9530568143289,0
2023-11-13 12:00:00+00:00,1182.9530568143289,1182.9530568143289,0
2023-11-13 16:00:00+00:00,1182.9530568143289,1182.9530568143289,0
2023-11-13 20:00:00+00:00,1182.9530568143289,1182.9530568143289,0
2023-11-14 00:00:00+00:00,1182.9530568143289,1182.9530568143289,0
2023-11-14 04:00:00+00:00,1182.9530568143289,1182.9530568143289,0
2023-11-14 08:00:00+00:00,1182.9530568143289,1182.9530568143289,0
2023-11-14 12:00:00+00:00,1182.9530568143289,1182.9530568143289,0
2023-11-14 16:00:00+00:00,1182.9530568143289,1182.9530568143289,0
2023-11-14 20:00:00+00:00,1182.9530568143289,1182.9530568143289,0
2023-11-15 00:00:00+00:00,1182.9530568143289,1182.9530568143289,0
2023-11-15 04:00:00+00:00,1182.9530568143289,1182.9530568143289,0
2023-11-15 08:00:00+00:00,1182.9530568143289,1182.9530568143289,0
2023-11-15 12:00:00+00:00,1182.9530568143289,1182.9530568143289,0
2023-11-15 16:00:00+00:00,1182.9530568143289,1182.9530568143289,0
2023-11-15 20:00:00+00:00,1182.9530568143289,1182.9530568143289,0
2023-11-16 00:00:00+00:00,1182.9530568143289,1182.9530568143289,0
2023-11-16 04:00:00+00:00,1182.9530568143289,1182.9530568143289,0
2023-11-16 08:00:00+00:00,1182.9530568143289,1182.9530568143289,0
2023-11-16 12:00:00+00:00,1182.9530568143289,1182.9530568143289,0
2023-11-16 16:00:00+00:00,1182.9530568143289,1182.9530568143289,0
2023-11-16 20:00:00+00:00,1182.9530568143289,1182.9530568143289,0
2023-11-17 00:00:00+00:00,1182.9530568143289,1182.9530568143289,0
2023-11-17 04:00:00+00:00,1182.9530568143289,1182.9530568143289,0
2023-11-17 08:00:00+00:00,1182.9530568143289,1182.9530568143289,0
2023-11-17 12:00:00+00:00,1182.9530568143289,1182.9530568143289,0
2023-11-17 16:00:00+00:00,1182.9530568143289,1182.9530568143289,0
2023-11-17 20:00:00+00:00,1182.9530568143289,1182.9530568143289,0
2023-11-18 00:00:00+00:00,1182.9530568143289,1182.9530568143289,0
2023-11-18 04:00:00+00:00,1182.9530568143289,1182.9530568143289,0
2023-11-18 08:00:00+00:00,1182.9530568143289,1182.9530568143289,0
2023-11-18 12:00:00+00:00,1182.9530568143289,1182.9530568143289,0
2023-11-18 16:00:00+00:00,1182.9530568143289,1182.9530568143289,0
2023-11-18 20:00:00+00:00,1182.9530568143289,1182.9530568143289,0
2023-11-19 00:00:00+00:00,1182.9530568143289,1182.9530568143289,0
2023-11-19 04:00:00+00:00,1182.9530568143289,1182.9530568143289,0
2023-11-19 08:00:00+00:00,1182.9530568143289,1182.9530568143289,0
2023-11-19 12:00:00+00:00,1182.9530568143289,1182.9530568143289,0
2023-11-19 16:00:00+00:00,1182.9530568143289,1182.9530568143289,0
2023-11-19 20:00:00+00:00,1182.9530568143289,1182.9530568143289,0
2023-11-20 00:00:00+00:00,1182.9530568143289,1182.9530568143289,0
2023-11-20 04:00:00+00:00,1182.9530568143289,1182.9530568143289,0
2023-11-20 08:00:00+00:00,1182.9530568143289,1182.9530568143289,0
2023-11-20 12:00:00+00:00,1182.9530568143289,1182.9530568143289,0
2023-11-20 16:00:00+00:00,1182.9530568143289,1182.9530568143289,0
2023-11-20 20:00:00+00:00,1182.9530568143289,1182.9530568143289,0
2023-11-21 00:00:00+00:00,1182.9530568143289,1182.9530568143289,0
2023-11-21 04:00:00+00:00,1182.9530568143289,1182.9530568143289,0
2023-11-21 08:00:00+00:00,1182.9530568143289,1182.9530568143289,0
2023-11-21 12:00:00+00:00,1182.9530568143289,1182.9530568143289,0
2023-11-21 16:00:00+00:00,1182.9530568143289,1182.9530568143289,0
2023-11-21 20:00:00+00:00,1182.9530568143289,1182.9530568143289,0
2023-11-22 00:00:00+00:00,1182.9530568143289,1182.9530568143289,0
2023-11-22 04:00:00+00:00,1182.9530568143289,1182.9530568143289,0
2023-11-22 08:00:00+00:00,1182.9530568143289,1182.9530568143289,0
2023-11-22 12:00:00+00:00,1182.9530568143289,1182.9530568143289,0
2023-11-22 16:00:00+00:00,1182.9530568143289,1182.9530568143289,0
2023-11-22 20:00:00+00:00,1182.9530568143289,1182.9530568143289,0
2023-11-23 00:00:00+00:00,1182.9530568143289,1182.9530568143289,0
2023-11-23 04:00:00+00:00,1182.9530568143289,1182.9530568143289,0
2023-11-23 08:00:00+00:00,1182.9530568143289,1182.9530568143289,0
2023-11-23 12:00:00+00:00,1182.9530568143289,1182.9530568143289,0
2023-11-23 16:00:00+00:00,1182.9530568143289,1182.9530568143289,0
2023-11-23 20:00:00+00:00,1182.9530568143289,1182.9530568143289,0
2023-11-24 00:00:00+00:00,1182.9530568143289,1182.9530568143289,0
2023-11-24 04:00:00+00:00,1182.9530568143289,1182.9530568143289,0
2023-11-24 08:00:00+00:00,1182.9530568143289,1182.9530568143289,0
2023-11-24 12:00:00+00:00,1182.9530568143289,1182.9530568143289,0
2023-11-24 16:00:00+00:00,1182.9530568143289,1182.9530568143289,0
2023-11-24 20:00:00+00:00,1182.9530568143289,1182.9530568143289,0
2023-11-25 00:00:00+00:00,1182.9530568143289,1182.9530568143289,0
2023-11-25 04:00:00+00:00,1182.9530568143289,1182.9530568143289,0
2023-11-25 08:00:00+00:00,1182.9530568143289,1182.9530568143289,0
2023-11-25 12:00:00+00:00,1182.9530568143289,1182.9530568143289,0
2023-11-25 16:00:00+00:00,1182.9530568143289,1182.9530568143289,0
2023-11-25 20:00:00+00:00,1182.9530568143289,1182.9530568143289,0
2023-11-26 00:00:00+00:00,1182.9530568143289,1182.9530568143289,0
2023-11-26 04:00:00+00:00,1182.9530568143289,1182.9530568143289,0
2023-11-26 08:00:00+00:00,1182.9530568143289,1182.9530568143289,0
2023-11-26 12:00:00+00:00,1182.9530568143289,1182.9530568143289,0
2023-11-26 16:00:00+00:00,1182.9530568143289,1182.9530568143289,0
2023-11-26 20:00:00+00:00,1182.9530568143289,1182.9530568143289,0
2023-11-27 00:00:00+00:00,1182.9530568143289,1182.9530568143289,0
2023-11-27 04:00:00+00:00,1182.9530568143289,1182.9530568143289,0
2023-11-27 08:00:00+00:00,1182.9530568143289,1182.9530568143289,0
2023-11-27 12:00:00+00:00,1182.9530568143289,1182.9530568143289,0
2023-11-27 16:00:00+00:00,1182.9530568143289,1182.9530568143289,0
2023-11-27 20:00:00+00:00,1182.9530568143289,1182.9530568143289,0
2023-11-28 00:00:00+00:00,1182.9530568143289,1182.9530568143289,0
2023-11-28 04:00:00+00:00,1182.9530568143289,1182.9530568143289,0
2023-11-28 08:00:00+00:00,1182.9530568143289,1182.9530568143289,0
2023-11-28 12:00:00+00:00,1182.9530568143289,1182.9530568143289,0
2023-11-28 16:00:00+00:00,1182.9530568143289,1182.9530568143289,0
2023-11-28 20:00:00+00:00,1182.9530568143289,1182.9530568143289,0
2023-11-29 00:00:00+00:00,1182.9530568143289,1182.9530568143289,0
2023-11-29 04:00:00+00:00,1182.9530568143289,1182.9530568143289,0
2023-11-29 08:00:00+00:00,1182.9530568143289,1182.9530568143289,0
2023-11-29 12:00:00+00:00,1182.9530568143289,1182.9530568143289,0
2023-11-29 16:00:00+00:00,1182.9530568143289,1182.9530568143289,0
2023-11-29 20:00:00+00:00,1182.9530568143289,1182.9530568143289,0
2023-11-30 00:00:00+00:00,1182.9530568143289,1182.9530568143289,0
2023-11-30 04:00:00+00:00,1182.9530568143289,1182.9530568143289,0
2023-11-30 08:00:00+00:00,1182.9530568143289,1182.9530568143289,0
2023-11-30 12:00:00+00:00,1182.9530568143289,1182.9530568143289,0
2023-11-30 16:00:00+00:00,1182.9530568143289,1182.9530568143289,0
2023-11-30 20:00:00+00:00,1182.9530568143289,1182.9530568143289,0
2023-12-01 00:00:00+00:00,1182.9530568143289,1182.9530568143289,0
2023-12-01 04:00:00+00:00,1182.9530568143289,1182.9530568143289,0
2023-12-01 08:00:00+00:00,1182.9530568143289,1182.9530568143289,0
2023-12-01 12:00:00+00:00,1182.9530568143289,1182.9530568143289,0
2023-12-01 16:00:00+00:00,1182.9530568143289,1182.9530568143289,0
2023-12-01 20:00:00+00:00,1182.9530568143289,1182.9530568143289,0
2023-12-02 00:00:00+00:00,1182.9530568143289,1182.9530568143289,0
2023-12-02 04:00:00+00:00,1182.9530568143289,1182.9530568143289,0
2023-12-02 08:00:00+00:00,1182.9530568143289,1182.9530568143289,0
2023-12-02 12:00:00+00:00,1182.9530568143289,1182.9530568143289,0
2023-12-02 16:00:00+00:00,1182.9530568143289,1182.9530568143289,0
2023-12-02 20:00:00+00:00,1182.9530568143289,1182.9530568143289,0
2023-12-03 00:00:00+00:00,1182.9530568143289,1182.9530568143289,0
2023-12-03 04:00:00+00:00,1182.5711292159092,1182.8673522059887,1
2023-12-03 08:00:00+00:00,1181.8798920937554,1182.8673522059887,1
2023-12-03 12:00:00+00:00,1180.9816177659325,1182.8673522059887,1
2023-12-03 16:00:00+00:00,1180.8764295082135,1182.8673522059887,1
2023-12-03 20:00:00+00:00,1180.9498943231283,1182.8673522059887,1
2023-12-04 00:00:00+00:00,1183.0820436105446,1182.8673522059887,1
2023-12-04 04:00:00+00:00,1182.2171623804102,1182.8673522059887,1
2023-12-04 08:00:00+00:00,1177.0220232278025,1177.0220232278025,0
2023-12-04 12:00:00+00:00,1177.0220232278025,1177.0220232278025,0
2023-12-04 16:00:00+00:00,1177.0220232278025,1177.0220232278025,0
2023-12-04 20:00:00+00:00,1177.0220232278025,1177.0220232278025,0
2023-12-05 00:00:00+00:00,1177.0220232278025,1177.0220232278025,0
2023-12-05 04:00:00+00:00,1177.0220232278025,1177.0220232278025,0
2023-12-05 08:00:00+00:00,1177.0220232278025,1177.0220232278025,0
2023-12-05 12:00:00+00:00,1177.0220232278025,1177.0220232278025,0
2023-12-05 16:00:00+00:00,1177.0220232278025,1177.0220232278025,0
2023-12-05 20:00:00+00:00,1177.0220232278025,1177.0220232278025,0
2023-12-06 00:00:00+00:00,1177.0220232278025,1177.0220232278025,0
2023-12-06 04:00:00+00:00,1177.0220232278025,1177.0220232278025,0
2023-12-06 08:00:00+00:00,1177.0220232278025,1177.0220232278025,0
2023-12-06 12:00:00+00:00,1177.0220232278025,1177.0220232278025,0
2023-12-06 16:00:00+00:00,1177.0220232278025,1177.0220232278025,0
2023-12-06 20:00:00+00:00,1177.0220232278025,1177.0220232278025,0
2023-12-07 00:00:00+00:00,1177.0220232278025,1177.0220232278025,0
2023-12-07 04:00:00+00:00,1177.0220232278025,1177.0220232278025,0
2023-12-07 08:00:00+00:00,1177.0220232278025,1177.0220232278025,0
2023-12-07 12:00:00+00:00,1177.0220232278025,1177.0220232278025,0
2023-12-07 16:00:00+00:00,1177.0220232278025,1177.0220232278025,0
2023-12-07 20:00:00+00:00,1177.0220232278025,1177.0220232278025,0
2023-12-08 00:00:00+00:00,1177.0220232278025,1177.0220232278025,0
2023-12-08 04:00:00+00:00,1177.0220232278025,1177.0220232278025,0
2023-12-08 08:00:00+00:00,1177.0220232278025,1177.0220232278025,0
2023-12-08 12:00:00+00:00,1182.0190425039532,1176.9458405725775,1
2023-12-08 16:00:00+00:00,1179.1668665524057,1176.9458405725775,1
2023-12-08 20:00:00+00:00,1181.543679845362,1176.9458405725775,1
2023-12-09 00:00:00+00:00,1187.376014002693,1176.9458405725775,1
2023-12-09 04:00:00+00:00,1195.8959754989821,1176.9458405725775,1
2023-12-09 08:00:00+00:00,1195.8045596030993,1176.9458405725775,1
2023-12-09 12:00:00+00:00,1192.442117401539,1192.442117401539,0
2023-12-09 16:00:00+00:00,1192.442117401539,1192.442117401539,0
2023-12-09 20:00:00+00:00,1192.442117401539,1192.442117401539,0
2023-12-10 00:00:00+00:00,1192.442117401539,1192.442117401539,0
2023-12-10 04:00:00+00:00,1192.442117401539,1192.442117401539,0
2023-12-10 08:00:00+00:00,1192.442117401539,1192.442117401539,0
2023-12-10 12:00:00+00:00,1192.442117401539,1192.442117401539,0
2023-12-10 16:00:00+00:00,1192.442117401539,1192.442117401539,0
2023-12-10 20:00:00+00:00,1196.7958517770714,1192.3649366819661,1
2023-12-11 00:00:00+00:00,1186.4947713580368,1186.4947713580368,0
2023-12-11 04:00:00+00:00,1186.4947713580368,1186.4947713580368,0
2023-12-11 08:00:00+00:00,1186.4947713580368,1186.4947713580368,0
2023-12-11 12:00:00+00:00,1186.4947713580368,1186.4947713580368,0
2023-12-11 16:00:00+00:00,1186.4947713580368,1186.4947713580368,0
2023-12-11 20:00:00+00:00,1186.4947713580368,1186.4947713580368,0
2023-12-12 00:00:00+00:00,1186.4947713580368,1186.4947713580368,0
2023-12-12 04:00:00+00:00,1186.4947713580368,1186.4947713580368,0
2023-12-12 08:00:00+00:00,1186.4947713580368,1186.4947713580368,0
2023-12-12 12:00:00+00:00,1186.4947713580368,1186.4947713580368,0
2023-12-12 16:00:00+00:00,1186.4947713580368,1186.4947713580368,0
2023-12-12 20:00:00+00:00,1186.4947713580368,1186.4947713580368,0
2023-12-13 00:00:00+00:00,1186.4947713580368,1186.4947713580368,0
2023-12-13 04:00:00+00:00,1186.4947713580368,1186.4947713580368,0
2023-12-13 08:00:00+00:00,1186.4947713580368,1186.4947713580368,0
2023-12-13 12:00:00+00:00,1186.4947713580368,1186.4947713580368,0
2023-12-13 16:00:00+00:00,1189.165249947088,1186.4179755799553,1
2023-12-13 20:00:00+00:00,1192.7798166113757,1186.4179755799553,1
2023-12-14 00:00:00+00:00,1191.0184811605577,1186.4179755799553,1
2023-12-14 04:00:00+00:00,1190.9878492396738,1186.4179755799553,1
2023-12-14 08:00:00+00:00,1191.1563248045347,1186.4179755799553,1
2023-12-14 12:00:00+00:00,1187.8480773490846,1186.4179755799553,1
2023-12-14 16:00:00+00:00,1188.108448676597,1186.4179755799553,1
2023-12-14 20:00:00+00:00,1188.9967743822272,1186.4179755799553,1
2023-12-15 00:00:00+00:00,1188.1850284788065,1186.4179755799553,1
2023-12-15 04:00:00+00:00,1186.929119722571,1186.4179755799553,1
2023-12-15 08:00:00+00:00,1188.276924241458,1186.4179755799553,1
2023-12-15 12:00:00+00:00,1185.857002491638,1186.4179755799553,1
2023-12-15 16:00:00+00:00,1184.7083054584957,1186.4179755799553,1
2023-12-15 20:00:00+00:00,1182.4415433130948,1186.4179755799553,1
2023-12-16 00:00:00+00:00,1180.509891601509,1180.509891601509,0
2023-12-16 04:00:00+00:00,1180.509891601509,1180.509891601509,0
2023-12-16 08:00:00+00:00,1180.509891601509,1180.509891601509,0
2023-12-16 12:00:00+00:00,1180.509891601509,1180.509891601509,0
2023-12-16 16:00:00+00:00,1180.509891601509,1180.509891601509,0
2023-12-16 20:00:00+00:00,1180.509891601509,1180.509891601509,0
2023-12-17 00:00:00+00:00,1180.509891601509,1180.509891601509,0
2023-12-17 04:00:00+00:00,1180.509891601509,1180.509891601509,0
2023-12-17 08:00:00+00:00,1180.509891601509,1180.509891601509,0
2023-12-17 12:00:00+00:00,1180.509891601509,1180.509891601509,0
2023-12-17 16:00:00+00:00,1180.509891601509,1180.509891601509,0
2023-12-17 20:00:00+00:00,1180.509891601509,1180.509891601509,0
2023-12-18 00:00:00+00:00,1180.509891601509,1180.509891601509,0
2023-12-18 04:00:00+00:00,1180.509891601509,1180.509891601509,0
2023-12-18 08:00:00+00:00,1180.509891601509,1180.509891601509,0
2023-12-18 12:00:00+00:00,1180.509891601509,1180.509891601509,0
2023-12-18 16:00:00+00:00,1180.509891601509,1180.509891601509,0
2023-12-18 20:00:00+00:00,1180.509891601509,1180.509891601509,0
2023-12-19 00:00:00+00:00,1180.509891601509,1180.509891601509,0
2023-12-19 04:00:00+00:00,1180.509891601509,1180.509891601509,0
2023-12-19 08:00:00+00:00,1180.509891601509,1180.509891601509,0
2023-12-19 12:00:00+00:00,1180.509891601509,1180.509891601509,0
2023-12-19 16:00:00+00:00,1180.509891601509,1180.509891601509,0
2023-12-19 20:00:00+00:00,1180.509891601509,1180.509891601509,0
2023-12-20 00:00:00+00:00,1180.509891601509,1180.509891601509,0
2023-12-20 04:00:00+00:00,1180.509891601509,1180.509891601509,0
2023-12-20 08:00:00+00:00,1180.509891601509,1180.509891601509,0
2023-12-20 12:00:00+00:00,1180.509891601509,1180.509891601509,0
2023-12-20 16:00:00+00:00,1180.509891601509,1180.509891601509,0
2023-12-20 20:00:00+00:00,1180.509891601509,1180.509891601509,0
2023-12-21 00:00:00+00:00,1180.509891601509,1180.509891601509,0
2023-12-21 04:00:00+00:00,1180.509891601509,1180.509891601509,0
2023-12-21 08:00:00+00:00,1180.509891601509,1180.509891601509,0
2023-12-21 12:00:00+00:00,1180.509891601509,1180.509891601509,0
2023-12-21 16:00:00+00:00,1180.509891601509,1180.509891601509,0
2023-12-21 20:00:00+00:00,1181.4132130718533,1180.4334831942856,1
2023-12-22 00:00:00+00:00,1185.3990970770747,1180.4334831942856,1
2023-12-22 04:00:00+00:00,1181.4152676512374,1180.4334831942856,1
2023-12-22 08:00:00+00:00,1181.3166478407989,1180.4334831942856,1
2023-12-22 12:00:00+00:00,1183.8869266503516,1180.4334831942856,1
2023-12-22 16:00:00+00:00,1184.4991913068236,1180.4334831942856,1
2023-12-22 20:00:00+00:00,1185.558326979345,1180.4334831942856,1
2023-12-23 00:00:00+00:00,1181.274528963424,1180.4334831942856,1
2023-12-23 04:00:00+00:00,1182.9757206934878,1180.4334831942856,1
2023-12-23 08:00:00+00:00,1183.4996384364422,1180.4334831942856,1
2023-12-23 12:00:00+00:00,1184.3954350479248,1180.4334831942856,1
2023-12-23 16:00:00+00:00,1190.7101847850633,1180.4334831942856,1
2023-12-23 20:00:00+00:00,1195.8343057690956,1180.4334831942856,1
2023-12-24 00:00:00+00:00,1204.4306659123156,1180.4334831942856,1
2023-12-24 04:00:00+00:00,1197.3990033703867,1198.8786761721647,1
2023-12-24 08:00:00+00:00,1192.9764428743222,1192.9764428743222,0
2023-12-24 12:00:00+00:00,1192.9764428743222,1192.9764428743222,0
2023-12-24 16:00:00+00:00,1192.9764428743222,1192.9764428743222,0
2023-12-24 20:00:00+00:00,1192.9764428743222,1192.9764428743222,0
2023-12-25 00:00:00+00:00,1192.9764428743222,1192.9764428743222,0
2023-12-25 04:00:00+00:00,1192.9764428743222,1192.9764428743222,0
2023-12-25 08:00:00+00:00,1192.9764428743222,1192.9764428743222,0
2023-12-25 12:00:00+00:00,1192.9764428743222,1192.9764428743222,0
2023-12-25 16:00:00+00:00,1191.5192086234604,1192.8992275705762,1
2023-12-25 20:00:00+00:00,1191.1399872903369,1192.8992275705762,1
2023-12-26 00:00:00+00:00,1189.984302442491,1192.8992275705762,1
2023-12-26 04:00:00+00:00,1187.016779951192,1187.016779951192,0
2023-12-26 08:00:00+00:00,1187.016779951192,1187.016779951192,0
2023-12-26 12:00:00+00:00,1187.016779951192,1187.016779951192,0
2023-12-26 16:00:00+00:00,1187.016779951192,1187.016779951192,0
2023-12-26 20:00:00+00:00,1187.016779951192,1187.016779951192,0
2023-12-27 00:00:00+00:00,1187.016779951192,1187.016779951192,0
2023-12-27 04:00:00+00:00,1187.016779951192,1187.016779951192,0
2023-12-27 08:00:00+00:00,1187.016779951192,1187.016779951192,0
2023-12-27 12:00:00+00:00,1187.016779951192,1187.016779951192,0
2023-12-27 16:00:00+00:00,1187.016779951192,1187.016779951192,0
2023-12-27 20:00:00+00:00,1187.016779951192,1187.016779951192,0
2023-12-28 00:00:00+00:00,1187.016779951192,1187.016779951192,0
2023-12-28 04:00:00+00:00,1187.016779951192,1187.016779951192,0
2023-12-28 08:00:00+00:00,1187.016779951192,1187.016779951192,0
2023-12-28 12:00:00+00:00,1187.016779951192,1187.016779951192,0
2023-12-28 16:00:00+00:00,1187.016779951192,1187.016779951192,0
2023-12-28 20:00:00+00:00,1187.016779951192,1187.016779951192,0
2023-12-29 00:00:00+00:00,1187.016779951192,1187.016779951192,0
2023-12-29 04:00:00+00:00,1187.016779951192,1187.016779951192,0
2023-12-29 08:00:00+00:00,1187.016779951192,1187.016779951192,0
2023-12-29 12:00:00+00:00,1187.016779951192,1187.016779951192,0
2023-12-29 16:00:00+00:00,1187.016779951192,1187.016779951192,0
2023-12-29 20:00:00+00:00,1187.016779951192,1187.016779951192,0
2023-12-30 00:00:00+00:00,1187.016779951192,1187.016779951192,0
2023-12-30 04:00:00+00:00,1187.016779951192,1187.016779951192,0
2023-12-30 08:00:00+00:00,1187.016779951192,1187.016779951192,0
2023-12-30 12:00:00+00:00,1187.016779951192,1187.016779951192,0
2023-12-30 16:00:00+00:00,1187.016779951192,1187.016779951192,0
2023-12-30 20:00:00+00:00,1187.016779951192,1187.016779951192,0
2023-12-31 00:00:00+00:00,1187.016779951192,1187.016779951192,0
2023-12-31 04:00:00+00:00,1187.016779951192,1187.016779951192,0
2023-12-31 08:00:00+00:00,1187.016779951192,1187.016779951192,0
2023-12-31 12:00:00+00:00,1187.016779951192,1187.016779951192,0
2023-12-31 16:00:00+00:00,1187.016779951192,1187.016779951192,0
2023-12-31 20:00:00+00:00,1187.016779951192,1187.016779951192,0
2024-01-01 00:00:00+00:00,1187.016779951192,1187.016779951192,0
2024-01-01 04:00:00+00:00,1187.016779951192,1187.016779951192,0
2024-01-01 08:00:00+00:00,1187.016779951192,1187.016779951192,0
2024-01-01 12:00:00+00:00,1187.016779951192,1187.016779951192,0
2024-01-01 16:00:00+00:00,1187.016779951192,1187.016779951192,0
2024-01-01 20:00:00+00:00,1187.016779951192,1187.016779951192,0
2024-01-02 00:00:00+00:00,1187.016779951192,1187.016779951192,0
2024-01-02 04:00:00+00:00,1187.016779951192,1187.016779951192,0
2024-01-02 08:00:00+00:00,1187.016779951192,1187.016779951192,0
2024-01-02 12:00:00+00:00,1187.016779951192,1187.016779951192,0
2024-01-02 16:00:00+00:00,1187.016779951192,1187.016779951192,0
2024-01-02 20:00:00+00:00,1187.016779951192,1187.016779951192,0
2024-01-03 00:00:00+00:00,1187.016779951192,1187.016779951192,0
2024-01-03 04:00:00+00:00,1187.016779951192,1187.016779951192,0
2024-01-03 08:00:00+00:00,1187.016779951192,1187.016779951192,0
2024-01-03 12:00:00+00:00,1187.016779951192,1187.016779951192,0
2024-01-03 16:00:00+00:00,1187.016779951192,1187.016779951192,0
2024-01-03 20:00:00+00:00,1187.016779951192,1187.016779951192,0
2024-01-04 00:00:00+00:00,1187.016779951192,1187.016779951192,0
2024-01-04 04:00:00+00:00,1187.016779951192,1187.016779951192,0
2024-01-04 08:00:00+00:00,1187.016779951192,1187.016779951192,0
2024-01-04 12:00:00+00:00,1187.016779951192,1187.016779951192,0
2024-01-04 16:00:00+00:00,1187.016779951192,1187.016779951192,0
2024-01-04 20:00:00+00:00,1187.016779951192,1187.016779951192,0
2024-01-05 00:00:00+00:00,1187.016779951192,1187.016779951192,0
2024-01-05 04:00:00+00:00,1187.016779951192,1187.016779951192,0
2024-01-05 08:00:00+00:00,1187.016779951192,1187.016779951192,0
2024-01-05 12:00:00+00:00,1187.016779951192,1187.016779951192,0
2024-01-05 16:00:00+00:00,1187.016779951192,1187.016779951192,0
2024-01-05 20:00:00+00:00,1187.016779951192,1187.016779951192,0
2024-01-06 00:00:00+00:00,1187.016779951192,1187.016779951192,0
2024-01-06 04:00:00+00:00,1187.016779951192,1187.016779951192,0
2024-01-06 08:00:00+00:00,1187.016779951192,1187.016779951192,0
2024-01-06 12:00:00+00:00,1187.016779951192,1187.016779951192,0
2024-01-06 16:00:00+00:00,1187.016779951192,1187.016779951192,0
2024-01-06 20:00:00+00:00,1187.016779951192,1187.016779951192,0
2024-01-07 00:00:00+00:00,1187.016779951192,1187.016779951192,0
2024-01-07 04:00:00+00:00,1187.016779951192,1187.016779951192,0
2024-01-07 08:00:00+00:00,1187.016779951192,1187.016779951192,0
2024-01-07 12:00:00+00:00,1187.016779951192,1187.016779951192,0
2024-01-07 16:00:00+00:00,1187.016779951192,1187.016779951192,0
2024-01-07 20:00:00+00:00,1187.016779951192,1187.016779951192,0
2024-01-08 00:00:00+00:00,1187.016779951192,1187.016779951192,0
2024-01-08 04:00:00+00:00,1181.1858102549043,1186.8477549080922,2
2024-01-08 08:00:00+00:00,1175.1537277792056,1186.8477549080922,2
2024-01-08 12:00:00+00:00,1173.9481682646651,1173.9481682646651,0
2024-01-08 16:00:00+00:00,1173.9481682646651,1173.9481682646651,0
2024-01-08 20:00:00+00:00,1173.9481682646651,1173.9481682646651,0
2024-01-09 00:00:00+00:00,1173.9481682646651,1173.9481682646651,0
2024-01-09 04:00:00+00:00,1173.9481682646651,1173.9481682646651,0
2024-01-09 08:00:00+00:00,1173.9481682646651,1173.9481682646651,0
2024-01-09 12:00:00+00:00,1173.9481682646651,1173.9481682646651,0
2024-01-09 16:00:00+00:00,1173.9481682646651,1173.9481682646651,0
2024-01-09 20:00:00+00:00,1173.9481682646651,1173.9481682646651,0
2024-01-10 00:00:00+00:00,1173.9481682646651,1173.9481682646651,0
2024-01-10 04:00:00+00:00,1173.9481682646651,1173.9481682646651,0
2024-01-10 08:00:00+00:00,1173.9481682646651,1173.9481682646651,0
2024-01-10 12:00:00+00:00,1173.9481682646651,1173.9481682646651,0
2024-01-10 16:00:00+00:00,1173.9481682646651,1173.9481682646651,0
2024-01-10 20:00:00+00:00,1173.9481682646651,1173.9481682646651,0
2024-01-11 00:00:00+00:00,1173.9481682646651,1173.9481682646651,0
2024-01-11 04:00:00+00:00,1173.9481682646651,1173.9481682646651,0
2024-01-11 08:00:00+00:00,1173.9481682646651,1173.9481682646651,0
2024-01-11 12:00:00+00:00,1173.9481682646651,1173.9481682646651,0
2024-01-11 16:00:00+00:00,1173.9481682646651,1173.9481682646651,0
2024-01-11 20:00:00+00:00,1173.9481682646651,1173.9481682646651,0
2024-01-12 00:00:00+00:00,1173.9481682646651,1173.9481682646651,0
2024-01-12 04:00:00+00:00,1173.9481682646651,1173.9481682646651,0
2024-01-12 08:00:00+00:00,1173.9481682646651,1173.9481682646651,0
2024-01-12 12:00:00+00:00,1173.9481682646651,1173.9481682646651,0
2024-01-12 16:00:00+00:00,1173.9481682646651,1173.9481682646651,0
2024-01-12 20:00:00+00:00,1173.9481682646651,1173.9481682646651,0
2024-01-13 00:00:00+00:00,1173.9481682646651,1173.9481682646651,0
2024-01-13 04:00:00+00:00,1173.9481682646651,1173.9481682646651,0
2024-01-13 08:00:00+00:00,1173.9481682646651,1173.9481682646651,0
2024-01-13 12:00:00+00:00,1173.9481682646651,1173.9481682646651,0
2024-01-13 16:00:00+00:00,1173.9481682646651,1173.9481682646651,0
2024-01-13 20:00:00+00:00,1173.9481682646651,1173.9481682646651,0
2024-01-14 00:00:00+00:00,1173.9481682646651,1173.9481682646651,0
2024-01-14 04:00:00+00:00,1173.9481682646651,1173.9481682646651,0
2024-01-14 08:00:00+00:00,1173.9481682646651,1173.9481682646651,0
2024-01-14 12:00:00+00:00,1173.9481682646651,1173.9481682646651,0
2024-01-14 16:00:00+00:00,1173.9481682646651,1173.9481682646651,0
2024-01-14 20:00:00+00:00,1173.9481682646651,1173.9481682646651,0
2024-01-15 00:00:00+00:00,1173.9481682646651,1173.9481682646651,0
2024-01-15 04:00:00+00:00,1173.9481682646651,1173.9481682646651,0
2024-01-15 08:00:00+00:00,1173.9481682646651,1173.9481682646651,0
2024-01-15 12:00:00+00:00,1173.9481682646651,1173.9481682646651,0
2024-01-15 16:00:00+00:00,1173.9481682646651,1173.9481682646651,0
2024-01-15 20:00:00+00:00,1173.9481682646651,1173.9481682646651,0
2024-01-16 00:00:00+00:00,1173.9481682646651,1173.9481682646651,0
2024-01-16 04:00:00+00:00,1173.9481682646651,1173.9481682646651,0
2024-01-16 08:00:00+00:00,1173.9481682646651,1173.9481682646651,0
2024-01-16 12:00:00+00:00,1173.9481682646651,1173.9481682646651,0
2024-01-16 16:00:00+00:00,1173.9481682646651,1173.9481682646651,0
2024-01-16 20:00:00+00:00,1173.9481682646651,1173.9481682646651,0
2024-01-17 00:00:00+00:00,1173.9481682646651,1173.9481682646651,0
2024-01-17 04:00:00+00:00,1173.9481682646651,1173.9481682646651,0
2024-01-17 08:00:00+00:00,1173.9481682646651,1173.9481682646651,0
2024-01-17 12:00:00+00:00,1173.9481682646651,1173.9481682646651,0
2024-01-17 16:00:00+00:00,1173.9481682646651,1173.9481682646651,0
2024-01-17 20:00:00+00:00,1173.9481682646651,1173.9481682646651,0
2024-01-18 00:00:00+00:00,1173.9481682646651,1173.9481682646651,0
2024-01-18 04:00:00+00:00,1173.9481682646651,1173.9481682646651,0
2024-01-18 08:00:00+00:00,1173.9481682646651,1173.9481682646651,0
2024-01-18 12:00:00+00:00,1173.9481682646651,1173.9481682646651,0
2024-01-18 16:00:00+00:00,1173.9481682646651,1173.9481682646651,0
2024-01-18 20:00:00+00:00,1173.9481682646651,1173.9481682646651,0
2024-01-19 00:00:00+00:00,1173.9481682646651,1173.9481682646651,0
2024-01-19 04:00:00+00:00,1173.9481682646651,1173.9481682646651,0
2024-01-19 08:00:00+00:00,1173.9481682646651,1173.9481682646651,0
2024-01-19 12:00:00+00:00,1173.9481682646651,1173.9481682646651,0
2024-01-19 16:00:00+00:00,1173.9481682646651,1173.9481682646651,0
2024-01-19 20:00:00+00:00,1173.9481682646651,1173.9481682646651,0
2024-01-20 00:00:00+00:00,1173.9481682646651,1173.9481682646651,0
2024-01-20 04:00:00+00:00,1173.9481682646651,1173.9481682646651,0
2024-01-20 08:00:00+00:00,1173.9481682646651,1173.9481682646651,0
2024-01-20 12:00:00+00:00,1173.9481682646651,1173.9481682646651,0
2024-01-20 16:00:00+00:00,1173.9481682646651,1173.9481682646651,0
2024-01-20 20:00:00+00:00,1173.9481682646651,1173.9481682646651,0
2024-01-21 00:00:00+00:00,1173.9481682646651,1173.9481682646651,0
2024-01-21 04:00:00+00:00,1173.9481682646651,1173.9481682646651,0
2024-01-21 08:00:00+00:00,1173.9481682646651,1173.9481682646651,0
2024-01-21 12:00:00+00:00,1173.9481682646651,1173.9481682646651,0
2024-01-21 16:00:00+00:00,1173.9481682646651,1173.9481682646651,0
2024-01-21 20:00:00+00:00,1173.9481682646651,1173.9481682646651,0
2024-01-22 00:00:00+00:00,1173.9481682646651,1173.9481682646651,0
2024-01-22 04:00:00+00:00,1173.9481682646651,1173.9481682646651,0
2024-01-22 08:00:00+00:00,1173.9481682646651,1173.9481682646651,0
2024-01-22 12:00:00+00:00,1173.9481682646651,1173.9481682646651,0
2024-01-22 16:00:00+00:00,1173.9481682646651,1173.9481682646651,0
2024-01-22 20:00:00+00:00,1173.9481682646651,1173.9481682646651,0
2024-01-23 00:00:00+00:00,1173.9481682646651,1173.9481682646651,0
2024-01-23 04:00:00+00:00,1173.9481682646651,1173.9481682646651,0
2024-01-23 08:00:00+00:00,1173.9481682646651,1173.9481682646651,0
2024-01-23 12:00:00+00:00,1173.9481682646651,1173.9481682646651,0
2024-01-23 16:00:00+00:00,1173.9481682646651,1173.9481682646651,0
2024-01-23 20:00:00+00:00,1173.9481682646651,1173.9481682646651,0
2024-01-24 00:00:00+00:00,1173.9481682646651,1173.9481682646651,0
2024-01-24 04:00:00+00:00,1173.9481682646651,1173.9481682646651,0
2024-01-24 08:00:00+00:00,1173.9481682646651,1173.9481682646651,0
2024-01-24 12:00:00+00:00,1173.9481682646651,1173.9481682646651,0
2024-01-24 16:00:00+00:00,1173.9481682646651,1173.9481682646651,0
2024-01-24 20:00:00+00:00,1173.9481682646651,1173.9481682646651,0
2024-01-25 00:00:00+00:00,1173.9481682646651,1173.9481682646651,0
2024-01-25 04:00:00+00:00,1173.9481682646651,1173.9481682646651,0
2024-01-25 08:00:00+00:00,1173.9481682646651,1173.9481682646651,0
2024-01-25 12:00:00+00:00,1173.9481682646651,1173.9481682646651,0
2024-01-25 16:00:00+00:00,1173.9481682646651,1173.9481682646651,0
2024-01-25 20:00:00+00:00,1173.9481682646651,1173.9481682646651,0
2024-01-26 00:00:00+00:00,1173.9481682646651,1173.9481682646651,0
2024-01-26 04:00:00+00:00,1173.9481682646651,1173.9481682646651,0
2024-01-26 08:00:00+00:00,1173.9481682646651,1173.9481682646651,0
2024-01-26 12:00:00+00:00,1173.9481682646651,1173.9481682646651,0
2024-01-26 16:00:00+00:00,1173.9481682646651,1173.9481682646651,0
2024-01-26 20:00:00+00:00,1173.9481682646651,1173.9481682646651,0
2024-01-27 00:00:00+00:00,1173.9481682646651,1173.9481682646651,0
2024-01-27 04:00:00+00:00,1173.9481682646651,1173.9481682646651,0
2024-01-27 08:00:00+00:00,1173.9481682646651,1173.9481682646651,0
2024-01-27 12:00:00+00:00,1173.9481682646651,1173.9481682646651,0
2024-01-27 16:00:00+00:00,1173.9481682646651,1173.9481682646651,0
2024-01-27 20:00:00+00:00,1173.9481682646651,1173.9481682646651,0
2024-01-28 00:00:00+00:00,1173.9481682646651,1173.9481682646651,0
2024-01-28 04:00:00+00:00,1173.9481682646651,1173.9481682646651,0
2024-01-28 08:00:00+00:00,1173.9481682646651,1173.9481682646651,0
2024-01-28 12:00:00+00:00,1173.9481682646651,1173.9481682646651,0
2024-01-28 16:00:00+00:00,1173.9481682646651,1173.9481682646651,0
2024-01-28 20:00:00+00:00,1173.9481682646651,1173.9481682646651,0
2024-01-29 00:00:00+00:00,1173.9481682646651,1173.9481682646651,0
2024-01-29 04:00:00+00:00,1173.9481682646651,1173.9481682646651,0
2024-01-29 08:00:00+00:00,1173.9481682646651,1173.9481682646651,0
2024-01-29 12:00:00+00:00,1173.9481682646651,1173.9481682646651,0
2024-01-29 16:00:00+00:00,1174.5007666149772,1173.8721845644538,1
2024-01-29 20:00:00+00:00,1175.5296809913457,1173.8721845644538,1
2024-01-30 00:00:00+00:00,1175.9414369293934,1173.8721845644538,1
2024-01-30 04:00:00+00:00,1176.7278622429392,1173.8721845644538,1
2024-01-30 08:00:00+00:00,1179.7052475593991,1173.8721845644538,1
2024-01-30 12:00:00+00:00,1178.5470056828588,1173.8721845644538,1
2024-01-30 16:00:00+00:00,1178.9463994333898,1173.8721845644538,1
2024-01-30 20:00:00+00:00,1175.290044741027,1173.8721845644538,1
2024-01-31 00:00:00+00:00,1175.023782240673,1173.8721845644538,1
2024-01-31 04:00:00+00:00,1175.2120780152088,1173.779340231824,2
2024-01-31 08:00:00+00:00,1172.5310790113551,1173.779340231824,2
2024-01-31 12:00:00+00:00,1174.3039474120148,1173.779340231824,2
2024-01-31 16:00:00+00:00,1173.9055590664047,1173.779340231824,2
2024-01-31 20:00:00+00:00,1167.8122120829667,1173.779340231824,2
2024-02-01 00:00:00+00:00,1163.0686670370706,1167.9337313577857,1
2024-02-01 04:00:00+00:00,1167.3730930468291,1167.9337313577857,1
2024-02-01 08:00:00+00:00,1165.850438948139,1167.9337313577857,1
2024-02-01 12:00:00+00:00,1174.085947895381,1167.9337313577857,1
2024-02-01 16:00:00+00:00,1175.8648178279852,1167.9337313577857,1
2024-02-01 20:00:00+00:00,1177.7242127369625,1167.9337313577857,1
2024-02-02 00:00:00+00:00,1182.6362362957175,1167.9337313577857,1
2024-02-02 04:00:00+00:00,1184.4956312046947,1167.9337313577857,1
2024-02-02 08:00:00+00:00,1182.4093022713935,1167.9337313577857,1
2024-02-02 12:00:00+00:00,1188.9903889767895,1167.9337313577857,1
2024-02-02 16:00:00+00:00,1185.2789196112324,1167.9337313577857,1
2024-02-02 20:00:00+00:00,1182.276661629801,1182.276661629801,0
2024-02-03 00:00:00+00:00,1182.276661629801,1182.276661629801,0
2024-02-03 04:00:00+00:00,1182.276661629801,1182.276661629801,0
2024-02-03 08:00:00+00:00,1182.276661629801,1182.276661629801,0
2024-02-03 12:00:00+00:00,1182.276661629801,1182.276661629801,0
2024-02-03 16:00:00+00:00,1182.276661629801,1182.276661629801,0
2024-02-03 20:00:00+00:00,1182.276661629801,1182.276661629801,0
2024-02-04 00:00:00+00:00,1182.276661629801,1182.276661629801,0
2024-02-04 04:00:00+00:00,1182.276661629801,1182.276661629801,0
2024-02-04 08:00:00+00:00,1182.276661629801,1182.276661629801,0
2024-02-04 12:00:00+00:00,1182.276661629801,1182.276661629801,0
2024-02-04 16:00:00+00:00,1182.276661629801,1182.276661629801,0
2024-02-04 20:00:00+00:00,1182.276661629801,1182.276661629801,0
2024-02-05 00:00:00+00:00,1182.276661629801,1182.276661629801,0
2024-02-05 04:00:00+00:00,1182.276661629801,1182.276661629801,0
2024-02-05 08:00:00+00:00,1182.276661629801,1182.276661629801,0
2024-02-05 12:00:00+00:00,1180.3179698941826,1182.2001388685305,1
2024-02-05 16:00:00+00:00,1179.7197092083845,1182.2001388685305,1
2024-02-05 20:00:00+00:00,1179.7197092083845,1182.2001388685305,1
2024-02-06 00:00:00+00:00,1178.4550931245838,1182.2001388685305,1
2024-02-06 04:00:00+00:00,1179.2722296710397,1182.2001388685305,1
2024-02-06 08:00:00+00:00,1177.7984655426103,1182.2001388685305,1
2024-02-06 12:00:00+00:00,1176.3513201108597,1176.3513201108597,0
2024-02-06 16:00:00+00:00,1176.3513201108597,1176.3513201108597,0
2024-02-06 20:00:00+00:00,1176.3513201108597,1176.3513201108597,0
2024-02-07 00:00:00+00:00,1176.3513201108597,1176.3513201108597,0
2024-02-07 04:00:00+00:00,1176.3513201108597,1176.3513201108597,0
2024-02-07 08:00:00+00:00,1176.3513201108597,1176.3513201108597,0
2024-02-07 12:00:00+00:00,1176.3513201108597,1176.3513201108597,0
2024-02-07 16:00:00+00:00,1176.3513201108597,1176.3513201108597,0
2024-02-07 20:00:00+00:00,1176.3513201108597,1176.3513201108597,0
2024-02-08 00:00:00+00:00,1176.3513201108597,1176.3513201108597,0
2024-02-08 04:00:00+00:00,1176.3513201108597,1176.3513201108597,0
2024-02-08 08:00:00+00:00,1176.3513201108597,1176.3513201108597,0
2024-02-08 12:00:00+00:00,1176.3513201108597,1176.3513201108597,0
2024-02-08 16:00:00+00:00,1176.3513201108597,1176.3513201108597,0
2024-02-08 20:00:00+00:00,1176.3513201108597,1176.3513201108597,0
2024-02-09 00:00:00+00:00,1176.3513201108597,1176.3513201108597,0
2024-02-09 04:00:00+00:00,1176.3513201108597,1176.3513201108597,0
2024-02-09 08:00:00+00:00,1176.3513201108597,1176.3513201108597,0
2024-02-09 12:00:00+00:00,1176.3513201108597,1176.3513201108597,0
2024-02-09 16:00:00+00:00,1176.3513201108597,1176.3513201108597,0
2024-02-09 20:00:00+00:00,1176.3513201108597,1176.3513201108597,0
2024-02-10 00:00:00+00:00,1176.3513201108597,1176.3513201108597,0
2024-02-10 04:00:00+00:00,1176.3513201108597,1176.3513201108597,0
2024-02-10 08:00:00+00:00,1176.3513201108597,1176.3513201108597,0
2024-02-10 12:00:00+00:00,1176.3513201108597,1176.3513201108597,0
2024-02-10 16:00:00+00:00,1176.3513201108597,1176.3513201108597,0
2024-02-10 20:00:00+00:00,1176.3513201108597,1176.3513201108597,0
2024-02-11 00:00:00+00:00,1176.694777440674,1176.2728752936166,1
2024-02-11 04:00:00+00:00,1177.8508735332607,1176.2728752936166,1
2024-02-11 08:00:00+00:00,1177.0459965067764,1176.2728752936166,1
2024-02-11 12:00:00+00:00,1175.482583858363,1176.2728752936166,1
2024-02-11 16:00:00+00:00,1175.2947792188497,1176.2728752936166,1
2024-02-11 20:00:00+00:00,1175.1191696857986,1176.2728752936166,1
2024-02-12 00:00:00+00:00,1172.7216117553921,1176.2728752936166,1
2024-02-12 04:00:00+00:00,1173.0411235446936,1176.2728752936166,1
2024-02-12 08:00:00+00:00,1172.428929200307,1176.2728752936166,1
2024-02-12 12:00:00+00:00,1176.2118512247835,1176.2728752936166,1
2024-02-12 16:00:00+00:00,1176.5898995251018,1176.2728752936166,1
2024-02-12 20:00:00+00:00,1178.221604769702,1176.2728752936166,1
2024-02-13 00:00:00+00:00,1177.1874597417343,1176.2728752936166,1
2024-02-13 04:00:00+00:00,1178.4777020054016,1176.2728752936166,1
2024-02-13 08:00:00+00:00,1178.350872898198,1176.2728752936166,1
2024-02-13 12:00:00+00:00,1174.4703900220263,1176.2728752936166,1
2024-02-13 16:00:00+00:00,1174.7313653003107,1176.2728752936166,1
2024-02-13 20:00:00+00:00,1175.1825842394005,1176.2728752936166,1
2024-02-14 00:00:00+00:00,1174.6338044486156,1176.2728752936166,1
2024-02-14 04:00:00+00:00,1175.5850227526425,1176.2728752936166,1
2024-02-14 08:00:00+00:00,1179.4630666075218,1176.2728752936166,1
2024-02-14 12:00:00+00:00,1179.9655049937514,1176.2728752936166,1
2024-02-14 16:00:00+00:00,1180.3459923153623,1176.2728752936166,1
2024-02-14 20:00:00+00:00,1181.2728204064654,1176.2728752936166,1
2024-02-15 00:00:00+00:00,1181.6752589197076,1176.2728752936166,1
2024-02-15 04:00:00+00:00,1182.9801353111293,1176.2728752936166,1
2024-02-15 08:00:00+00:00,1182.863062289095,1176.2728752936166,1
2024-02-15 12:00:00+00:00,1180.4264800180106,1176.2728752936166,1
2024-02-15 16:00:00+00:00,1179.950870865997,1176.2728752936166,1
2024-02-15 20:00:00+00:00,1179.619163970234,1176.2728752936166,1
2024-02-16 00:00:00+00:00,1180.006968355722,1176.2728752936166,1
2024-02-16 04:00:00+00:00,1177.7069712770106,1176.2728752936166,1
2024-02-16 08:00:00+00:00,1178.2337998761639,1176.2728752936166,1
2024-02-16 12:00:00+00:00,1176.0240465852705,1176.2728752936166,1
2024-02-16 16:00:00+00:00,1175.4338034325153,1176.2728752936166,1
2024-02-16 20:00:00+00:00,1176.4508753114364,1176.2728752936166,1
2024-02-17 00:00:00+00:00,1176.3728266300802,1176.2728752936166,1
2024-02-17 04:00:00+00:00,1176.4191680346355,1176.2728752936166,1
2024-02-17 08:00:00+00:00,1175.1459989200148,1176.2728752936166,1
2024-02-17 12:00:00+00:00,1173.6240496335715,1176.2728752936166,1
2024-02-17 16:00:00+00:00,1174.9167309185314,1176.2728752936166,1
2024-02-17 20:00:00+00:00,1175.2459987930022,1176.2728752936166,1
2024-02-18 00:00:00+00:00,1173.9268587784534,1173.9268587784534,0
2024-02-18 04:00:00+00:00,1173.9268587784534,1173.9268587784534,0
2024-02-18 08:00:00+00:00,1173.9268587784534,1173.9268587784534,0
2024-02-18 12:00:00+00:00,1173.9268587784534,1173.9268587784534,0
2024-02-18 16:00:00+00:00,1173.9268587784534,1173.9268587784534,0
2024-02-18 20:00:00+00:00,1173.9268587784534,1173.9268587784534,0
2024-02-19 00:00:00+00:00,1173.9268587784534,1173.9268587784534,0
2024-02-19 04:00:00+00:00,1173.9268587784534,1173.9268587784534,0
2024-02-19 08:00:00+00:00,1173.9268587784534,1173.9268587784534,0
2024-02-19 12:00:00+00:00,1173.9268587784534,1173.9268587784534,0
2024-02-19 16:00:00+00:00,1173.9268587784534,1173.9268587784534,0
2024-02-19 20:00:00+00:00,1174.7728937531472,1173.6882286949458,2
2024-02-20 00:00:00+00:00,1170.3593986202338,1173.6882286949458,2
2024-02-20 04:00:00+00:00,1170.4703433837378,1173.6882286949458,2
2024-02-20 08:00:00+00:00,1168.011770065507,1167.9350008781541,1
2024-02-20 12:00:00+00:00,1167.4562378442251,1167.9350008781541,1
2024-02-20 16:00:00+00:00,1170.7775075535087,1167.9350008781541,1
2024-02-20 20:00:00+00:00,1172.3481732874357,1167.9350008781541,1
2024-02-21 00:00:00+00:00,1171.8425034704053,1167.9350008781541,1
2024-02-21 04:00:00+00:00,1168.2659599306594,1167.9350008781541,1
2024-02-21 08:00:00+00:00,1166.0129380342019,1167.9350008781541,1
2024-02-21 12:00:00+00:00,1166.842171496213,1167.9350008781541,1
2024-02-21 16:00:00+00:00,1166.735400913196,1167.9350008781541,1
2024-02-21 20:00:00+00:00,1169.7705037806875,1167.9350008781541,1
2024-02-22 00:00:00+00:00,1167.9711213663888,1167.9350008781541,1
2024-02-22 04:00:00+00:00,1171.1953761804436,1167.9350008781541,1
2024-02-22 08:00:00+00:00,1171.026819574767,1167.9350008781541,1
2024-02-22 12:00:00+00:00,1170.7829273800578,1167.9350008781541,1
2024-02-22 16:00:00+00:00,1170.8674766742236,1167.9350008781541,1
2024-02-22 20:00:00+00:00,1169.9412283169838,1167.9350008781541,1
2024-02-23 00:00:00+00:00,1169.0832697742626,1167.9350008781541,1
2024-02-23 04:00:00+00:00,1167.892533881427,1167.9350008781541,1
2024-02-23 08:00:00+00:00,1168.4507760159836,1167.9350008781541,1
2024-02-23 12:00:00+00:00,1166.9061254494923,1167.9350008781541,1
2024-02-23 16:00:00+00:00,1166.6676419018659,1167.8593670326482,2
2024-02-23 20:00:00+00:00,1166.6841977274023,1167.8593670326482,2
2024-02-24 00:00:00+00:00,1167.3370118619116,1167.8593670326482,2
2024-02-24 04:00:00+00:00,1167.753449265776,1167.8593670326482,2
2024-02-24 08:00:00+00:00,1166.9633200747376,1167.8593670326482,2
2024-02-24 12:00:00+00:00,1167.3470131864658,1167.8593670326482,2
2024-02-24 16:00:00+00:00,1168.043679361517,1167.8593670326482,2
2024-02-24 20:00:00+00:00,1168.3132416205183,1167.8593670326482,2
2024-02-25 00:00:00+00:00,1169.945640209242,1167.8593670326482,2
2024-02-25 04:00:00+00:00,1169.9900273630897,1167.8593670326482,2
2024-02-25 08:00:00+00:00,1170.8012339418317,1167.8593670326482,2
2024-02-25 12:00:00+00:00,1170.8871613925792,1167.8593670326482,2
2024-02-25 16:00:00+00:00,1172.3784680168128,1167.8593670326482,2
2024-02-25 20:00:00+00:00,1172.9803698243827,1167.8593670326482,2
2024-02-26 00:00:00+00:00,1173.9156665911262,1167.8593670326482,2
2024-02-26 04:00:00+00:00,1173.2615874037363,1167.8593670326482,2
2024-02-26 08:00:00+00:00,1171.9890211539757,1167.8593670326482,2
2024-02-26 12:00:00+00:00,1173.5823750411193,1162.0209933962406,1
2024-02-26 16:00:00+00:00,1175.322139363378,1162.0209933962406,1
2024-02-26 20:00:00+00:00,1175.1812238731015,1162.0209933962406,1
2024-02-27 00:00:00+00:00,1177.5404743699214,1162.0209933962406,1
2024-02-27 04:00:00+00:00,1177.4017268102646,1162.0209933962406,1
2024-02-27 08:00:00+00:00,1179.5322606267127,1162.0209933962406,1
2024-02-27 12:00:00+00:00,1178.061319701289,1162.0209933962406,1
2024-02-27 16:00:00+00:00,1179.2482617155401,1162.0209933962406,1
2024-02-27 20:00:00+00:00,1178.778904736389,1162.0209933962406,1
2024-02-28 00:00:00+00:00,1179.1431170804879,1162.0209933962406,1
2024-02-28 04:00:00+00:00,1182.109388150806,1162.0209933962406,1
2024-02-28 08:00:00+00:00,1181.7348781362637,1162.0209933962406,1
2024-02-28 12:00:00+00:00,1184.4870660578927,1162.0209933962406,1
2024-02-28 16:00:00+00:00,1178.047731288828,1178.047731288828,0
2024-02-28 20:00:00+00:00,1178.047731288828,1178.047731288828,0
2024-02-29 00:00:00+00:00,1178.047731288828,1178.047731288828,0
2024-02-29 04:00:00+00:00,1178.047731288828,1178.047731288828,0
2024-02-29 08:00:00+00:00,1178.047731288828,1178.047731288828,0
2024-02-29 12:00:00+00:00,1178.047731288828,1178.047731288828,0
2024-02-29 16:00:00+00:00,1178.047731288828,1178.047731288828,0
2024-02-29 20:00:00+00:00,1178.047731288828,1178.047731288828,0
2024-03-01 00:00:00+00:00,1178.047731288828,1178.047731288828,0
2024-03-01 04:00:00+00:00,1178.047731288828,1178.047731288828,0
2024-03-01 08:00:00+00:00,1178.047731288828,1178.047731288828,0
2024-03-01 12:00:00+00:00,1178.047731288828,1178.047731288828,0
2024-03-01 16:00:00+00:00,1178.047731288828,1178.047731288828,0
2024-03-01 20:00:00+00:00,1178.047731288828,1178.047731288828,0
2024-03-02 00:00:00+00:00,1178.047731288828,1178.047731288828,0
2024-03-02 04:00:00+00:00,1176.875891953927,1177.9714822447315,1
2024-03-02 08:00:00+00:00,1177.4815793248117,1177.9714822447315,1
2024-03-02 12:00:00+00:00,1177.7113228103194,1177.9714822447315,1
2024-03-02 16:00:00+00:00,1178.7138398379905,1177.9714822447315,1
2024-03-02 20:00:00+00:00,1181.4394330069706,1177.9714822447315,1
2024-03-03 00:00:00+00:00,1179.7790141798907,1177.9714822447315,1
2024-03-03 04:00:00+00:00,1172.1435843492463,1172.1435843492463,0
2024-03-03 08:00:00+00:00,1172.1435843492463,1172.1435843492463,0
2024-03-03 12:00:00+00:00,1172.1435843492463,1172.1435843492463,0
2024-03-03 16:00:00+00:00,1172.1435843492463,1172.1435843492463,0
2024-03-03 20:00:00+00:00,1172.1435843492463,1172.1435843492463,0
2024-03-04 00:00:00+00:00,1172.1435843492463,1172.1435843492463,0
2024-03-04 04:00:00+00:00,1172.1435843492463,1172.1435843492463,0
2024-03-04 08:00:00+00:00,1172.1435843492463,1172.1435843492463,0
2024-03-04 12:00:00+00:00,1172.1435843492463,1172.1435843492463,0
2024-03-04 16:00:00+00:00,1172.1435843492463,1172.1435843492463,0
2024-03-04 20:00:00+00:00,1172.1435843492463,1172.1435843492463,0
2024-03-05 00:00:00+00:00,1172.1435843492463,1172.1435843492463,0
2024-03-05 04:00:00+00:00,1172.1435843492463,1172.1435843492463,0
2024-03-05 08:00:00+00:00,1172.1435843492463,1172.1435843492463,0
2024-03-05 12:00:00+00:00,1172.1435843492463,1172.1435843492463,0
2024-03-05 16:00:00+00:00,1172.1435843492463,1172.1435843492463,0
2024-03-05 20:00:00+00:00,1172.1435843492463,1172.1435843492463,0
2024-03-06 00:00:00+00:00,1172.1435843492463,1172.1435843492463,0
2024-03-06 04:00:00+00:00,1172.1435843492463,1172.1435843492463,0
2024-03-06 08:00:00+00:00,1172.1435843492463,1172.1435843492463,0
2024-03-06 12:00:00+00:00,1172.1435843492463,1172.1435843492463,0
2024-03-06 16:00:00+00:00,1172.1435843492463,1172.1435843492463,0
2024-03-06 20:00:00+00:00,1172.1435843492463,1172.1435843492463,0
2024-03-07 00:00:00+00:00,1172.1435843492463,1172.1435843492463,0
2024-03-07 04:00:00+00:00,1172.1435843492463,1172.1435843492463,0
2024-03-07 08:00:00+00:00,1172.1435843492463,1172.1435843492463,0
2024-03-07 12:00:00+00:00,1172.1435843492463,1172.1435843492463,0
2024-03-07 16:00:00+00:00,1172.1435843492463,1172.1435843492463,0
2024-03-07 20:00:00+00:00,1172.1435843492463,1172.1435843492463,0
2024-03-08 00:00:00+00:00,1172.1435843492463,1172.1435843492463,0
2024-03-08 04:00:00+00:00,1172.1435843492463,1172.1435843492463,0
2024-03-08 08:00:00+00:00,1172.1435843492463,1172.1435843492463,0
2024-03-08 12:00:00+00:00,1172.1435843492463,1172.1435843492463,0
2024-03-08 16:00:00+00:00,1172.1435843492463,1172.1435843492463,0
2024-03-08 20:00:00+00:00,1172.1435843492463,1172.1435843492463,0
2024-03-09 00:00:00+00:00,1172.1435843492463,1172.1435843492463,0
2024-03-09 04:00:00+00:00,1172.1435843492463,1172.1435843492463,0
2024-03-09 08:00:00+00:00,1172.1435843492463,1172.1435843492463,0
2024-03-09 12:00:00+00:00,1172.1435843492463,1172.1435843492463,0
2024-03-09 16:00:00+00:00,1172.1435843492463,1172.1435843492463,0
2024-03-09 20:00:00+00:00,1172.1435843492463,1172.1435843492463,0
2024-03-10 00:00:00+00:00,1172.1435843492463,1172.1435843492463,0
2024-03-10 04:00:00+00:00,1172.1435843492463,1172.1435843492463,0
2024-03-10 08:00:00+00:00,1172.1435843492463,1172.1435843492463,0
2024-03-10 12:00:00+00:00,1172.1435843492463,1172.1435843492463,0
2024-03-10 16:00:00+00:00,1172.1435843492463,1172.1435843492463,0
2024-03-10 20:00:00+00:00,1172.1435843492463,1172.1435843492463,0
2024-03-11 00:00:00+00:00,1172.1435843492463,1172.1435843492463,0
2024-03-11 04:00:00+00:00,1172.1435843492463,1172.1435843492463,0
2024-03-11 08:00:00+00:00,1172.1435843492463,1172.1435843492463,0
2024-03-11 12:00:00+00:00,1172.1435843492463,1172.1435843492463,0
2024-03-11 16:00:00+00:00,1172.1435843492463,1172.1435843492463,0
2024-03-11 20:00:00+00:00,1172.1435843492463,1172.1435843492463,0
2024-03-12 00:00:00+00:00,1172.1435843492463,1172.1435843492463,0
2024-03-12 04:00:00+00:00,1172.1435843492463,1172.1435843492463,0
2024-03-12 08:00:00+00:00,1172.1435843492463,1172.1435843492463,0
2024-03-12 12:00:00+00:00,1172.1435843492463,1172.1435843492463,0
2024-03-12 16:00:00+00:00,1177.4455296012181,1172.067717450583,1
2024-03-12 20:00:00+00:00,1175.1696797049283,1172.067717450583,1
2024-03-13 00:00:00+00:00,1171.3037317401227,1172.067717450583,1
2024-03-13 04:00:00+00:00,1172.3314780526998,1172.067717450583,1
2024-03-13 08:00:00+00:00,1172.296220889318,1172.067717450583,1
2024-03-13 12:00:00+00:00,1171.6968491118287,1172.067717450583,1
2024-03-13 16:00:00+00:00,1172.7528011551112,1172.067717450583,1
2024-03-13 20:00:00+00:00,1173.9339161283988,1172.067717450583,1
2024-03-14 00:00:00+00:00,1179.039153386072,1172.067717450583,1
2024-03-14 04:00:00+00:00,1175.8712972562244,1172.067717450583,1
2024-03-14 08:00:00+00:00,1175.2111568420394,1171.9915400167858,2
2024-03-14 12:00:00+00:00,1165.1534018470984,1166.1976820064433,1
2024-03-14 16:00:00+00:00,1160.3705423188442,1160.3705423188442,0
2024-03-14 20:00:00+00:00,1160.3705423188442,1160.3705423188442,0
2024-03-15 00:00:00+00:00,1160.3705423188442,1160.3705423188442,0
2024-03-15 04:00:00+00:00,1160.3705423188442,1160.3705423188442,0
2024-03-15 08:00:00+00:00,1160.3705423188442,1160.3705423188442,0
2024-03-15 12:00:00+00:00,1160.3705423188442,1160.3705423188442,0
2024-03-15 16:00:00+00:00,1160.3705423188442,1160.3705423188442,0
2024-03-15 20:00:00+00:00,1160.3705423188442,1160.3705423188442,0
2024-03-16 00:00:00+00:00,1160.3705423188442,1160.3705423188442,0
2024-03-16 04:00:00+00:00,1160.3705423188442,1160.3705423188442,0
2024-03-16 08:00:00+00:00,1160.3705423188442,1160.3705423188442,0
2024-03-16 12:00:00+00:00,1160.3705423188442,1160.3705423188442,0
2024-03-16 16:00:00+00:00,1160.3705423188442,1160.3705423188442,0
2024-03-16 20:00:00+00:00,1160.3705423188442,1160.3705423188442,0
2024-03-17 00:00:00+00:00,1160.3705423188442,1160.3705423188442,0
2024-03-17 04:00:00+00:00,1160.3705423188442,1160.3705423188442,0
2024-03-17 08:00:00+00:00,1160.3705423188442,1160.3705423188442,0
2024-03-17 12:00:00+00:00,1160.3705423188442,1160.3705423188442,0
2024-03-17 16:00:00+00:00,1160.3705423188442,1160.3705423188442,0
2024-03-17 20:00:00+00:00,1160.3705423188442,1160.3705423188442,0
2024-03-18 00:00:00+00:00,1160.3705423188442,1160.3705423188442,0
2024-03-18 04:00:00+00:00,1160.3705423188442,1160.3705423188442,0
2024-03-18 08:00:00+00:00,1160.3705423188442,1160.3705423188442,0
2024-03-18 12:00:00+00:00,1160.3705423188442,1160.3705423188442,0
2024-03-18 16:00:00+00:00,1160.3705423188442,1160.3705423188442,0
2024-03-18 20:00:00+00:00,1160.3705423188442,1160.3705423188442,0
2024-03-19 00:00:00+00:00,1160.3705423188442,1160.3705423188442,0
2024-03-19 04:00:00+00:00,1160.3705423188442,1160.3705423188442,0
2024-03-19 08:00:00+00:00,1160.3705423188442,1160.3705423188442,0
2024-03-19 12:00:00+00:00,1160.3705423188442,1160.3705423188442,0
2024-03-19 16:00:00+00:00,1160.3705423188442,1160.3705423188442,0
2024-03-19 20:00:00+00:00,1160.3705423188442,1160.3705423188442,0
2024-03-20 00:00:00+00:00,1160.3705423188442,1160.3705423188442,0
2024-03-20 04:00:00+00:00,1160.3705423188442,1160.3705423188442,0
2024-03-20 08:00:00+00:00,1160.3705423188442,1160.3705423188442,0
2024-03-20 12:00:00+00:00,1160.3705423188442,1160.3705423188442,0
2024-03-20 16:00:00+00:00,1160.3705423188442,1160.3705423188442,0
2024-03-20 20:00:00+00:00,1160.3705423188442,1160.3705423188442,0
2024-03-21 00:00:00+00:00,1160.3705423188442,1160.3705423188442,0
2024-03-21 04:00:00+00:00,1160.3705423188442,1160.3705423188442,0
2024-03-21 08:00:00+00:00,1160.3705423188442,1160.3705423188442,0
2024-03-21 12:00:00+00:00,1160.3705423188442,1160.3705423188442,0
2024-03-21 16:00:00+00:00,1160.3705423188442,1160.3705423188442,0
2024-03-21 20:00:00+00:00,1160.3705423188442,1160.3705423188442,0
2024-03-22 00:00:00+00:00,1160.3705423188442,1160.3705423188442,0
2024-03-22 04:00:00+00:00,1160.3705423188442,1160.3705423188442,0
2024-03-22 08:00:00+00:00,1160.3705423188442,1160.3705423188442,0
2024-03-22 12:00:00+00:00,1160.3705423188442,1160.3705423188442,0
2024-03-22 16:00:00+00:00,1160.3705423188442,1160.3705423188442,0
2024-03-22 20:00:00+00:00,1160.3705423188442,1160.3705423188442,0
2024-03-23 00:00:00+00:00,1160.3705423188442,1160.3705423188442,0
2024-03-23 04:00:00+00:00,1160.3705423188442,1160.3705423188442,0
2024-03-23 08:00:00+00:00,1160.3705423188442,1160.3705423188442,0
2024-03-23 12:00:00+00:00,1160.3705423188442,1160.3705423188442,0
2024-03-23 16:00:00+00:00,1160.3705423188442,1160.3705423188442,0
2024-03-23 20:00:00+00:00,1160.3705423188442,1160.3705423188442,0
2024-03-24 00:00:00+00:00,1160.3705423188442,1160.3705423188442,0
2024-03-24 04:00:00+00:00,1160.3705423188442,1160.3705423188442,0
2024-03-24 08:00:00+00:00,1160.3705423188442,1160.3705423188442,0
2024-03-24 12:00:00+00:00,1160.3705423188442,1160.3705423188442,0
2024-03-24 16:00:00+00:00,1160.3705423188442,1160.3705423188442,0
2024-03-24 20:00:00+00:00,1160.3705423188442,1160.3705423188442,0
2024-03-25 00:00:00+00:00,1160.3705423188442,1160.3705423188442,0
2024-03-25 04:00:00+00:00,1160.3705423188442,1160.3705423188442,0
2024-03-25 08:00:00+00:00,1160.3705423188442,1160.3705423188442,0
2024-03-25 12:00:00+00:00,1160.3705423188442,1160.3705423188442,0
2024-03-25 16:00:00+00:00,1160.3705423188442,1160.3705423188442,0
2024-03-25 20:00:00+00:00,1160.3705423188442,1160.3705423188442,0
2024-03-26 00:00:00+00:00,1160.3705423188442,1160.3705423188442,0
2024-03-26 04:00:00+00:00,1160.3705423188442,1160.3705423188442,0
2024-03-26 08:00:00+00:00,1160.3705423188442,1160.3705423188442,0
2024-03-26 12:00:00+00:00,1160.3705423188442,1160.3705423188442,0
2024-03-26 16:00:00+00:00,1160.3705423188442,1160.3705423188442,0
2024-03-26 20:00:00+00:00,1160.8970788059119,1160.2954374293738,1
2024-03-27 00:00:00+00:00,1161.8924640228388,1160.2954374293738,1
2024-03-27 04:00:00+00:00,1160.7492493182494,1160.2954374293738,1
2024-03-27 08:00:00+00:00,1162.799151547168,1160.2954374293738,1
2024-03-27 12:00:00+00:00,1158.7880447819282,1160.2954374293738,1
2024-03-27 16:00:00+00:00,1158.9950060646556,1160.2954374293738,1
2024-03-27 20:00:00+00:00,1158.7092023885082,1160.2954374293738,1
2024-03-28 00:00:00+00:00,1160.3156161544398,1160.2954374293738,1
2024-03-28 04:00:00+00:00,1161.498252055739,1160.2954374293738,1
2024-03-28 08:00:00+00:00,1160.2170631626648,1160.2954374293738,1
2024-03-28 12:00:00+00:00,1159.9706806832276,1160.2954374293738,1
2024-03-28 16:00:00+00:00,1158.6796364909758,1160.2954374293738,1
2024-03-28 20:00:00+00:00,1159.2512438432705,1160.2954374293738,1
2024-03-29 00:00:00+00:00,1159.6553111095477,1160.2954374293738,1
2024-03-29 04:00:00+00:00,1158.285424523876,1160.2954374293738,1
2024-03-29 08:00:00+00:00,1167.3720103655253,1160.2954374293738,1
2024-03-29 12:00:00+00:00,1169.283938405959,1160.2954374293738,1
2024-03-29 16:00:00+00:00,1170.5158508031457,1160.2954374293738,1
2024-03-29 20:00:00+00:00,1173.9750608144461,1160.2954374293738,1
2024-03-30 00:00:00+00:00,1170.2891789220635,1160.2954374293738,1
2024-03-30 04:00:00+00:00,1169.7274268689462,1160.2954374293738,1
2024-03-30 08:00:00+00:00,1168.4166720783396,1160.2954374293738,1
2024-03-30 12:00:00+00:00,1167.6052011789152,1167.6052011789152,0
2024-03-30 16:00:00+00:00,1167.6052011789152,1167.6052011789152,0
2024-03-30 20:00:00+00:00,1167.6052011789152,1167.6052011789152,0
2024-03-31 00:00:00+00:00,1167.6052011789152,1167.6052011789152,0
2024-03-31 04:00:00+00:00,1167.6052011789152,1167.6052011789152,0
2024-03-31 08:00:00+00:00,1167.6052011789152,1167.6052011789152,0
2024-03-31 12:00:00+00:00,1167.6052011789152,1167.6052011789152,0
2024-03-31 16:00:00+00:00,1167.6052011789152,1167.6052011789152,0
2024-03-31 20:00:00+00:00,1167.6052011789152,1167.6052011789152,0
2024-04-01 00:00:00+00:00,1167.6052011789152,1167.6052011789152,0
2024-04-01 04:00:00+00:00,1167.6052011789152,1167.6052011789152,0
2024-04-01 08:00:00+00:00,1167.6052011789152,1167.6052011789152,0
2024-04-01 12:00:00+00:00,1167.6052011789152,1167.6052011789152,0
2024-04-01 16:00:00+00:00,1167.6052011789152,1167.6052011789152,0
2024-04-01 20:00:00+00:00,1167.6052011789152,1167.6052011789152,0
2024-04-02 00:00:00+00:00,1167.6052011789152,1167.6052011789152,0
2024-04-02 04:00:00+00:00,1167.6052011789152,1167.6052011789152,0
2024-04-02 08:00:00+00:00,1167.6052011789152,1167.6052011789152,0
2024-04-02 12:00:00+00:00,1167.6052011789152,1167.6052011789152,0
2024-04-02 16:00:00+00:00,1167.6052011789152,1167.6052011789152,0
2024-04-02 20:00:00+00:00,1167.6052011789152,1167.6052011789152,0
2024-04-03 00:00:00+00:00,1167.6052011789152,1167.6052011789152,0
2024-04-03 04:00:00+00:00,1167.6052011789152,1167.6052011789152,0
2024-04-03 08:00:00+00:00,1167.6052011789152,1167.6052011789152,0
2024-04-03 12:00:00+00:00,1167.6052011789152,1167.6052011789152,0
2024-04-03 16:00:00+00:00,1167.6052011789152,1167.6052011789152,0
2024-04-03 20:00:00+00:00,1167.6052011789152,1167.6052011789152,0
2024-04-04 00:00:00+00:00,1167.6052011789152,1167.6052011789152,0
2024-04-04 04:00:00+00:00,1167.6052011789152,1167.6052011789152,0
2024-04-04 08:00:00+00:00,1167.6052011789152,1167.6052011789152,0
2024-04-04 12:00:00+00:00,1167.6052011789152,1167.6052011789152,0
2024-04-04 16:00:00+00:00,1167.6052011789152,1167.6052011789152,0
2024-04-04 20:00:00+00:00,1167.6052011789152,1167.6052011789152,0
2024-04-05 00:00:00+00:00,1167.6052011789152,1167.6052011789152,0
2024-04-05 04:00:00+00:00,1167.6052011789152,1167.6052011789152,0
2024-04-05 08:00:00+00:00,1167.6052011789152,1167.6052011789152,0
2024-04-05 12:00:00+00:00,1167.6052011789152,1167.6052011789152,0
2024-04-05 16:00:00+00:00,1167.6052011789152,1167.6052011789152,0
2024-04-05 20:00:00+00:00,1167.6052011789152,1167.6052011789152,0
2024-04-06 00:00:00+00:00,1167.6052011789152,1167.6052011789152,0
2024-04-06 04:00:00+00:00,1167.6052011789152,1167.6052011789152,0
2024-04-06 08:00:00+00:00,1167.6052011789152,1167.6052011789152,0
2024-04-06 12:00:00+00:00,1167.6052011789152,1167.6052011789152,0
2024-04-06 16:00:00+00:00,1167.6052011789152,1167.6052011789152,0
2024-04-06 20:00:00+00:00,1167.6052011789152,1167.6052011789152,0
2024-04-07 00:00:00+00:00,1167.6052011789152,1167.6052011789152,0
2024-04-07 04:00:00+00:00,1167.6052011789152,1167.6052011789152,0
2024-04-07 08:00:00+00:00,1167.6052011789152,1167.6052011789152,0
2024-04-07 12:00:00+00:00,1167.6052011789152,1167.6052011789152,0
2024-04-07 16:00:00+00:00,1167.6052011789152,1167.6052011789152,0
2024-04-07 20:00:00+00:00,1167.6052011789152,1167.6052011789152,0
2024-04-08 00:00:00+00:00,1167.6052011789152,1167.6052011789152,0
2024-04-08 04:00:00+00:00,1167.6052011789152,1167.6052011789152,0
2024-04-08 08:00:00+00:00,1167.6052011789152,1167.6052011789152,0
2024-04-08 12:00:00+00:00,1167.6052011789152,1167.6052011789152,0
2024-04-08 16:00:00+00:00,1167.6052011789152,1167.6052011789152,0
2024-04-08 20:00:00+00:00,1167.6052011789152,1167.6052011789152,0
2024-04-09 00:00:00+00:00,1167.6052011789152,1167.6052011789152,0
2024-04-09 04:00:00+00:00,1167.6052011789152,1167.6052011789152,0
2024-04-09 08:00:00+00:00,1167.6052011789152,1167.6052011789152,0
2024-04-09 12:00:00+00:00,1167.6052011789152,1167.6052011789152,0
2024-04-09 16:00:00+00:00,1167.6052011789152,1167.6052011789152,0
2024-04-09 20:00:00+00:00,1167.6052011789152,1167.6052011789152,0
2024-04-10 00:00:00+00:00,1167.6052011789152,1167.6052011789152,0
2024-04-10 04:00:00+00:00,1167.6052011789152,1167.6052011789152,0
2024-04-10 08:00:00+00:00,1167.6052011789152,1167.6052011789152,0
2024-04-10 12:00:00+00:00,1167.6052011789152,1167.6052011789152,0
2024-04-10 16:00:00+00:00,1167.6052011789152,1167.6052011789152,0
2024-04-10 20:00:00+00:00,1167.6052011789152,1167.6052011789152,0
2024-04-11 00:00:00+00:00,1167.6052011789152,1167.6052011789152,0
2024-04-11 04:00:00+00:00,1167.6052011789152,1167.6052011789152,0
2024-04-11 08:00:00+00:00,1167.6052011789152,1167.6052011789152,0
2024-04-11 12:00:00+00:00,1167.6052011789152,1167.6052011789152,0
2024-04-11 16:00:00+00:00,1167.6052011789152,1167.6052011789152,0
2024-04-11 20:00:00+00:00,1167.6052011789152,1167.6052011789152,0
2024-04-12 00:00:00+00:00,1167.6052011789152,1167.6052011789152,0
2024-04-12 04:00:00+00:00,1167.6052011789152,1167.6052011789152,0
2024-04-12 08:00:00+00:00,1167.5647173264479,1167.4988246187006,1
2024-04-12 12:00:00+00:00,1165.4608728783242,1167.4988246187006,1
2024-04-12 16:00:00+00:00,1174.8427814700508,1161.690905419845,1
2024-04-12 20:00:00+00:00,1172.8997476799022,1161.690905419845,1
2024-04-13 00:00:00+00:00,1175.518819262126,1161.690905419845,1
2024-04-13 04:00:00+00:00,1175.7096734687325,1161.690905419845,1
2024-04-13 08:00:00+00:00,1174.8979682285876,1161.690905419845,1
2024-04-13 12:00:00+00:00,1175.4889264345854,1161.690905419845,1
2024-04-13 16:00:00+00:00,1190.8021508545712,1190.8021508545712,0
2024-04-13 20:00:00+00:00,1190.8021508545712,1190.8021508545712,0
2024-04-14 00:00:00+00:00,1190.8021508545712,1190.8021508545712,0
2024-04-14 04:00:00+00:00,1190.8021508545712,1190.8021508545712,0
2024-04-14 08:00:00+00:00,1190.8021508545712,1190.8021508545712,0
2024-04-14 12:00:00+00:00,1190.8021508545712,1190.8021508545712,0
2024-04-14 16:00:00+00:00,1190.8021508545712,1190.8021508545712,0
2024-04-14 20:00:00+00:00,1190.8021508545712,1190.8021508545712,0
2024-04-15 00:00:00+00:00,1190.8021508545712,1190.8021508545712,0
2024-04-15 04:00:00+00:00,1190.8021508545712,1190.8021508545712,0
2024-04-15 08:00:00+00:00,1190.8021508545712,1190.8021508545712,0
2024-04-15 12:00:00+00:00,1190.8021508545712,1190.8021508545712,0
2024-04-15 16:00:00+00:00,1190.8021508545712,1190.8021508545712,0
2024-04-15 20:00:00+00:00,1190.8021508545712,1190.8021508545712,0
2024-04-16 00:00:00+00:00,1190.8021508545712,1190.8021508545712,0
2024-04-16 04:00:00+00:00,1190.8021508545712,1190.8021508545712,0
2024-04-16 08:00:00+00:00,1190.8021508545712,1190.8021508545712,0
2024-04-16 12:00:00+00:00,1190.8021508545712,1190.8021508545712,0
2024-04-16 16:00:00+00:00,1190.8021508545712,1190.8021508545712,0
2024-04-16 20:00:00+00:00,1190.8021508545712,1190.8021508545712,0
2024-04-17 00:00:00+00:00,1190.8021508545712,1190.8021508545712,0
2024-04-17 04:00:00+00:00,1190.8021508545712,1190.8021508545712,0
2024-04-17 08:00:00+00:00,1190.8021508545712,1190.8021508545712,0
2024-04-17 12:00:00+00:00,1190.8021508545712,1190.8021508545712,0
2024-04-17 16:00:00+00:00,1190.8021508545712,1190.8021508545712,0
2024-04-17 20:00:00+00:00,1190.8021508545712,1190.8021508545712,0
2024-04-18 00:00:00+00:00,1190.8021508545712,1190.8021508545712,0
2024-04-18 04:00:00+00:00,1190.8021508545712,1190.8021508545712,0
2024-04-18 08:00:00+00:00,1190.8021508545712,1190.8021508545712,0
2024-04-18 12:00:00+00:00,1190.8021508545712,1190.8021508545712,0
2024-04-18 16:00:00+00:00,1190.8021508545712,1190.8021508545712,0
2024-04-18 20:00:00+00:00,1190.8021508545712,1190.8021508545712,0
2024-04-19 00:00:00+00:00,1190.8021508545712,1190.8021508545712,0
2024-04-19 04:00:00+00:00,1190.8021508545712,1190.8021508545712,0
2024-04-19 08:00:00+00:00,1190.8021508545712,1190.8021508545712,0
2024-04-19 12:00:00+00:00,1190.8021508545712,1190.8021508545712,0
2024-04-19 16:00:00+00:00,1190.8021508545712,1190.8021508545712,0
2024-04-19 20:00:00+00:00,1190.8021508545712,1190.8021508545712,0
2024-04-20 00:00:00+00:00,1190.8021508545712,1190.8021508545712,0
2024-04-20 04:00:00+00:00,1190.8021508545712,1190.8021508545712,0
2024-04-20 08:00:00+00:00,1190.8021508545712,1190.8021508545712,0
2024-04-20 12:00:00+00:00,1190.8021508545712,1190.8021508545712,0
2024-04-20 16:00:00+00:00,1190.8021508545712,1190.8021508545712,0
2024-04-20 20:00:00+00:00,1190.8021508545712,1190.8021508545712,0
2024-04-21 00:00:00+00:00,1190.8021508545712,1190.8021508545712,0
2024-04-21 04:00:00+00:00,1190.8021508545712,1190.8021508545712,0
2024-04-21 08:00:00+00:00,1190.8021508545712,1190.8021508545712,0
2024-04-21 12:00:00+00:00,1190.8021508545712,1190.8021508545712,0
2024-04-21 16:00:00+00:00,1190.8021508545712,1190.8021508545712,0
2024-04-21 20:00:00+00:00,1190.8021508545712,1190.8021508545712,0
2024-04-22 00:00:00+00:00,1190.8021508545712,1190.8021508545712,0
2024-04-22 04:00:00+00:00,1190.8021508545712,1190.8021508545712,0
2024-04-22 08:00:00+00:00,1190.8021508545712,1190.8021508545712,0
2024-04-22 12:00:00+00:00,1190.8021508545712,1190.8021508545712,0
2024-04-22 16:00:00+00:00,1190.8021508545712,1190.8021508545712,0
2024-04-22 20:00:00+00:00,1190.8021508545712,1190.8021508545712,0
2024-04-23 00:00:00+00:00,1190.8021508545712,1190.8021508545712,0
2024-04-23 04:00:00+00:00,1190.8021508545712,1190.8021508545712,0
2024-04-23 08:00:00+00:00,1190.8021508545712,1190.8021508545712,0
2024-04-23 12:00:00+00:00,1190.8021508545712,1190.8021508545712,0
2024-04-23 16:00:00+00:00,1190.8021508545712,1190.8021508545712,0
2024-04-23 20:00:00+00:00,1190.8021508545712,1190.8021508545712,0
2024-04-24 00:00:00+00:00,1190.8021508545712,1190.8021508545712,0
2024-04-24 04:00:00+00:00,1190.8021508545712,1190.8021508545712,0
2024-04-24 08:00:00+00:00,1190.8021508545712,1190.8021508545712,0
2024-04-24 12:00:00+00:00,1190.8021508545712,1190.8021508545712,0
2024-04-24 16:00:00+00:00,1190.8021508545712,1190.8021508545712,0
2024-04-24 20:00:00+00:00,1190.8021508545712,1190.8021508545712,0
2024-04-25 00:00:00+00:00,1190.8021508545712,1190.8021508545712,0
2024-04-25 04:00:00+00:00,1190.8021508545712,1190.8021508545712,0
2024-04-25 08:00:00+00:00,1190.8021508545712,1190.8021508545712,0
2024-04-25 12:00:00+00:00,1190.8021508545712,1190.8021508545712,0
2024-04-25 16:00:00+00:00,1190.8021508545712,1190.8021508545712,0
2024-04-25 20:00:00+00:00,1190.8021508545712,1190.8021508545712,0
2024-04-26 00:00:00+00:00,1190.8021508545712,1190.8021508545712,0
2024-04-26 04:00:00+00:00,1190.8021508545712,1190.8021508545712,0
2024-04-26 08:00:00+00:00,1190.8021508545712,1190.8021508545712,0
2024-04-26 12:00:00+00:00,1190.8021508545712,1190.8021508545712,0
2024-04-26 16:00:00+00:00,1190.8021508545712,1190.8021508545712,0
2024-04-26 20:00:00+00:00,1190.8021508545712,1190.8021508545712,0
2024-04-27 00:00:00+00:00,1190.8021508545712,1190.8021508545712,0
2024-04-27 04:00:00+00:00,1190.8021508545712,1190.8021508545712,0
2024-04-27 08:00:00+00:00,1190.8021508545712,1190.8021508545712,0
2024-04-27 12:00:00+00:00,1190.8021508545712,1190.8021508545712,0
2024-04-27 16:00:00+00:00,1190.8021508545712,1190.8021508545712,0
2024-04-27 20:00:00+00:00,1190.8021508545712,1190.8021508545712,0
2024-04-28 00:00:00+00:00,1190.8021508545712,1190.8021508545712,0
2024-04-28 04:00:00+00:00,1190.8021508545712,1190.8021508545712,0
2024-04-28 08:00:00+00:00,1190.8021508545712,1190.8021508545712,0
2024-04-28 12:00:00+00:00,1190.8021508545712,1190.8021508545712,0
2024-04-28 16:00:00+00:00,1190.8021508545712,1190.8021508545712,0
2024-04-28 20:00:00+00:00,1190.8021508545712,1190.8021508545712,0
2024-04-29 00:00:00+00:00,1190.8021508545712,1190.8021508545712,0
2024-04-29 04:00:00+00:00,1190.8021508545712,1190.8021508545712,0
2024-04-29 08:00:00+00:00,1190.8021508545712,1190.8021508545712,0
2024-04-29 12:00:00+00:00,1190.8021508545712,1190.8021508545712,0
2024-04-29 16:00:00+00:00,1190.8021508545712,1190.8021508545712,0
2024-04-29 20:00:00+00:00,1190.8021508545712,1190.8021508545712,0
2024-04-30 00:00:00+00:00,1190.8021508545712,1190.8021508545712,0
2024-04-30 04:00:00+00:00,1190.8021508545712,1190.8021508545712,0
2024-04-30 08:00:00+00:00,1190.8021508545712,1190.8021508545712,0
2024-04-30 12:00:00+00:00,1190.8021508545712,1190.8021508545712,0
2024-04-30 16:00:00+00:00,1190.8021508545712,1190.8021508545712,0
2024-04-30 20:00:00+00:00,1190.8021508545712,1190.8021508545712,0
2024-05-01 00:00:00+00:00,1190.8021508545712,1190.8021508545712,0
2024-05-01 04:00:00+00:00,1190.8021508545712,1190.8021508545712,0
2024-05-01 08:00:00+00:00,1190.8021508545712,1190.8021508545712,0
2024-05-01 12:00:00+00:00,1190.8021508545712,1190.8021508545712,0
2024-05-01 16:00:00+00:00,1190.8021508545712,1190.8021508545712,0
2024-05-01 20:00:00+00:00,1190.8021508545712,1190.8021508545712,0
2024-05-02 00:00:00+00:00,1190.8021508545712,1190.8021508545712,0
2024-05-02 04:00:00+00:00,1190.8021508545712,1190.8021508545712,0
2024-05-02 08:00:00+00:00,1190.8021508545712,1190.8021508545712,0
2024-05-02 12:00:00+00:00,1190.8021508545712,1190.8021508545712,0
2024-05-02 16:00:00+00:00,1190.8021508545712,1190.8021508545712,0
2024-05-02 20:00:00+00:00,1190.8021508545712,1190.8021508545712,0
2024-05-03 00:00:00+00:00,1190.8021508545712,1190.8021508545712,0
2024-05-03 04:00:00+00:00,1190.8021508545712,1190.8021508545712,0
2024-05-03 08:00:00+00:00,1190.8021508545712,1190.8021508545712,0
2024-05-03 12:00:00+00:00,1190.8021508545712,1190.8021508545712,0
2024-05-03 16:00:00+00:00,1190.8021508545712,1190.8021508545712,0
2024-05-03 20:00:00+00:00,1190.8021508545712,1190.8021508545712,0
2024-05-04 00:00:00+00:00,1190.8021508545712,1190.8021508545712,0
2024-05-04 04:00:00+00:00,1190.8021508545712,1190.8021508545712,0
2024-05-04 08:00:00+00:00,1190.8021508545712,1190.8021508545712,0
2024-05-04 12:00:00+00:00,1190.8021508545712,1190.8021508545712,0
2024-05-04 16:00:00+00:00,1190.8021508545712,1190.8021508545712,0
2024-05-04 20:00:00+00:00,1190.8021508545712,1190.8021508545712,0
2024-05-05 00:00:00+00:00,1190.8021508545712,1190.8021508545712,0
2024-05-05 04:00:00+00:00,1190.8021508545712,1190.8021508545712,0
2024-05-05 08:00:00+00:00,1190.8021508545712,1190.8021508545712,0
2024-05-05 12:00:00+00:00,1190.8021508545712,1190.8021508545712,0
2024-05-05 16:00:00+00:00,1190.8021508545712,1190.8021508545712,0
2024-05-05 20:00:00+00:00,1190.8021508545712,1190.8021508545712,0
2024-05-06 00:00:00+00:00,1190.8021508545712,1190.8021508545712,0
2024-05-06 04:00:00+00:00,1190.8021508545712,1190.8021508545712,0
2024-05-06 08:00:00+00:00,1190.8021508545712,1190.8021508545712,0
2024-05-06 12:00:00+00:00,1188.357360473823,1190.6285311448462,2
2024-05-06 16:00:00+00:00,1186.5159625762865,1190.6285311448462,2
2024-05-06 20:00:00+00:00,1185.7954952540179,1190.6285311448462,2
2024-05-07 00:00:00+00:00,1184.639832795705,1184.7640621396624,1
2024-05-07 04:00:00+00:00,1185.5697712785106,1184.7640621396624,1
2024-05-07 08:00:00+00:00,1185.4516263270707,1184.7640621396624,1
2024-05-07 12:00:00+00:00,1185.2378057094343,1184.7640621396624,1
2024-05-07 16:00:00+00:00,1182.7255946561183,1184.7640621396624,1
2024-05-07 20:00:00+00:00,1180.4525727682942,1184.7640621396624,1
2024-05-08 00:00:00+00:00,1181.5100788060288,1184.7640621396624,1
2024-05-08 04:00:00+00:00,1178.8598745544566,1178.8598745544566,0
2024-05-08 08:00:00+00:00,1178.8598745544566,1178.8598745544566,0
2024-05-08 12:00:00+00:00,1178.8598745544566,1178.8598745544566,0
2024-05-08 16:00:00+00:00,1178.8598745544566,1178.8598745544566,0
2024-05-08 20:00:00+00:00,1178.8598745544566,1178.8598745544566,0
2024-05-09 00:00:00+00:00,1178.8598745544566,1178.8598745544566,0
2024-05-09 04:00:00+00:00,1178.8598745544566,1178.8598745544566,0
2024-05-09 08:00:00+00:00,1178.8598745544566,1178.8598745544566,0
2024-05-09 12:00:00+00:00,1178.8598745544566,1178.8598745544566,0
2024-05-09 16:00:00+00:00,1178.8598745544566,1178.8598745544566,0
2024-05-09 20:00:00+00:00,1178.8598745544566,1178.8598745544566,0
2024-05-10 00:00:00+00:00,1178.8598745544566,1178.8598745544566,0
2024-05-10 04:00:00+00:00,1178.8598745544566,1178.8598745544566,0
2024-05-10 08:00:00+00:00,1178.8598745544566,1178.8598745544566,0
2024-05-10 12:00:00+00:00,1178.8598745544566,1178.8598745544566,0
2024-05-10 16:00:00+00:00,1178.8598745544566,1178.8598745544566,0
2024-05-10 20:00:00+00:00,1178.8598745544566,1178.8598745544566,0
2024-05-11 00:00:00+00:00,1178.8598745544566,1178.8598745544566,0
2024-05-11 04:00:00+00:00,1178.8598745544566,1178.8598745544566,0
2024-05-11 08:00:00+00:00,1178.8598745544566,1178.8598745544566,0
2024-05-11 12:00:00+00:00,1178.8598745544566,1178.8598745544566,0
2024-05-11 16:00:00+00:00,1178.8598745544566,1178.8598745544566,0
2024-05-11 20:00:00+00:00,1178.8598745544566,1178.8598745544566,0
2024-05-12 00:00:00+00:00,1178.8598745544566,1178.8598745544566,0
2024-05-12 04:00:00+00:00,1178.8598745544566,1178.8598745544566,0
2024-05-12 08:00:00+00:00,1178.8598745544566,1178.8598745544566,0
2024-05-12 12:00:00+00:00,1178.8598745544566,1178.8598745544566,0
2024-05-12 16:00:00+00:00,1178.8598745544566,1178.8598745544566,0
2024-05-12 20:00:00+00:00,1178.8598745544566,1178.8598745544566,0
2024-05-13 00:00:00+00:00,1178.8598745544566,1178.8598745544566,0
2024-05-13 04:00:00+00:00,1170.5944131569702,1178.6882821497463,2
2024-05-13 08:00:00+00:00,1169.0692616073982,1172.8802592804554,1
2024-05-13 12:00:00+00:00,1169.4747499983139,1172.8802592804554,1
2024-05-13 16:00:00+00:00,1171.0302873600167,1172.8802592804554,1
2024-05-13 20:00:00+00:00,1172.379584936685,1172.8802592804554,1
2024-05-14 00:00:00+00:00,1173.351358839052,1172.8802592804554,1
2024-05-14 04:00:00+00:00,1171.6664846630053,1172.8802592804554,1
2024-05-14 08:00:00+00:00,1171.4392713405093,1172.8802592804554,1
2024-05-14 12:00:00+00:00,1173.6449883635082,1172.8802592804554,1
2024-05-14 16:00:00+00:00,1174.249725360305,1172.8802592804554,1
2024-05-14 20:00:00+00:00,1175.4242434581301,1172.8802592804554,1
2024-05-15 00:00:00+00:00,1172.903923373214,1172.8802592804554,1
2024-05-15 04:00:00+00:00,1171.6315287672367,1172.8802592804554,1
2024-05-15 08:00:00+00:00,1171.372855138549,1172.8802592804554,1
2024-05-15 12:00:00+00:00,1167.003409806999,1167.003409806999,0
2024-05-15 16:00:00+00:00,1167.003409806999,1167.003409806999,0
2024-05-15 20:00:00+00:00,1167.003409806999,1167.003409806999,0
2024-05-16 00:00:00+00:00,1167.003409806999,1167.003409806999,0
2024-05-16 04:00:00+00:00,1167.003409806999,1167.003409806999,0
2024-05-16 08:00:00+00:00,1167.003409806999,1167.003409806999,0
2024-05-16 12:00:00+00:00,1167.003409806999,1167.003409806999,0
2024-05-16 16:00:00+00:00,1167.003409806999,1167.003409806999,0
2024-05-16 20:00:00+00:00,1167.003409806999,1167.003409806999,0
2024-05-17 00:00:00+00:00,1167.003409806999,1167.003409806999,0
2024-05-17 04:00:00+00:00,1169.2322185489663,1166.927875605717,1
2024-05-17 08:00:00+00:00,1170.472169340849,1166.927875605717,1
2024-05-17 12:00:00+00:00,1167.9329399679984,1166.927875605717,1
2024-05-17 16:00:00+00:00,1168.5143523010343,1166.927875605717,1
2024-05-17 20:00:00+00:00,1168.7516634573756,1166.927875605717,1
2024-05-18 00:00:00+00:00,1168.377898386138,1166.927875605717,1
2024-05-18 04:00:00+00:00,1169.060167960619,1166.927875605717,1
2024-05-18 08:00:00+00:00,1168.5262178588514,1166.927875605717,1
2024-05-18 12:00:00+00:00,1170.0984042696116,1166.927875605717,1
2024-05-18 16:00:00+00:00,1169.0542351817105,1166.927875605717,1
2024-05-18 20:00:00+00:00,1169.3330757904114,1166.927875605717,1
2024-05-19 00:00:00+00:00,1170.1280681641542,1166.927875605717,1
2024-05-19 04:00:00+00:00,1171.3502206193114,1166.927875605717,1
2024-05-19 08:00:00+00:00,1171.2078339255067,1166.927875605717,1
2024-05-19 12:00:00+00:00,1173.1241215129617,1166.927875605717,1
2024-05-19 16:00:00+00:00,1171.5044728709331,1166.927875605717,1
2024-05-19 20:00:00+00:00,1170.7035477182817,1166.927875605717,1
2024-05-20 00:00:00+00:00,1172.8927431355291,1166.927875605717,1
2024-05-20 04:00:00+00:00,1171.4926073131162,1166.927875605717,1
2024-05-20 08:00:00+00:00,1171.3292516536678,1166.846324887086,2
2024-05-20 12:00:00+00:00,1170.7466154884862,1166.846324887086,2
2024-05-20 16:00:00+00:00,1178.9778859965666,1166.846324887086,2
2024-05-20 20:00:00+00:00,1179.836728535919,1166.846324887086,2
2024-05-21 00:00:00+00:00,1176.5552013398578,1166.846324887086,2
2024-05-21 04:00:00+00:00,1174.9410931816535,1166.846324887086,2
2024-05-21 08:00:00+00:00,1174.2970891625316,1166.846324887086,2
2024-05-21 12:00:00+00:00,1170.3500283025253,1166.846324887086,2
2024-05-21 16:00:00+00:00,1169.8601312788396,1166.846324887086,2
2024-05-21 20:00:00+00:00,1171.9065898666684,1166.846324887086,2
2024-05-22 00:00:00+00:00,1172.6694175365922,1166.846324887086,2
2024-05-22 04:00:00+00:00,1172.6679703274112,1166.846324887086,2
2024-05-22 08:00:00+00:00,1170.8552575010376,1166.846324887086,2
2024-05-22 12:00:00+00:00,1172.6403656523312,1166.846324887086,2
2024-05-22 16:00:00+00:00,1168.3589106269021,1168.1296497865387,1
2024-05-22 20:00:00+00:00,1167.6038868826924,1168.1296497865387,1
2024-05-23 00:00:00+00:00,1168.6550769969751,1168.1296497865387,1
2024-05-23 04:00:00+00:00,1167.8674004808233,1168.1296497865387,1
2024-05-23 08:00:00+00:00,1166.823657489966,1168.1296497865387,1
2024-05-23 12:00:00+00:00,1165.1234219263745,1168.1296497865387,1
2024-05-23 16:00:00+00:00,1164.1421202011613,1168.1296497865387,1
2024-05-23 20:00:00+00:00,1162.2666922670342,1162.2666922670342,0
2024-05-24 00:00:00+00:00,1162.2666922670342,1162.2666922670342,0
2024-05-24 04:00:00+00:00,1162.2666922670342,1162.2666922670342,0
2024-05-24 08:00:00+00:00,1162.2666922670342,1162.2666922670342,0
2024-05-24 12:00:00+00:00,1162.2666922670342,1162.2666922670342,0
2024-05-24 16:00:00+00:00,1162.2666922670342,1162.2666922670342,0
2024-05-24 20:00:00+00:00,1162.2666922670342,1162.2666922670342,0
2024-05-25 00:00:00+00:00,1162.2666922670342,1162.2666922670342,0
2024-05-25 04:00:00+00:00,1162.2666922670342,1162.2666922670342,0
2024-05-25 08:00:00+00:00,1162.2666922670342,1162.2666922670342,0
2024-05-25 12:00:00+00:00,1162.2666922670342,1162.2666922670342,0
2024-05-25 16:00:00+00:00,1162.2666922670342,1162.2666922670342,0
2024-05-25 20:00:00+00:00,1162.2666922670342,1162.2666922670342,0
2024-05-26 00:00:00+00:00,1162.2666922670342,1162.2666922670342,0
2024-05-26 04:00:00+00:00,1162.2666922670342,1162.2666922670342,0
2024-05-26 08:00:00+00:00,1162.2666922670342,1162.2666922670342,0
2024-05-26 12:00:00+00:00,1162.2666922670342,1162.2666922670342,0
2024-05-26 16:00:00+00:00,1162.2666922670342,1162.2666922670342,0
2024-05-26 20:00:00+00:00,1162.2666922670342,1162.2666922670342,0
2024-05-27 00:00:00+00:00,1162.2666922670342,1162.2666922670342,0
2024-05-27 04:00:00+00:00,1162.2666922670342,1162.2666922670342,0
2024-05-27 08:00:00+00:00,1162.2666922670342,1162.2666922670342,0
2024-05-27 12:00:00+00:00,1162.2666922670342,1162.2666922670342,0
2024-05-27 16:00:00+00:00,1162.2666922670342,1162.2666922670342,0
2024-05-27 20:00:00+00:00,1162.2666922670342,1162.2666922670342,0
2024-05-28 00:00:00+00:00,1162.2666922670342,1162.2666922670342,0
2024-05-28 04:00:00+00:00,1162.2666922670342,1162.2666922670342,0
2024-05-28 08:00:00+00:00,1162.2666922670342,1162.2666922670342,0
2024-05-28 12:00:00+00:00,1162.2666922670342,1162.2666922670342,0
2024-05-28 16:00:00+00:00,1162.2666922670342,1162.2666922670342,0
2024-05-28 20:00:00+00:00,1162.2666922670342,1162.2666922670342,0
2024-05-29 00:00:00+00:00,1162.2666922670342,1162.2666922670342,0
2024-05-29 04:00:00+00:00,1162.2666922670342,1162.2666922670342,0
2024-05-29 08:00:00+00:00,1162.2666922670342,1162.2666922670342,0
2024-05-29 12:00:00+00:00,1162.2666922670342,1162.2666922670342,0
2024-05-29 16:00:00+00:00,1160.058478383026,1162.182398284472,1
2024-05-29 20:00:00+00:00,1159.7740915899735,1162.182398284472,1
2024-05-30 00:00:00+00:00,1161.290821152921,1162.182398284472,1
2024-05-30 04:00:00+00:00,1159.143979675955,1162.182398284472,1
2024-05-30 08:00:00+00:00,1157.6718598060354,1162.182398284472,1
2024-05-30 12:00:00+00:00,1158.8595928829022,1162.182398284472,1
2024-05-30 16:00:00+00:00,1157.6384025362647,1162.182398284472,1
2024-05-30 20:00:00+00:00,1156.4393527945235,1156.4393527945235,0
2024-05-31 00:00:00+00:00,1156.4393527945235,1156.4393527945235,0
2024-05-31 04:00:00+00:00,1156.4393527945235,1156.4393527945235,0
2024-05-31 08:00:00+00:00,1156.4393527945235,1156.4393527945235,0
2024-05-31 12:00:00+00:00,1156.4393527945235,1156.4393527945235,0
2024-05-31 16:00:00+00:00,1156.4393527945235,1156.4393527945235,0
2024-05-31 20:00:00+00:00,1156.4393527945235,1156.4393527945235,0
2024-06-01 00:00:00+00:00,1156.4393527945235,1156.4393527945235,0
2024-06-01 04:00:00+00:00,1156.4393527945235,1156.4393527945235,0
2024-06-01 08:00:00+00:00,1156.4393527945235,1156.4393527945235,0
2024-06-01 12:00:00+00:00,1156.4393527945235,1156.4393527945235,0
2024-06-01 16:00:00+00:00,1156.4393527945235,1156.4393527945235,0
2024-06-01 20:00:00+00:00,1156.4393527945235,1156.4393527945235,0
2024-06-02 00:00:00+00:00,1156.4393527945235,1156.4393527945235,0
2024-06-02 04:00:00+00:00,1156.4393527945235,1156.4393527945235,0
2024-06-02 08:00:00+00:00,1156.4393527945235,1156.4393527945235,0
2024-06-02 12:00:00+00:00,1156.4393527945235,1156.4393527945235,0
2024-06-02 16:00:00+00:00,1156.4393527945235,1156.4393527945235,0
2024-06-02 20:00:00+00:00,1157.0304103793546,1156.3194267371687,1
2024-06-03 00:00:00+00:00,1156.3001640343114,1156.3194267371687,1
2024-06-03 04:00:00+00:00,1152.9564044543763,1156.3194267371687,1
2024-06-03 08:00:00+00:00,1153.0460838300835,1156.3194267371687,1
2024-06-03 12:00:00+00:00,1153.921525354843,1156.3194267371687,1
2024-06-03 16:00:00+00:00,1153.161385884564,1156.3194267371687,1
2024-06-03 20:00:00+00:00,1156.5563908220458,1156.3194267371687,1
2024-06-04 00:00:00+00:00,1156.8809447531762,1156.3194267371687,1
2024-06-04 04:00:00+00:00,1157.5257821689747,1156.3194267371687,1
2024-06-04 08:00:00+00:00,1157.1884168984577,1156.3194267371687,1
2024-06-04 12:00:00+00:00,1156.8174314164028,1156.2047495402119,2
2024-06-04 16:00:00+00:00,1159.280371891388,1156.2047495402119,2
2024-06-04 20:00:00+00:00,1160.8337930907308,1156.2047495402119,2
2024-06-05 00:00:00+00:00,1163.2077843319316,1150.462551487331,1
2024-06-05 04:00:00+00:00,1163.7867562967951,1150.462551487331,1
2024-06-05 08:00:00+00:00,1162.4846239467,1150.462551487331,1
2024-06-05 12:00:00+00:00,1163.527217140132,1150.462551487331,1
2024-06-05 16:00:00+00:00,1160.6190476154732,1150.462551487331,1
2024-06-05 20:00:00+00:00,1162.2450493405495,1150.462551487331,1
2024-06-06 00:00:00+00:00,1161.8124840794446,1150.462551487331,1
2024-06-06 04:00:00+00:00,1163.4784149055458,1150.462551487331,1
2024-06-06 08:00:00+00:00,1163.6403495930365,1150.462551487331,1
2024-06-06 12:00:00+00:00,1163.2454951495665,1150.462551487331,1
2024-06-06 16:00:00+00:00,1163.82668539782,1150.462551487331,1
2024-06-06 20:00:00+00:00,1164.9003345587164,1150.462551487331,1
2024-06-07 00:00:00+00:00,1163.360845885861,1150.462551487331,1
2024-06-07 04:00:00+00:00,1161.8967788482753,1150.462551487331,1
2024-06-07 08:00:00+00:00,1163.6647507103296,1150.462551487331,1
2024-06-07 12:00:00+00:00,1162.6310306504583,1150.462551487331,1
2024-06-07 16:00:00+00:00,1159.8402266258774,1159.8402266258774,0
2024-06-07 20:00:00+00:00,1159.8402266258774,1159.8402266258774,0
2024-06-08 00:00:00+00:00,1159.8402266258774,1159.8402266258774,0
2024-06-08 04:00:00+00:00,1159.8402266258774,1159.8402266258774,0
2024-06-08 08:00:00+00:00,1159.8402266258774,1159.8402266258774,0
2024-06-08 12:00:00+00:00,1159.8402266258774,1159.8402266258774,0
2024-06-08 16:00:00+00:00,1159.8402266258774,1159.8402266258774,0
2024-06-08 20:00:00+00:00,1159.8402266258774,1159.8402266258774,0
2024-06-09 00:00:00+00:00,1159.8402266258774,1159.8402266258774,0
2024-06-09 04:00:00+00:00,1159.8402266258774,1159.8402266258774,0
2024-06-09 08:00:00+00:00,1159.8402266258774,1159.8402266258774,0
2024-06-09 12:00:00+00:00,1159.8402266258774,1159.8402266258774,0
2024-06-09 16:00:00+00:00,1159.8402266258774,1159.8402266258774,0
2024-06-09 20:00:00+00:00,1159.8402266258774,1159.8402266258774,0
2024-06-10 00:00:00+00:00,1159.8402266258774,1159.8402266258774,0
2024-06-10 04:00:00+00:00,1159.8402266258774,1159.8402266258774,0
2024-06-10 08:00:00+00:00,1159.8402266258774,1159.8402266258774,0
2024-06-10 12:00:00+00:00,1159.8402266258774,1159.8402266258774,0
2024-06-10 16:00:00+00:00,1159.8402266258774,1159.8402266258774,0
2024-06-10 20:00:00+00:00,1159.8402266258774,1159.8402266258774,0
2024-06-11 00:00:00+00:00,1159.8402266258774,1159.8402266258774,0
2024-06-11 04:00:00+00:00,1159.8402266258774,1159.8402266258774,0
2024-06-11 08:00:00+00:00,1159.8402266258774,1159.8402266258774,0
2024-06-11 12:00:00+00:00,1159.8402266258774,1159.8402266258774,0
2024-06-11 16:00:00+00:00,1159.8402266258774,1159.8402266258774,0
2024-06-11 20:00:00+00:00,1159.8402266258774,1159.8402266258774,0
2024-06-12 00:00:00+00:00,1159.8402266258774,1159.8402266258774,0
2024-06-12 04:00:00+00:00,1159.8402266258774,1159.8402266258774,0
2024-06-12 08:00:00+00:00,1159.8402266258774,1159.8402266258774,0
2024-06-12 12:00:00+00:00,1159.8402266258774,1159.8402266258774,0
2024-06-12 16:00:00+00:00,1159.8402266258774,1159.8402266258774,0
2024-06-12 20:00:00+00:00,1159.8402266258774,1159.8402266258774,0
2024-06-13 00:00:00+00:00,1159.8402266258774,1159.8402266258774,0
2024-06-13 04:00:00+00:00,1159.8402266258774,1159.8402266258774,0
2024-06-13 08:00:00+00:00,1159.8402266258774,1159.8402266258774,0
2024-06-13 12:00:00+00:00,1159.8402266258774,1159.8402266258774,0
2024-06-13 16:00:00+00:00,1159.8402266258774,1159.8402266258774,0
2024-06-13 20:00:00+00:00,1159.8402266258774,1159.8402266258774,0
2024-06-14 00:00:00+00:00,1159.8402266258774,1159.8402266258774,0
2024-06-14 04:00:00+00:00,1159.8402266258774,1159.8402266258774,0
2024-06-14 08:00:00+00:00,1159.8402266258774,1159.8402266258774,0
2024-06-14 12:00:00+00:00,1159.8402266258774,1159.8402266258774,0
2024-06-14 16:00:00+00:00,1159.8402266258774,1159.8402266258774,0
2024-06-14 20:00:00+00:00,1157.873533931125,1159.690085496217,2
2024-06-15 00:00:00+00:00,1156.0409886641837,1159.690085496217,2
2024-06-15 04:00:00+00:00,1156.416518342744,1159.690085496217,2
2024-06-15 08:00:00+00:00,1155.6039220670223,1159.690085496217,2
2024-06-15 12:00:00+00:00,1155.0962536117802,1159.690085496217,2
2024-06-15 16:00:00+00:00,1155.5819616343344,1159.690085496217,2
2024-06-15 20:00:00+00:00,1154.954624609217,1159.690085496217,2
2024-06-16 00:00:00+00:00,1156.941497948539,1159.690085496217,2
2024-06-16 04:00:00+00:00,1156.010257034269,1159.690085496217,2
2024-06-16 08:00:00+00:00,1155.990764988857,1159.690085496217,2
2024-06-16 12:00:00+00:00,1152.8517223361653,1159.690085496217,2
2024-06-16 16:00:00+00:00,1153.1158573337652,1159.690085496217,2
2024-06-16 20:00:00+00:00,1151.387348190666,1153.9139606042932,1
2024-06-17 00:00:00+00:00,1152.9412792288085,1153.9139606042932,1
2024-06-17 04:00:00+00:00,1153.7076977046343,1153.9139606042932,1
2024-06-17 08:00:00+00:00,1153.363160958621,1153.9139606042932,1
2024-06-17 12:00:00+00:00,1158.793442483575,1153.8286356595936,2
2024-06-17 16:00:00+00:00,1153.1129196603983,1153.8286356595936,2
2024-06-17 20:00:00+00:00,1157.869811636276,1153.8286356595936,2
2024-06-18 00:00:00+00:00,1170.070589063792,1153.8286356595936,2
2024-06-18 04:00:00+00:00,1169.1492392963924,1161.571784281012,1
2024-06-18 08:00:00+00:00,1170.7031703345347,1161.571784281012,1
2024-06-18 12:00:00+00:00,1171.4977142590149,1161.571784281012,1
2024-06-18 16:00:00+00:00,1170.7664525940065,1161.571784281012,1
2024-06-18 20:00:00+00:00,1169.5148701288963,1161.571784281012,1
2024-06-19 00:00:00+00:00,1168.1004013929867,1168.1004013929867,0
2024-06-19 04:00:00+00:00,1168.1004013929867,1168.1004013929867,0
2024-06-19 08:00:00+00:00,1168.1004013929867,1168.1004013929867,0
2024-06-19 12:00:00+00:00,1168.1004013929867,1168.1004013929867,0
2024-06-19 16:00:00+00:00,1168.1004013929867,1168.1004013929867,0
2024-06-19 20:00:00+00:00,1168.1004013929867,1168.1004013929867,0
2024-06-20 00:00:00+00:00,1168.1004013929867,1168.1004013929867,0
2024-06-20 04:00:00+00:00,1168.1004013929867,1168.1004013929867,0
2024-06-20 08:00:00+00:00,1168.1004013929867,1168.1004013929867,0
2024-06-20 12:00:00+00:00,1168.1004013929867,1168.1004013929867,0
2024-06-20 16:00:00+00:00,1168.1004013929867,1168.1004013929867,0
2024-06-20 20:00:00+00:00,1168.1004013929867,1168.1004013929867,0
2024-06-21 00:00:00+00:00,1168.1004013929867,1168.1004013929867,0
2024-06-21 04:00:00+00:00,1168.1004013929867,1168.1004013929867,0
2024-06-21 08:00:00+00:00,1168.1004013929867,1168.1004013929867,0
2024-06-21 12:00:00+00:00,1168.1004013929867,1168.1004013929867,0
2024-06-21 16:00:00+00:00,1168.1004013929867,1168.1004013929867,0
2024-06-21 20:00:00+00:00,1168.1004013929867,1168.1004013929867,0
2024-06-22 00:00:00+00:00,1168.1004013929867,1168.1004013929867,0
2024-06-22 04:00:00+00:00,1168.1004013929867,1168.1004013929867,0
2024-06-22 08:00:00+00:00,1167.3956167903227,1168.024796189013,1
2024-06-22 12:00:00+00:00,1165.069770878936,1168.024796189013,1
2024-06-22 16:00:00+00:00,1166.2270938846018,1168.024796189013,1
2024-06-22 20:00:00+00:00,1166.9476207881294,1168.024796189013,1
2024-06-23 00:00:00+00:00,1165.5513665812937,1168.024796189013,1
2024-06-23 04:00:00+00:00,1166.2532269847297,1168.024796189013,1
2024-06-23 08:00:00+00:00,1167.7689467921505,1168.024796189013,1
2024-06-23 12:00:00+00:00,1171.4873136103545,1168.024796189013,1
2024-06-23 16:00:00+00:00,1168.4670738955683,1168.024796189013,1
2024-06-23 20:00:00+00:00,1168.9412029978894,1168.024796189013,1
2024-06-24 00:00:00+00:00,1169.7737289019653,1168.024796189013,1
2024-06-24 04:00:00+00:00,1171.965176012694,1168.024796189013,1
2024-06-24 08:00:00+00:00,1171.1475833086913,1168.024796189013,1
2024-06-24 12:00:00+00:00,1173.2867642191643,1168.024796189013,1
2024-06-24 16:00:00+00:00,1173.5032956202242,1168.024796189013,1
2024-06-24 20:00:00+00:00,1170.0649263033908,1168.024796189013,1
2024-06-25 00:00:00+00:00,1168.612672596281,1168.024796189013,1
2024-06-25 04:00:00+00:00,1168.814270797268,1168.024796189013,1
2024-06-25 08:00:00+00:00,1168.4446740954586,1168.024796189013,1
2024-06-25 12:00:00+00:00,1166.8841546878186,1168.024796189013,1
2024-06-25 16:00:00+00:00,1167.2873510897925,1168.024796189013,1
2024-06-25 20:00:00+00:00,1167.739080392004,1168.024796189013,1
2024-06-26 00:00:00+00:00,1167.615881491401,1168.024796189013,1
2024-06-26 04:00:00+00:00,1165.405767880581,1168.024796189013,1
2024-06-26 08:00:00+00:00,1165.2975021800507,1168.024796189013,1
2024-06-26 12:00:00+00:00,1165.6484323817688,1168.024796189013,1
2024-06-26 16:00:00+00:00,1163.5801841716432,1168.024796189013,1
2024-06-26 20:00:00+00:00,1166.1860275844008,1168.024796189013,1
2024-06-27 00:00:00+00:00,1166.8281551875446,1168.024796189013,1
2024-06-27 04:00:00+00:00,1165.2937688800325,1168.024796189013,1
2024-06-27 08:00:00+00:00,1162.122478913648,1162.122478913648,0
2024-06-27 12:00:00+00:00,1162.122478913648,1162.122478913648,0
2024-06-27 16:00:00+00:00,1162.122478913648,1162.122478913648,0
2024-06-27 20:00:00+00:00,1162.122478913648,1162.122478913648,0
2024-06-28 00:00:00+00:00,1162.122478913648,1162.122478913648,0
2024-06-28 04:00:00+00:00,1162.122478913648,1162.122478913648,0
2024-06-28 08:00:00+00:00,1162.122478913648,1162.122478913648,0
2024-06-28 12:00:00+00:00,1162.122478913648,1162.122478913648,0
2024-06-28 16:00:00+00:00,1162.122478913648,1162.122478913648,0
2024-06-28 20:00:00+00:00,1162.122478913648,1162.122478913648,0
2024-06-29 00:00:00+00:00,1162.122478913648,1162.122478913648,0
2024-06-29 04:00:00+00:00,1162.122478913648,1162.122478913648,0
2024-06-29 08:00:00+00:00,1162.122478913648,1162.122478913648,0
2024-06-29 12:00:00+00:00,1162.122478913648,1162.122478913648,0
2024-06-29 16:00:00+00:00,1162.122478913648,1162.122478913648,0
2024-06-29 20:00:00+00:00,1162.122478913648,1162.122478913648,0
2024-06-30 00:00:00+00:00,1162.122478913648,1162.122478913648,0
2024-06-30 04:00:00+00:00,1162.122478913648,1162.122478913648,0
2024-06-30 08:00:00+00:00,1162.122478913648,1162.122478913648,0
2024-06-30 12:00:00+00:00,1162.122478913648,1162.122478913648,0
2024-06-30 16:00:00+00:00,1162.122478913648,1162.122478913648,0
2024-06-30 20:00:00+00:00,1162.122478913648,1162.122478913648,0
2024-07-01 00:00:00+00:00,1162.122478913648,1162.122478913648,0
2024-07-01 04:00:00+00:00,1162.122478913648,1162.122478913648,0
2024-07-01 08:00:00+00:00,1162.122478913648,1162.122478913648,0
2024-07-01 12:00:00+00:00,1162.122478913648,1162.122478913648,0
2024-07-01 16:00:00+00:00,1162.122478913648,1162.122478913648,0
2024-07-01 20:00:00+00:00,1162.122478913648,1162.122478913648,0
2024-07-02 00:00:00+00:00,1162.122478913648,1162.122478913648,0
2024-07-02 04:00:00+00:00,1162.122478913648,1162.122478913648,0
2024-07-02 08:00:00+00:00,1162.122478913648,1162.122478913648,0
2024-07-02 12:00:00+00:00,1162.122478913648,1162.122478913648,0
2024-07-02 16:00:00+00:00,1162.122478913648,1162.122478913648,0
2024-07-02 20:00:00+00:00,1162.8748051875739,1162.036096016291,1
2024-07-03 00:00:00+00:00,1160.4648090957514,1162.036096016291,1
2024-07-03 04:00:00+00:00,1157.5056731319796,1162.036096016291,1
2024-07-03 08:00:00+00:00,1156.3169293338572,1156.3169293338572,0
2024-07-03 12:00:00+00:00,1156.3169293338572,1156.3169293338572,0
2024-07-03 16:00:00+00:00,1156.3169293338572,1156.3169293338572,0
2024-07-03 20:00:00+00:00,1156.3169293338572,1156.3169293338572,0
2024-07-04 00:00:00+00:00,1156.3169293338572,1156.3169293338572,0
2024-07-04 04:00:00+00:00,1156.3169293338572,1156.3169293338572,0
2024-07-04 08:00:00+00:00,1156.3169293338572,1156.3169293338572,0
2024-07-04 12:00:00+00:00,1156.3169293338572,1156.3169293338572,0
2024-07-04 16:00:00+00:00,1156.3169293338572,1156.3169293338572,0
2024-07-04 20:00:00+00:00,1156.3169293338572,1156.3169293338572,0
2024-07-05 00:00:00+00:00,1156.3169293338572,1156.3169293338572,0
2024-07-05 04:00:00+00:00,1156.3169293338572,1156.3169293338572,0
2024-07-05 08:00:00+00:00,1156.3169293338572,1156.3169293338572,0
2024-07-05 12:00:00+00:00,1156.3169293338572,1156.3169293338572,0
2024-07-05 16:00:00+00:00,1156.3169293338572,1156.3169293338572,0
2024-07-05 20:00:00+00:00,1156.3169293338572,1156.3169293338572,0
2024-07-06 00:00:00+00:00,1156.3169293338572,1156.3169293338572,0
2024-07-06 04:00:00+00:00,1156.3169293338572,1156.3169293338572,0
2024-07-06 08:00:00+00:00,1156.3169293338572,1156.3169293338572,0
2024-07-06 12:00:00+00:00,1156.3169293338572,1156.3169293338572,0
2024-07-06 16:00:00+00:00,1156.3169293338572,1156.3169293338572,0
2024-07-06 20:00:00+00:00,1156.3169293338572,1156.3169293338572,0
2024-07-07 00:00:00+00:00,1156.3169293338572,1156.3169293338572,0
2024-07-07 04:00:00+00:00,1156.3169293338572,1156.3169293338572,0
2024-07-07 08:00:00+00:00,1156.3169293338572,1156.3169293338572,0
2024-07-07 12:00:00+00:00,1156.3169293338572,1156.3169293338572,0
2024-07-07 16:00:00+00:00,1156.3169293338572,1156.3169293338572,0
2024-07-07 20:00:00+00:00,1156.3169293338572,1156.3169293338572,0
2024-07-08 00:00:00+00:00,1156.3169293338572,1156.3169293338572,0
2024-07-08 04:00:00+00:00,1156.3169293338572,1156.3169293338572,0
2024-07-08 08:00:00+00:00,1156.3169293338572,1156.3169293338572,0
2024-07-08 12:00:00+00:00,1156.3169293338572,1156.3169293338572,0
2024-07-08 16:00:00+00:00,1156.3169293338572,1156.3169293338572,0
2024-07-08 20:00:00+00:00,1156.3169293338572,1156.3169293338572,0
2024-07-09 00:00:00+00:00,1156.3169293338572,1156.3169293338572,0
2024-07-09 04:00:00+00:00,1156.3169293338572,1156.3169293338572,0
2024-07-09 08:00:00+00:00,1156.3169293338572,1156.3169293338572,0
2024-07-09 12:00:00+00:00,1156.3169293338572,1156.3169293338572,0
2024-07-09 16:00:00+00:00,1156.3169293338572,1156.3169293338572,0
2024-07-09 20:00:00+00:00,1156.3169293338572,1156.3169293338572,0
2024-07-10 00:00:00+00:00,1156.3169293338572,1156.3169293338572,0
2024-07-10 04:00:00+00:00,1156.3169293338572,1156.3169293338572,0
2024-07-10 08:00:00+00:00,1156.3169293338572,1156.3169293338572,0
2024-07-10 12:00:00+00:00,1156.3169293338572,1156.3169293338572,0
2024-07-10 16:00:00+00:00,1156.3169293338572,1156.3169293338572,0
2024-07-10 20:00:00+00:00,1156.3169293338572,1156.3169293338572,0
2024-07-11 00:00:00+00:00,1156.3169293338572,1156.3169293338572,0
2024-07-11 04:00:00+00:00,1156.3169293338572,1156.3169293338572,0
2024-07-11 08:00:00+00:00,1156.3169293338572,1156.3169293338572,0
2024-07-11 12:00:00+00:00,1156.3169293338572,1156.3169293338572,0
2024-07-11 16:00:00+00:00,1156.3169293338572,1156.3169293338572,0
2024-07-11 20:00:00+00:00,1156.3169293338572,1156.3169293338572,0
2024-07-12 00:00:00+00:00,1156.3169293338572,1156.3169293338572,0
2024-07-12 04:00:00+00:00,1156.3169293338572,1156.3169293338572,0
2024-07-12 08:00:00+00:00,1156.3169293338572,1156.3169293338572,0
2024-07-12 12:00:00+00:00,1156.3169293338572,1156.3169293338572,0
2024-07-12 16:00:00+00:00,1156.3169293338572,1156.3169293338572,0
2024-07-12 20:00:00+00:00,1156.3169293338572,1156.3169293338572,0
2024-07-13 00:00:00+00:00,1156.3169293338572,1156.3169293338572,0
2024-07-13 04:00:00+00:00,1156.3169293338572,1156.3169293338572,0
2024-07-13 08:00:00+00:00,1156.3169293338572,1156.3169293338572,0
2024-07-13 12:00:00+00:00,1156.3169293338572,1156.3169293338572,0
2024-07-13 16:00:00+00:00,1160.491069382262,1156.2420868141592,1
2024-07-13 20:00:00+00:00,1154.4002513711068,1156.2420868141592,1
2024-07-14 00:00:00+00:00,1153.3531193348051,1156.2420868141592,1
2024-07-14 04:00:00+00:00,1154.504964574737,1156.2420868141592,1
2024-07-14 08:00:00+00:00,1154.8365563862326,1156.2420868141592,1
2024-07-14 12:00:00+00:00,1154.6445821795771,1156.2420868141592,1
2024-07-14 16:00:00+00:00,1155.4124790061985,1156.2420868141592,1
2024-07-14 20:00:00+00:00,1153.4752847390403,1156.2420868141592,1
2024-07-15 00:00:00+00:00,1154.609677778367,1156.2420868141592,1
2024-07-15 04:00:00+00:00,1155.2379570001483,1156.2420868141592,1
2024-07-15 08:00:00+00:00,1156.28508903645,1156.2420868141592,1
2024-07-15 12:00:00+00:00,1154.0512073590062,1156.2420868141592,1
2024-07-15 16:00:00+00:00,1156.0582104285845,1156.2420868141592,1
2024-07-15 20:00:00+00:00,1156.3723500394751,1156.2420868141592,1
2024-07-16 00:00:00+00:00,1161.3287750113034,1156.2420868141592,1
2024-07-16 04:00:00+00:00,1156.930820458836,1156.2420868141592,1
2024-07-16 08:00:00+00:00,1157.9954046957428,1156.2420868141592,1
2024-07-16 12:00:00+00:00,1164.679597527469,1156.2420868141592,1
2024-07-16 16:00:00+00:00,1164.4527189196035,1156.2420868141592,1
2024-07-16 20:00:00+00:00,1163.7546308954024,1156.2420868141592,1
2024-07-17 00:00:00+00:00,1164.8541195335192,1156.2420868141592,1
2024-07-17 04:00:00+00:00,1168.937934475096,1156.2420868141592,1
2024-07-17 08:00:00+00:00,1169.7756401041374,1156.2420868141592,1
2024-07-17 12:00:00+00:00,1167.7860892351641,1156.2420868141592,1
2024-07-17 16:00:00+00:00,1169.7756401041374,1156.2420868141592,1
2024-07-17 20:00:00+00:00,1171.887356377346,1156.2420868141592,1
2024-07-18 00:00:00+00:00,1168.6063426636006,1156.2420868141592,1
2024-07-18 04:00:00+00:00,1166.171424647864,1166.171424647864,0
2024-07-18 08:00:00+00:00,1166.171424647864,1166.171424647864,0
2024-07-18 12:00:00+00:00,1166.171424647864,1166.171424647864,0
2024-07-18 16:00:00+00:00,1166.171424647864,1166.171424647864,0
2024-07-18 20:00:00+00:00,1166.171424647864,1166.171424647864,0
2024-07-19 00:00:00+00:00,1166.171424647864,1166.171424647864,0
2024-07-19 04:00:00+00:00,1166.171424647864,1166.171424647864,0
2024-07-19 08:00:00+00:00,1166.171424647864,1166.171424647864,0
2024-07-19 12:00:00+00:00,1166.171424647864,1166.171424647864,0
2024-07-19 16:00:00+00:00,1166.171424647864,1166.171424647864,0
2024-07-19 20:00:00+00:00,1166.171424647864,1166.171424647864,0
2024-07-20 00:00:00+00:00,1166.171424647864,1166.171424647864,0
2024-07-20 04:00:00+00:00,1166.171424647864,1166.171424647864,0
2024-07-20 08:00:00+00:00,1166.171424647864,1166.171424647864,0
2024-07-20 12:00:00+00:00,1166.171424647864,1166.171424647864,0
2024-07-20 16:00:00+00:00,1166.171424647864,1166.171424647864,0
2024-07-20 20:00:00+00:00,1166.171424647864,1166.171424647864,0
2024-07-21 00:00:00+00:00,1166.171424647864,1166.171424647864,0
2024-07-21 04:00:00+00:00,1166.171424647864,1166.171424647864,0
2024-07-21 08:00:00+00:00,1166.171424647864,1166.171424647864,0
2024-07-21 12:00:00+00:00,1166.171424647864,1166.171424647864,0
2024-07-21 16:00:00+00:00,1168.4774573493664,1166.0930567177181,1
2024-07-21 20:00:00+00:00,1175.2908075209632,1166.0044946820328,2
2024-07-22 00:00:00+00:00,1171.8023334402656,1166.0044946820328,2
2024-07-22 04:00:00+00:00,1169.128187292117,1166.0044946820328,2
2024-07-22 08:00:00+00:00,1171.471536784188,1166.0044946820328,2
2024-07-22 12:00:00+00:00,1170.129573697296,1166.0044946820328,2
2024-07-22 16:00:00+00:00,1173.2148883165573,1166.0044946820328,2
2024-07-22 20:00:00+00:00,1169.3439724414889,1166.0044946820328,2
2024-07-23 00:00:00+00:00,1170.1635672809539,1166.0044946820328,2
2024-07-23 04:00:00+00:00,1162.9479280264493,1166.0044946820328,2
2024-07-23 08:00:00+00:00,1163.250609494621,1166.0044946820328,2
2024-07-23 12:00:00+00:00,1162.8396208224906,1166.0044946820328,2
2024-07-23 16:00:00+00:00,1158.7677446402224,1166.0044946820328,2
2024-07-23 20:00:00+00:00,1159.14535218665,1166.0044946820328,2
2024-07-24 00:00:00+00:00,1157.4737944375156,1160.198326002113,1
2024-07-24 04:00:00+00:00,1157.8252630908016,1160.198326002113,1
2024-07-24 08:00:00+00:00,1160.0230307935626,1160.198326002113,1
2024-07-24 12:00:00+00:00,1159.2539557172868,1160.1232415116049,2
2024-07-24 16:00:00+00:00,1159.423116987003,1160.1232415116049,2
2024-07-24 20:00:00+00:00,1158.5157691936784,1160.1232415116049,2
2024-07-25 00:00:00+00:00,1150.8567922651457,1154.271706109836,1
2024-07-25 04:00:00+00:00,1151.349697810412,1154.271706109836,1
2024-07-25 08:00:00+00:00,1151.5886823172077,1154.271706109836,1
2024-07-25 12:00:00+00:00,1152.6193030027641,1154.271706109836,1
2024-07-25 16:00:00+00:00,1150.0950291497345,1154.271706109836,1
2024-07-25 20:00:00+00:00,1148.5234322856998,1148.5234322856998,0
2024-07-26 00:00:00+00:00,1148.5234322856998,1148.5234322856998,0
2024-07-26 04:00:00+00:00,1148.5234322856998,1148.5234322856998,0
2024-07-26 08:00:00+00:00,1148.5234322856998,1148.5234322856998,0
2024-07-26 12:00:00+00:00,1148.5234322856998,1148.5234322856998,0
2024-07-26 16:00:00+00:00,1148.5234322856998,1148.5234322856998,0
2024-07-26 20:00:00+00:00,1148.5234322856998,1148.5234322856998,0
2024-07-27 00:00:00+00:00,1148.5234322856998,1148.5234322856998,0
2024-07-27 04:00:00+00:00,1148.5234322856998,1148.5234322856998,0
2024-07-27 08:00:00+00:00,1148.5234322856998,1148.5234322856998,0
2024-07-27 12:00:00+00:00,1148.5234322856998,1148.5234322856998,0
2024-07-27 16:00:00+00:00,1148.5234322856998,1148.5234322856998,0
2024-07-27 20:00:00+00:00,1148.5234322856998,1148.5234322856998,0
2024-07-28 00:00:00+00:00,1148.5234322856998,1148.5234322856998,0
2024-07-28 04:00:00+00:00,1148.5234322856998,1148.5234322856998,0
2024-07-28 08:00:00+00:00,1148.5234322856998,1148.5234322856998,0
2024-07-28 12:00:00+00:00,1148.5234322856998,1148.5234322856998,0
2024-07-28 16:00:00+00:00,1148.5234322856998,1148.5234322856998,0
2024-07-28 20:00:00+00:00,1148.5234322856998,1148.5234322856998,0
2024-07-29 00:00:00+00:00,1148.5234322856998,1148.5234322856998,0
2024-07-29 04:00:00+00:00,1148.5234322856998,1148.5234322856998,0
2024-07-29 08:00:00+00:00,1148.5234322856998,1148.5234322856998,0
2024-07-29 12:00:00+00:00,1148.5234322856998,1148.5234322856998,0
2024-07-29 16:00:00+00:00,1148.5234322856998,1148.5234322856998,0
2024-07-29 20:00:00+00:00,1148.5234322856998,1148.5234322856998,0
2024-07-30 00:00:00+00:00,1148.5234322856998,1148.5234322856998,0
2024-07-30 04:00:00+00:00,1148.5234322856998,1148.5234322856998,0
2024-07-30 08:00:00+00:00,1148.5234322856998,1148.5234322856998,0
2024-07-30 12:00:00+00:00,1148.5234322856998,1148.5234322856998,0
2024-07-30 16:00:00+00:00,1148.5234322856998,1148.5234322856998,0
2024-07-30 20:00:00+00:00,1148.5234322856998,1148.5234322856998,0
2024-07-31 00:00:00+00:00,1148.5234322856998,1148.5234322856998,0
2024-07-31 04:00:00+00:00,1148.0390059396386,1148.4490941994677,1
2024-07-31 08:00:00+00:00,1148.4684312198349,1148.4490941994677,1
2024-07-31 12:00:00+00:00,1148.7976572679854,1148.4490941994677,1
2024-07-31 16:00:00+00:00,1146.1638488827818,1148.4490941994677,1
2024-07-31 20:00:00+00:00,1144.7038029301145,1148.4490941994677,1
2024-08-01 00:00:00+00:00,1142.776547672093,1142.776547672093,0
2024-08-01 04:00:00+00:00,1142.776547672093,1142.776547672093,0
2024-08-01 08:00:00+00:00,1142.776547672093,1142.776547672093,0
2024-08-01 12:00:00+00:00,1142.776547672093,1142.776547672093,0
2024-08-01 16:00:00+00:00,1142.776547672093,1142.776547672093,0
2024-08-01 20:00:00+00:00,1142.776547672093,1142.776547672093,0
2024-08-02 00:00:00+00:00,1142.776547672093,1142.776547672093,0
2024-08-02 04:00:00+00:00,1142.776547672093,1142.776547672093,0
2024-08-02 08:00:00+00:00,1142.776547672093,1142.776547672093,0
2024-08-02 12:00:00+00:00,1142.776547672093,1142.776547672093,0
2024-08-02 16:00:00+00:00,1142.776547672093,1142.776547672093,0
2024-08-02 20:00:00+00:00,1142.776547672093,1142.776547672093,0
2024-08-03 00:00:00+00:00,1142.776547672093,1142.776547672093,0
2024-08-03 04:00:00+00:00,1142.776547672093,1142.776547672093,0
2024-08-03 08:00:00+00:00,1142.776547672093,1142.776547672093,0
2024-08-03 12:00:00+00:00,1142.776547672093,1142.776547672093,0
2024-08-03 16:00:00+00:00,1142.776547672093,1142.776547672093,0
2024-08-03 20:00:00+00:00,1142.776547672093,1142.776547672093,0
2024-08-04 00:00:00+00:00,1142.776547672093,1142.776547672093,0
2024-08-04 04:00:00+00:00,1142.776547672093,1142.776547672093,0
2024-08-04 08:00:00+00:00,1142.776547672093,1142.776547672093,0
2024-08-04 12:00:00+00:00,1142.776547672093,1142.776547672093,0
2024-08-04 16:00:00+00:00,1142.776547672093,1142.776547672093,0
2024-08-04 20:00:00+00:00,1142.776547672093,1142.776547672093,0
2024-08-05 00:00:00+00:00,1142.776547672093,1142.776547672093,0
2024-08-05 04:00:00+00:00,1142.776547672093,1142.776547672093,0
2024-08-05 08:00:00+00:00,1142.776547672093,1142.776547672093,0
2024-08-05 12:00:00+00:00,1142.776547672093,1142.776547672093,0
2024-08-05 16:00:00+00:00,1142.776547672093,1142.776547672093,0
2024-08-05 20:00:00+00:00,1142.776547672093,1142.776547672093,0
2024-08-06 00:00:00+00:00,1142.776547672093,1142.776547672093,0
2024-08-06 04:00:00+00:00,1142.776547672093,1142.776547672093,0
2024-08-06 08:00:00+00:00,1142.776547672093,1142.776547672093,0
2024-08-06 12:00:00+00:00,1142.776547672093,1142.776547672093,0
2024-08-06 16:00:00+00:00,1142.776547672093,1142.776547672093,0
2024-08-06 20:00:00+00:00,1142.776547672093,1142.776547672093,0
2024-08-07 00:00:00+00:00,1142.776547672093,1142.776547672093,0
2024-08-07 04:00:00+00:00,1142.776547672093,1142.776547672093,0
2024-08-07 08:00:00+00:00,1142.776547672093,1142.776547672093,0
2024-08-07 12:00:00+00:00,1142.776547672093,1142.776547672093,0
2024-08-07 16:00:00+00:00,1142.776547672093,1142.776547672093,0
2024-08-07 20:00:00+00:00,1142.776547672093,1142.776547672093,0
2024-08-08 00:00:00+00:00,1142.776547672093,1142.776547672093,0
2024-08-08 04:00:00+00:00,1142.776547672093,1142.776547672093,0
2024-08-08 08:00:00+00:00,1142.776547672093,1142.776547672093,0
2024-08-08 12:00:00+00:00,1142.776547672093,1142.776547672093,0
2024-08-08 16:00:00+00:00,1142.776547672093,1142.776547672093,0
2024-08-08 20:00:00+00:00,1142.776547672093,1142.776547672093,0
2024-08-09 00:00:00+00:00,1142.776547672093,1142.776547672093,0
2024-08-09 04:00:00+00:00,1142.776547672093,1142.776547672093,0
2024-08-09 08:00:00+00:00,1142.776547672093,1142.776547672093,0
2024-08-09 12:00:00+00:00,1142.776547672093,1142.776547672093,0
2024-08-09 16:00:00+00:00,1142.776547672093,1142.776547672093,0
2024-08-09 20:00:00+00:00,1142.776547672093,1142.776547672093,0
2024-08-10 00:00:00+00:00,1142.776547672093,1142.776547672093,0
2024-08-10 04:00:00+00:00,1142.776547672093,1142.776547672093,0
2024-08-10 08:00:00+00:00,1142.776547672093,1142.776547672093,0
2024-08-10 12:00:00+00:00,1142.776547672093,1142.776547672093,0
2024-08-10 16:00:00+00:00,1142.776547672093,1142.776547672093,0
2024-08-10 20:00:00+00:00,1142.776547672093,1142.776547672093,0
2024-08-11 00:00:00+00:00,1142.776547672093,1142.776547672093,0
2024-08-11 04:00:00+00:00,1142.776547672093,1142.776547672093,0
2024-08-11 08:00:00+00:00,1142.776547672093,1142.776547672093,0
2024-08-11 12:00:00+00:00,1142.776547672093,1142.776547672093,0
2024-08-11 16:00:00+00:00,1142.776547672093,1142.776547672093,0
2024-08-11 20:00:00+00:00,1142.776547672093,1142.776547672093,0
2024-08-12 00:00:00+00:00,1142.776547672093,1142.776547672093,0
2024-08-12 04:00:00+00:00,1142.776547672093,1142.776547672093,0
2024-08-12 08:00:00+00:00,1142.776547672093,1142.776547672093,0
2024-08-12 12:00:00+00:00,1142.776547672093,1142.776547672093,0
2024-08-12 16:00:00+00:00,1142.776547672093,1142.776547672093,0
2024-08-12 20:00:00+00:00,1142.776547672093,1142.776547672093,0
2024-08-13 00:00:00+00:00,1142.776547672093,1142.776547672093,0
2024-08-13 04:00:00+00:00,1142.776547672093,1142.776547672093,0
2024-08-13 08:00:00+00:00,1142.776547672093,1142.776547672093,0
2024-08-13 12:00:00+00:00,1142.776547672093,1142.776547672093,0
2024-08-13 16:00:00+00:00,1142.776547672093,1142.776547672093,0
2024-08-13 20:00:00+00:00,1142.776547672093,1142.776547672093,0
2024-08-14 00:00:00+00:00,1142.776547672093,1142.776547672093,0
2024-08-14 04:00:00+00:00,1142.776547672093,1142.776547672093,0
2024-08-14 08:00:00+00:00,1142.776547672093,1142.776547672093,0
2024-08-14 12:00:00+00:00,1142.776547672093,1142.776547672093,0
2024-08-14 16:00:00+00:00,1142.776547672093,1142.776547672093,0
2024-08-14 20:00:00+00:00,1142.776547672093,1142.776547672093,0
2024-08-15 00:00:00+00:00,1142.776547672093,1142.776547672093,0
2024-08-15 04:00:00+00:00,1142.776547672093,1142.776547672093,0
2024-08-15 08:00:00+00:00,1142.776547672093,1142.776547672093,0
2024-08-15 12:00:00+00:00,1142.776547672093,1142.776547672093,0
2024-08-15 16:00:00+00:00,1142.776547672093,1142.776547672093,0
2024-08-15 20:00:00+00:00,1142.776547672093,1142.776547672093,0
2024-08-16 00:00:00+00:00,1142.776547672093,1142.776547672093,0
2024-08-16 04:00:00+00:00,1142.776547672093,1142.776547672093,0
2024-08-16 08:00:00+00:00,1142.776547672093,1142.776547672093,0
2024-08-16 12:00:00+00:00,1142.776547672093,1142.776547672093,0
2024-08-16 16:00:00+00:00,1142.776547672093,1142.776547672093,0
2024-08-16 20:00:00+00:00,1142.776547672093,1142.776547672093,0
2024-08-17 00:00:00+00:00,1142.776547672093,1142.776547672093,0
2024-08-17 04:00:00+00:00,1142.776547672093,1142.776547672093,0
2024-08-17 08:00:00+00:00,1142.776547672093,1142.776547672093,0
2024-08-17 12:00:00+00:00,1142.776547672093,1142.776547672093,0
2024-08-17 16:00:00+00:00,1142.776547672093,1142.776547672093,0
2024-08-17 20:00:00+00:00,1142.776547672093,1142.776547672093,0
2024-08-18 00:00:00+00:00,1142.776547672093,1142.776547672093,0
2024-08-18 04:00:00+00:00,1142.776547672093,1142.776547672093,0
2024-08-18 08:00:00+00:00,1142.776547672093,1142.776547672093,0
2024-08-18 12:00:00+00:00,1142.776547672093,1142.776547672093,0
2024-08-18 16:00:00+00:00,1142.776547672093,1142.776547672093,0
2024-08-18 20:00:00+00:00,1142.776547672093,1142.776547672093,0
2024-08-19 00:00:00+00:00,1142.776547672093,1142.776547672093,0
2024-08-19 04:00:00+00:00,1142.776547672093,1142.776547672093,0
2024-08-19 08:00:00+00:00,1142.776547672093,1142.776547672093,0
2024-08-19 12:00:00+00:00,1142.776547672093,1142.776547672093,0
2024-08-19 16:00:00+00:00,1142.776547672093,1142.776547672093,0
2024-08-19 20:00:00+00:00,1142.776547672093,1142.776547672093,0
2024-08-20 00:00:00+00:00,1142.776547672093,1142.776547672093,0
2024-08-20 04:00:00+00:00,1142.776547672093,1142.776547672093,0
2024-08-20 08:00:00+00:00,1142.776547672093,1142.776547672093,0
2024-08-20 12:00:00+00:00,1142.776547672093,1142.776547672093,0
2024-08-20 16:00:00+00:00,1142.776547672093,1142.776547672093,0
2024-08-20 20:00:00+00:00,1142.776547672093,1142.776547672093,0
2024-08-21 00:00:00+00:00,1142.776547672093,1142.776547672093,0
2024-08-21 04:00:00+00:00,1142.776547672093,1142.776547672093,0
2024-08-21 08:00:00+00:00,1142.776547672093,1142.776547672093,0
2024-08-21 12:00:00+00:00,1142.776547672093,1142.776547672093,0
2024-08-21 16:00:00+00:00,1142.776547672093,1142.776547672093,0
2024-08-21 20:00:00+00:00,1142.776547672093,1142.776547672093,0
2024-08-22 00:00:00+00:00,1142.776547672093,1142.776547672093,0
2024-08-22 04:00:00+00:00,1142.776547672093,1142.776547672093,0
2024-08-22 08:00:00+00:00,1142.776547672093,1142.776547672093,0
2024-08-22 12:00:00+00:00,1142.776547672093,1142.776547672093,0
2024-08-22 16:00:00+00:00,1142.776547672093,1142.776547672093,0
2024-08-22 20:00:00+00:00,1142.776547672093,1142.776547672093,0
2024-08-23 00:00:00+00:00,1142.776547672093,1142.776547672093,0
2024-08-23 04:00:00+00:00,1140.2399748981568,1142.7025815525026,1
2024-08-23 08:00:00+00:00,1141.3408423787444,1142.7025815525026,1
2024-08-23 12:00:00+00:00,1141.494614344287,1142.7025815525026,1
2024-08-23 16:00:00+00:00,1143.4656913571484,1142.7025815525026,1
2024-08-23 20:00:00+00:00,1142.7981812339985,1142.7025815525026,1
2024-08-24 00:00:00+00:00,1141.9349613365218,1142.7025815525026,1
2024-08-24 04:00:00+00:00,1143.2035800522467,1142.7025815525026,1
2024-08-24 08:00:00+00:00,1146.2895038152908,1142.7025815525026,1
2024-08-24 12:00:00+00:00,1147.191166704153,1142.7025815525026,1
2024-08-24 16:00:00+00:00,1146.1671852063364,1142.7025815525026,1
2024-08-24 20:00:00+00:00,1144.9579783863894,1142.7025815525026,1
2024-08-25 00:00:00+00:00,1144.3114371676318,1142.7025815525026,1
2024-08-25 04:00:00+00:00,1142.0677643976721,1142.7025815525026,1
2024-08-25 08:00:00+00:00,1143.2385282262335,1142.7025815525026,1
2024-08-25 12:00:00+00:00,1144.6609189075007,1142.7025815525026,1
2024-08-25 16:00:00+00:00,1144.3568697938147,1142.7025815525026,1
2024-08-25 20:00:00+00:00,1144.2485304544552,1142.7025815525026,1
2024-08-26 00:00:00+00:00,1144.035346593135,1142.7025815525026,1
2024-08-26 04:00:00+00:00,1143.867595357998,1142.7025815525026,1
2024-08-26 08:00:00+00:00,1144.0493258627298,1142.7025815525026,1
2024-08-26 12:00:00+00:00,1142.9309842951488,1142.7025815525026,1
2024-08-26 16:00:00+00:00,1142.0188369540906,1142.7025815525026,1
2024-08-26 20:00:00+00:00,1140.8620523951238,1142.7025815525026,1
2024-08-27 00:00:00+00:00,1142.1027125716591,1142.7025815525026,1
2024-08-27 04:00:00+00:00,1143.0498080867044,1142.7025815525026,1
2024-08-27 08:00:00+00:00,1140.229490445961,1142.7025815525026,1
2024-08-27 12:00:00+00:00,1138.6917707905368,1142.7025815525026,1
2024-08-27 16:00:00+00:00,1139.5340217836213,1142.7025815525026,1
2024-08-27 20:00:00+00:00,1136.9474696552857,1136.9474696552857,0
2024-08-28 00:00:00+00:00,1136.9474696552857,1136.9474696552857,0
2024-08-28 04:00:00+00:00,1136.9474696552857,1136.9474696552857,0
2024-08-28 08:00:00+00:00,1136.9474696552857,1136.9474696552857,0
2024-08-28 12:00:00+00:00,1136.9474696552857,1136.9474696552857,0
2024-08-28 16:00:00+00:00,1136.9474696552857,1136.9474696552857,0
2024-08-28 20:00:00+00:00,1136.9474696552857,1136.9474696552857,0
2024-08-29 00:00:00+00:00,1136.9474696552857,1136.9474696552857,0
2024-08-29 04:00:00+00:00,1136.9474696552857,1136.9474696552857,0
2024-08-29 08:00:00+00:00,1136.9474696552857,1136.9474696552857,0
2024-08-29 12:00:00+00:00,1136.9474696552857,1136.9474696552857,0
2024-08-29 16:00:00+00:00,1136.9474696552857,1136.9474696552857,0
2024-08-29 20:00:00+00:00,1136.9474696552857,1136.9474696552857,0
2024-08-30 00:00:00+00:00,1136.9474696552857,1136.9474696552857,0
2024-08-30 04:00:00+00:00,1136.9474696552857,1136.9474696552857,0
2024-08-30 08:00:00+00:00,1136.9474696552857,1136.9474696552857,0
2024-08-30 12:00:00+00:00,1136.9474696552857,1136.9474696552857,0
2024-08-30 16:00:00+00:00,1136.9474696552857,1136.9474696552857,0
2024-08-30 20:00:00+00:00,1136.9474696552857,1136.9474696552857,0
2024-08-31 00:00:00+00:00,1136.9474696552857,1136.9474696552857,0
2024-08-31 04:00:00+00:00,1136.9474696552857,1136.9474696552857,0
2024-08-31 08:00:00+00:00,1136.9474696552857,1136.9474696552857,0
2024-08-31 12:00:00+00:00,1136.9474696552857,1136.9474696552857,0
2024-08-31 16:00:00+00:00,1136.9474696552857,1136.9474696552857,0
2024-08-31 20:00:00+00:00,1136.9474696552857,1136.9474696552857,0
2024-09-01 00:00:00+00:00,1136.9474696552857,1136.9474696552857,0
2024-09-01 04:00:00+00:00,1136.9474696552857,1136.9474696552857,0
2024-09-01 08:00:00+00:00,1136.9474696552857,1136.9474696552857,0
2024-09-01 12:00:00+00:00,1136.9474696552857,1136.9474696552857,0
2024-09-01 16:00:00+00:00,1136.9474696552857,1136.9474696552857,0
2024-09-01 20:00:00+00:00,1136.9474696552857,1136.9474696552857,0
2024-09-02 00:00:00+00:00,1136.9474696552857,1136.9474696552857,0
2024-09-02 04:00:00+00:00,1136.9474696552857,1136.9474696552857,0
2024-09-02 08:00:00+00:00,1136.9474696552857,1136.9474696552857,0
2024-09-02 12:00:00+00:00,1136.9474696552857,1136.9474696552857,0
2024-09-02 16:00:00+00:00,1136.9474696552857,1136.9474696552857,0
2024-09-02 20:00:00+00:00,1136.9474696552857,1136.9474696552857,0
2024-09-03 00:00:00+00:00,1136.9474696552857,1136.9474696552857,0
2024-09-03 04:00:00+00:00,1136.9474696552857,1136.9474696552857,0
2024-09-03 08:00:00+00:00,1136.9474696552857,1136.9474696552857,0
2024-09-03 12:00:00+00:00,1136.9474696552857,1136.9474696552857,0
2024-09-03 16:00:00+00:00,1136.9474696552857,1136.9474696552857,0
2024-09-03 20:00:00+00:00,1136.9474696552857,1136.9474696552857,0
2024-09-04 00:00:00+00:00,1136.9474696552857,1136.9474696552857,0
2024-09-04 04:00:00+00:00,1136.9474696552857,1136.9474696552857,0
2024-09-04 08:00:00+00:00,1136.9474696552857,1136.9474696552857,0
2024-09-04 12:00:00+00:00,1136.9474696552857,1136.9474696552857,0
2024-09-04 16:00:00+00:00,1136.9474696552857,1136.9474696552857,0
2024-09-04 20:00:00+00:00,1136.9474696552857,1136.9474696552857,0
2024-09-05 00:00:00+00:00,1136.9474696552857,1136.9474696552857,0
2024-09-05 04:00:00+00:00,1136.9474696552857,1136.9474696552857,0
2024-09-05 08:00:00+00:00,1136.9474696552857,1136.9474696552857,0
2024-09-05 12:00:00+00:00,1136.9474696552857,1136.9474696552857,0
2024-09-05 16:00:00+00:00,1136.9474696552857,1136.9474696552857,0
2024-09-05 20:00:00+00:00,1136.9474696552857,1136.9474696552857,0
2024-09-06 00:00:00+00:00,1136.9474696552857,1136.9474696552857,0
2024-09-06 04:00:00+00:00,1136.9474696552857,1136.9474696552857,0
2024-09-06 08:00:00+00:00,1136.9474696552857,1136.9474696552857,0
2024-09-06 12:00:00+00:00,1136.9474696552857,1136.9474696552857,0
2024-09-06 16:00:00+00:00,1136.9474696552857,1136.9474696552857,0
2024-09-06 20:00:00+00:00,1136.9474696552857,1136.9474696552857,0
2024-09-07 00:00:00+00:00,1136.9474696552857,1136.9474696552857,0
2024-09-07 04:00:00+00:00,1136.9474696552857,1136.9474696552857,0
2024-09-07 08:00:00+00:00,1136.9474696552857,1136.9474696552857,0
2024-09-07 12:00:00+00:00,1136.9474696552857,1136.9474696552857,0
2024-09-07 16:00:00+00:00,1136.9474696552857,1136.9474696552857,0
2024-09-07 20:00:00+00:00,1136.9474696552857,1136.9474696552857,0
2024-09-08 00:00:00+00:00,1136.9474696552857,1136.9474696552857,0
2024-09-08 04:00:00+00:00,1136.9474696552857,1136.9474696552857,0
2024-09-08 08:00:00+00:00,1136.9474696552857,1136.9474696552857,0
2024-09-08 12:00:00+00:00,1136.9474696552857,1136.9474696552857,0
2024-09-08 16:00:00+00:00,1136.9474696552857,1136.9474696552857,0
2024-09-08 20:00:00+00:00,1136.9474696552857,1136.9474696552857,0
2024-09-09 00:00:00+00:00,1136.9474696552857,1136.9474696552857,0
2024-09-09 04:00:00+00:00,1136.9474696552857,1136.9474696552857,0
2024-09-09 08:00:00+00:00,1136.9474696552857,1136.9474696552857,0
2024-09-09 12:00:00+00:00,1136.9474696552857,1136.9474696552857,0
2024-09-09 16:00:00+00:00,1136.9474696552857,1136.9474696552857,0
2024-09-09 20:00:00+00:00,1136.9474696552857,1136.9474696552857,0
2024-09-10 00:00:00+00:00,1136.9474696552857,1136.9474696552857,0
2024-09-10 04:00:00+00:00,1136.9474696552857,1136.9474696552857,0
2024-09-10 08:00:00+00:00,1136.9474696552857,1136.9474696552857,0
2024-09-10 12:00:00+00:00,1136.9474696552857,1136.9474696552857,0
2024-09-10 16:00:00+00:00,1136.9474696552857,1136.9474696552857,0
2024-09-10 20:00:00+00:00,1136.9474696552857,1136.9474696552857,0
2024-09-11 00:00:00+00:00,1136.9474696552857,1136.9474696552857,0
2024-09-11 04:00:00+00:00,1136.9474696552857,1136.9474696552857,0
2024-09-11 08:00:00+00:00,1136.9474696552857,1136.9474696552857,0
2024-09-11 12:00:00+00:00,1136.9474696552857,1136.9474696552857,0
2024-09-11 16:00:00+00:00,1136.9474696552857,1136.9474696552857,0
2024-09-11 20:00:00+00:00,1136.9474696552857,1136.9474696552857,0
2024-09-12 00:00:00+00:00,1136.9474696552857,1136.9474696552857,0
2024-09-12 04:00:00+00:00,1136.9474696552857,1136.9474696552857,0
2024-09-12 08:00:00+00:00,1136.9474696552857,1136.9474696552857,0
2024-09-12 12:00:00+00:00,1136.9474696552857,1136.9474696552857,0
2024-09-12 16:00:00+00:00,1136.9474696552857,1136.9474696552857,0
2024-09-12 20:00:00+00:00,1136.9474696552857,1136.9474696552857,0
2024-09-13 00:00:00+00:00,1136.9474696552857,1136.9474696552857,0
2024-09-13 04:00:00+00:00,1136.9474696552857,1136.9474696552857,0
2024-09-13 08:00:00+00:00,1136.9474696552857,1136.9474696552857,0
2024-09-13 12:00:00+00:00,1136.9474696552857,1136.9474696552857,0
2024-09-13 16:00:00+00:00,1136.9474696552857,1136.9474696552857,0
2024-09-13 20:00:00+00:00,1136.9474696552857,1136.9474696552857,0
2024-09-14 00:00:00+00:00,1136.9474696552857,1136.9474696552857,0
2024-09-14 04:00:00+00:00,1136.9474696552857,1136.9474696552857,0
2024-09-14 08:00:00+00:00,1136.9474696552857,1136.9474696552857,0
2024-09-14 12:00:00+00:00,1136.9474696552857,1136.9474696552857,0
2024-09-14 16:00:00+00:00,1136.9474696552857,1136.9474696552857,0
2024-09-14 20:00:00+00:00,1136.9474696552857,1136.9474696552857,0
2024-09-15 00:00:00+00:00,1136.9474696552857,1136.9474696552857,0
2024-09-15 04:00:00+00:00,1136.9474696552857,1136.9474696552857,0
2024-09-15 08:00:00+00:00,1136.9474696552857,1136.9474696552857,0
2024-09-15 12:00:00+00:00,1136.9474696552857,1136.9474696552857,0
2024-09-15 16:00:00+00:00,1136.9474696552857,1136.9474696552857,0
2024-09-15 20:00:00+00:00,1136.9474696552857,1136.9474696552857,0
2024-09-16 00:00:00+00:00,1136.9474696552857,1136.9474696552857,0
2024-09-16 04:00:00+00:00,1136.9474696552857,1136.9474696552857,0
2024-09-16 08:00:00+00:00,1136.9474696552857,1136.9474696552857,0
2024-09-16 12:00:00+00:00,1136.9474696552857,1136.9474696552857,0
2024-09-16 16:00:00+00:00,1136.9474696552857,1136.9474696552857,0
2024-09-16 20:00:00+00:00,1136.9474696552857,1136.9474696552857,0
2024-09-17 00:00:00+00:00,1136.9474696552857,1136.9474696552857,0
2024-09-17 04:00:00+00:00,1136.9474696552857,1136.9474696552857,0
2024-09-17 08:00:00+00:00,1136.9474696552857,1136.9474696552857,0
2024-09-17 12:00:00+00:00,1136.9474696552857,1136.9474696552857,0
2024-09-17 16:00:00+00:00,1136.9474696552857,1136.9474696552857,0
2024-09-17 20:00:00+00:00,1136.9474696552857,1136.9474696552857,0
2024-09-18 00:00:00+00:00,1136.9474696552857,1136.9474696552857,0
2024-09-18 04:00:00+00:00,1136.9474696552857,1136.9474696552857,0
2024-09-18 08:00:00+00:00,1136.9474696552857,1136.9474696552857,0
2024-09-18 12:00:00+00:00,1136.9474696552857,1136.9474696552857,0
2024-09-18 16:00:00+00:00,1136.9474696552857,1136.9474696552857,0
2024-09-18 20:00:00+00:00,1136.9474696552857,1136.9474696552857,0
2024-09-19 00:00:00+00:00,1136.9474696552857,1136.9474696552857,0
2024-09-19 04:00:00+00:00,1136.9474696552857,1136.9474696552857,0
2024-09-19 08:00:00+00:00,1136.9474696552857,1136.9474696552857,0
2024-09-19 12:00:00+00:00,1136.9474696552857,1136.9474696552857,0
2024-09-19 16:00:00+00:00,1136.9474696552857,1136.9474696552857,0
2024-09-19 20:00:00+00:00,1136.9474696552857,1136.9474696552857,0
2024-09-20 00:00:00+00:00,1136.9474696552857,1136.9474696552857,0
2024-09-20 04:00:00+00:00,1136.9474696552857,1136.9474696552857,0
2024-09-20 08:00:00+00:00,1136.160951088858,1136.788079359482,2
2024-09-20 12:00:00+00:00,1131.141225561614,1136.788079359482,2
2024-09-20 16:00:00+00:00,1130.0066845936535,1136.788079359482,2
2024-09-20 20:00:00+00:00,1131.9303632638585,1136.788079359482,2
2024-09-21 00:00:00+00:00,1129.7796208018644,1136.788079359482,2
2024-09-21 04:00:00+00:00,1131.0696773413174,1136.788079359482,2
2024-09-21 08:00:00+00:00,1132.008712051185,1136.788079359482,2
2024-09-21 12:00:00+00:00,1132.232435299064,1136.788079359482,2
2024-09-21 16:00:00+00:00,1131.3781350814274,1136.788079359482,2
2024-09-21 20:00:00+00:00,1134.1747732234794,1136.788079359482,2
2024-09-22 00:00:00+00:00,1131.5042073171737,1136.788079359482,2
2024-09-22 04:00:00+00:00,1131.3372319079485,1136.788079359482,2
2024-09-22 08:00:00+00:00,1128.108031410402,1136.788079359482,2
2024-09-22 12:00:00+00:00,1126.557528622791,1131.1392083902706,1
2024-09-22 16:00:00+00:00,1127.3934649691325,1131.1392083902706,1
2024-09-22 20:00:00+00:00,1125.4786801311657,1125.4786801311657,0
2024-09-23 00:00:00+00:00,1125.3439720033434,1125.358938242769,1
2024-09-23 04:00:00+00:00,1123.1642109451386,1125.358938242769,1
2024-09-23 08:00:00+00:00,1121.965342363126,1125.358938242769,1
2024-09-23 12:00:00+00:00,1123.3821870509591,1125.358938242769,1
2024-09-23 16:00:00+00:00,1122.2487113006925,1125.358938242769,1
2024-09-23 20:00:00+00:00,1119.624992966637,1125.2416720779195,2
2024-09-24 00:00:00+00:00,1119.358157831862,1125.2416720779195,2
2024-09-24 04:00:00+00:00,1117.3063340829065,1119.7089188158486,1
2024-09-24 08:00:00+00:00,1117.6795973662438,1119.7089188158486,1
2024-09-24 12:00:00+00:00,1118.263419424797,1119.7089188158486,1
2024-09-24 16:00:00+00:00,1124.4058558763925,1119.609211499008,2
2024-09-24 20:00:00+00:00,1123.36009262043,1119.609211499008,2
2024-09-25 00:00:00+00:00,1124.492642644932,1119.609211499008,2
2024-09-25 04:00:00+00:00,1118.8168049138415,1119.609211499008,2
2024-09-25 08:00:00+00:00,1119.5111933545338,1119.609211499008,2
2024-09-25 12:00:00+00:00,1118.8868426888978,1119.609211499008,2
2024-09-25 16:00:00+00:00,1117.8744723686743,1114.0648005681153,1
2024-09-25 20:00:00+00:00,1117.1033400766937,1114.0648005681153,1
2024-09-26 00:00:00+00:00,1118.6791321516105,1114.0648005681153,1
2024-09-26 04:00:00+00:00,1121.9983537562225,1114.0648005681153,1
2024-09-26 08:00:00+00:00,1122.367156156735,1114.0648005681153,1
2024-09-26 12:00:00+00:00,1124.043530704519,1114.0648005681153,1
2024-09-26 16:00:00+00:00,1122.8030135391589,1114.0648005681153,1
2024-09-26 20:00:00+00:00,1123.9764757226076,1114.0648005681153,1
2024-09-27 00:00:00+00:00,1126.6922024900175,1114.0648005681153,1
2024-09-27 04:00:00+00:00,1126.1557626347267,1114.0648005681153,1
2024-09-27 08:00:00+00:00,1124.3452781231201,1114.0648005681153,1
2024-09-27 12:00:00+00:00,1124.9487729603222,1114.0648005681153,1
2024-09-27 16:00:00+00:00,1123.8088382678293,1114.0648005681153,1
2024-09-27 20:00:00+00:00,1124.1105856864303,1114.0648005681153,1
2024-09-28 00:00:00+00:00,1124.8146629964995,1114.0648005681153,1
2024-09-28 04:00:00+00:00,1122.5012661205578,1114.0648005681153,1
2024-09-28 08:00:00+00:00,1121.2644184135092,1121.2644184135092,0
2024-09-28 12:00:00+00:00,1121.2644184135092,1121.2644184135092,0
2024-09-28 16:00:00+00:00,1120.5733903787134,1121.1918446647446,1
2024-09-28 20:00:00+00:00,1119.1468790633671,1121.1918446647446,1
2024-09-29 00:00:00+00:00,1120.088653523984,1121.1918446647446,1
2024-09-29 04:00:00+00:00,1117.671894062548,1121.1918446647446,1
2024-09-29 08:00:00+00:00,1118.385149720221,1121.1918446647446,1
2024-09-29 12:00:00+00:00,1117.7480669968627,1121.1918446647446,1
2024-09-29 16:00:00+00:00,1119.2992249319964,1121.1918446647446,1
2024-09-29 20:00:00+00:00,1116.5846985455123,1121.1918446647446,1
2024-09-30 00:00:00+00:00,1115.635786715629,1115.635786715629,0
2024-09-30 04:00:00+00:00,1115.635786715629,1115.635786715629,0
2024-09-30 08:00:00+00:00,1115.635786715629,1115.635786715629,0
2024-09-30 12:00:00+00:00,1115.635786715629,1115.635786715629,0
2024-09-30 16:00:00+00:00,1115.635786715629,1115.635786715629,0
2024-09-30 20:00:00+00:00,1115.635786715629,1115.635786715629,0
2024-10-01 00:00:00+00:00,1115.635786715629,1115.635786715629,0
2024-10-01 04:00:00+00:00,1115.635786715629,1115.635786715629,0
2024-10-01 08:00:00+00:00,1115.635786715629,1115.635786715629,0
2024-10-01 12:00:00+00:00,1115.635786715629,1115.635786715629,0
2024-10-01 16:00:00+00:00,1115.635786715629,1115.635786715629,0
2024-10-01 20:00:00+00:00,1115.635786715629,1115.635786715629,0
2024-10-02 00:00:00+00:00,1115.635786715629,1115.635786715629,0
2024-10-02 04:00:00+00:00,1115.635786715629,1115.635786715629,0
2024-10-02 08:00:00+00:00,1115.635786715629,1115.635786715629,0
2024-10-02 12:00:00+00:00,1115.635786715629,1115.635786715629,0
2024-10-02 16:00:00+00:00,1115.635786715629,1115.635786715629,0
2024-10-02 20:00:00+00:00,1115.635786715629,1115.635786715629,0
2024-10-03 00:00:00+00:00,1115.635786715629,1115.635786715629,0
2024-10-03 04:00:00+00:00,1115.635786715629,1115.635786715629,0
2024-10-03 08:00:00+00:00,1115.635786715629,1115.635786715629,0
2024-10-03 12:00:00+00:00,1115.635786715629,1115.635786715629,0
2024-10-03 16:00:00+00:00,1115.635786715629,1115.635786715629,0
2024-10-03 20:00:00+00:00,1115.635786715629,1115.635786715629,0
2024-10-04 00:00:00+00:00,1115.635786715629,1115.635786715629,0
2024-10-04 04:00:00+00:00,1115.635786715629,1115.635786715629,0
2024-10-04 08:00:00+00:00,1115.635786715629,1115.635786715629,0
2024-10-04 12:00:00+00:00,1115.635786715629,1115.635786715629,0
2024-10-04 16:00:00+00:00,1115.635786715629,1115.635786715629,0
2024-10-04 20:00:00+00:00,1115.635786715629,1115.635786715629,0
2024-10-05 00:00:00+00:00,1115.635786715629,1115.635786715629,0
2024-10-05 04:00:00+00:00,1115.635786715629,1115.635786715629,0
2024-10-05 08:00:00+00:00,1115.635786715629,1115.635786715629,0
2024-10-05 12:00:00+00:00,1115.635786715629,1115.635786715629,0
2024-10-05 16:00:00+00:00,1115.635786715629,1115.635786715629,0
2024-10-05 20:00:00+00:00,1115.635786715629,1115.635786715629,0
2024-10-06 00:00:00+00:00,1115.635786715629,1115.635786715629,0
2024-10-06 04:00:00+00:00,1115.635786715629,1115.635786715629,0
2024-10-06 08:00:00+00:00,1115.635786715629,1115.635786715629,0
2024-10-06 12:00:00+00:00,1115.635786715629,1115.635786715629,0
2024-10-06 16:00:00+00:00,1115.635786715629,1115.635786715629,0
2024-10-06 20:00:00+00:00,1115.635786715629,1115.635786715629,0
2024-10-07 00:00:00+00:00,1115.635786715629,1115.635786715629,0
2024-10-07 04:00:00+00:00,1115.635786715629,1115.635786715629,0
2024-10-07 08:00:00+00:00,1115.635786715629,1115.635786715629,0
2024-10-07 12:00:00+00:00,1115.635786715629,1115.635786715629,0
2024-10-07 16:00:00+00:00,1115.635786715629,1115.635786715629,0
2024-10-07 20:00:00+00:00,1115.635786715629,1115.635786715629,0
2024-10-08 00:00:00+00:00,1115.635786715629,1115.635786715629,0
2024-10-08 04:00:00+00:00,1115.635786715629,1115.635786715629,0
2024-10-08 08:00:00+00:00,1115.635786715629,1115.635786715629,0
2024-10-08 12:00:00+00:00,1115.635786715629,1115.635786715629,0
2024-10-08 16:00:00+00:00,1115.635786715629,1115.635786715629,0
2024-10-08 20:00:00+00:00,1115.635786715629,1115.635786715629,0
2024-10-09 00:00:00+00:00,1115.635786715629,1115.635786715629,0
2024-10-09 04:00:00+00:00,1115.635786715629,1115.635786715629,0
2024-10-09 08:00:00+00:00,1115.635786715629,1115.635786715629,0
2024-10-09 12:00:00+00:00,1115.635786715629,1115.635786715629,0
2024-10-09 16:00:00+00:00,1115.635786715629,1115.635786715629,0
2024-10-09 20:00:00+00:00,1115.635786715629,1115.635786715629,0
2024-10-10 00:00:00+00:00,1115.635786715629,1115.635786715629,0
2024-10-10 04:00:00+00:00,1115.635786715629,1115.635786715629,0
2024-10-10 08:00:00+00:00,1115.635786715629,1115.635786715629,0
2024-10-10 12:00:00+00:00,1115.635786715629,1115.635786715629,0
2024-10-10 16:00:00+00:00,1115.635786715629,1115.635786715629,0
2024-10-10 20:00:00+00:00,1115.635786715629,1115.635786715629,0
2024-10-11 00:00:00+00:00,1115.635786715629,1115.635786715629,0
2024-10-11 04:00:00+00:00,1115.635786715629,1115.635786715629,0
2024-10-11 08:00:00+00:00,1115.635786715629,1115.635786715629,0
2024-10-11 12:00:00+00:00,1115.635786715629,1115.635786715629,0
2024-10-11 16:00:00+00:00,1115.635786715629,1115.635786715629,0
2024-10-11 20:00:00+00:00,1115.635786715629,1115.635786715629,0
2024-10-12 00:00:00+00:00,1115.635786715629,1115.635786715629,0
2024-10-12 04:00:00+00:00,1115.635786715629,1115.635786715629,0
2024-10-12 08:00:00+00:00,1115.635786715629,1115.635786715629,0
2024-10-12 12:00:00+00:00,1115.635786715629,1115.635786715629,0
2024-10-12 16:00:00+00:00,1115.635786715629,1115.635786715629,0
2024-10-12 20:00:00+00:00,1115.635786715629,1115.635786715629,0
2024-10-13 00:00:00+00:00,1115.635786715629,1115.635786715629,0
2024-10-13 04:00:00+00:00,1115.635786715629,1115.635786715629,0
2024-10-13 08:00:00+00:00,1115.635786715629,1115.635786715629,0
2024-10-13 12:00:00+00:00,1115.635786715629,1115.635786715629,0
2024-10-13 16:00:00+00:00,1115.635786715629,1115.635786715629,0
2024-10-13 20:00:00+00:00,1115.635786715629,1115.635786715629,0
2024-10-14 00:00:00+00:00,1115.635786715629,1115.635786715629,0
2024-10-14 04:00:00+00:00,1115.635786715629,1115.635786715629,0
2024-10-14 08:00:00+00:00,1115.635786715629,1115.635786715629,0
2024-10-14 12:00:00+00:00,1115.635786715629,1115.635786715629,0
2024-10-14 16:00:00+00:00,1115.635786715629,1115.635786715629,0
2024-10-14 20:00:00+00:00,1115.635786715629,1115.635786715629,0
2024-10-15 00:00:00+00:00,1115.635786715629,1115.635786715629,0
2024-10-15 04:00:00+00:00,1115.635786715629,1115.635786715629,0
2024-10-15 08:00:00+00:00,1115.635786715629,1115.635786715629,0
2024-10-15 12:00:00+00:00,1115.635786715629,1115.635786715629,0
2024-10-15 16:00:00+00:00,1115.635786715629,1115.635786715629,0
2024-10-15 20:00:00+00:00,1115.635786715629,1115.635786715629,0
2024-10-16 00:00:00+00:00,1115.635786715629,1115.635786715629,0
2024-10-16 04:00:00+00:00,1115.635786715629,1115.635786715629,0
2024-10-16 08:00:00+00:00,1115.635786715629,1115.635786715629,0
2024-10-16 12:00:00+00:00,1115.635786715629,1115.635786715629,0
2024-10-16 16:00:00+00:00,1115.635786715629,1115.635786715629,0
2024-10-16 20:00:00+00:00,1115.635786715629,1115.635786715629,0
2024-10-17 00:00:00+00:00,1115.635786715629,1115.635786715629,0
2024-10-17 04:00:00+00:00,1115.635786715629,1115.635786715629,0
2024-10-17 08:00:00+00:00,1115.635786715629,1115.635786715629,0
2024-10-17 12:00:00+00:00,1115.635786715629,1115.635786715629,0
2024-10-17 16:00:00+00:00,1115.635786715629,1115.635786715629,0
2024-10-17 20:00:00+00:00,1115.635786715629,1115.635786715629,0
2024-10-18 00:00:00+00:00,1115.635786715629,1115.635786715629,0
2024-10-18 04:00:00+00:00,1116.9286143701559,1115.5635772795956,1
2024-10-18 08:00:00+00:00,1116.051119095838,1115.5635772795956,1
2024-10-18 12:00:00+00:00,1118.9080804540827,1115.5635772795956,1
2024-10-18 16:00:00+00:00,1118.173433247677,1115.5635772795956,1
2024-10-18 20:00:00+00:00,1118.6087797403618,1115.5635772795956,1
2024-10-19 00:00:00+00:00,1123.3771842930512,1115.5635772795956,1
2024-10-19 04:00:00+00:00,1123.2411385140872,1115.5635772795956,1
2024-10-19 08:00:00+00:00,1122.0167265034108,1115.5635772795956,1
2024-10-19 12:00:00+00:00,1123.1527087577606,1115.5635772795956,1
2024-10-19 16:00:00+00:00,1120.5542343795473,1115.5635772795956,1
2024-10-19 20:00:00+00:00,1123.2683476698799,1115.5635772795956,1
2024-10-20 00:00:00+00:00,1121.4385319428136,1115.5635772795956,1
2024-10-20 04:00:00+00:00,1122.424863840303,1115.5635772795956,1
2024-10-20 08:00:00+00:00,1122.363643239769,1115.5635772795956,1
2024-10-20 12:00:00+00:00,1119.397845258353,1115.5635772795956,1
2024-10-20 16:00:00+00:00,1119.9984726026214,1115.390834499803,2
2024-10-20 20:00:00+00:00,1125.061186895236,1115.390834499803,2
2024-10-21 00:00:00+00:00,1126.350814193053,1115.390834499803,2
2024-10-21 04:00:00+00:00,1125.883855007089,1115.390834499803,2
2024-10-21 08:00:00+00:00,1123.2782002576212,1115.390834499803,2
2024-10-21 12:00:00+00:00,1117.4775357353012,1119.5339437335203,1
2024-10-21 16:00:00+00:00,1117.467162156859,1119.5339437335203,1
2024-10-21 20:00:00+00:00,1116.3938957718788,1119.5339437335203,1
2024-10-22 00:00:00+00:00,1114.0430647868138,1114.0430647868138,0
2024-10-22 04:00:00+00:00,1114.0430647868138,1114.0430647868138,0
2024-10-22 08:00:00+00:00,1114.0430647868138,1114.0430647868138,0
2024-10-22 12:00:00+00:00,1114.0430647868138,1114.0430647868138,0
2024-10-22 16:00:00+00:00,1114.0430647868138,1114.0430647868138,0
2024-10-22 20:00:00+00:00,1114.0430647868138,1114.0430647868138,0
2024-10-23 00:00:00+00:00,1114.0430647868138,1114.0430647868138,0
2024-10-23 04:00:00+00:00,1114.0430647868138,1114.0430647868138,0
2024-10-23 08:00:00+00:00,1114.0430647868138,1114.0430647868138,0
2024-10-23 12:00:00+00:00,1114.0430647868138,1114.0430647868138,0
2024-10-23 16:00:00+00:00,1114.0430647868138,1114.0430647868138,0
2024-10-23 20:00:00+00:00,1114.0430647868138,1114.0430647868138,0
2024-10-24 00:00:00+00:00,1114.0430647868138,1114.0430647868138,0
2024-10-24 04:00:00+00:00,1114.0430647868138,1114.0430647868138,0
2024-10-24 08:00:00+00:00,1114.0430647868138,1114.0430647868138,0
2024-10-24 12:00:00+00:00,1114.0430647868138,1114.0430647868138,0
2024-10-24 16:00:00+00:00,1114.0430647868138,1114.0430647868138,0
2024-10-24 20:00:00+00:00,1114.0430647868138,1114.0430647868138,0
2024-10-25 00:00:00+00:00,1114.0430647868138,1114.0430647868138,0
2024-10-25 04:00:00+00:00,1114.0430647868138,1114.0430647868138,0
2024-10-25 08:00:00+00:00,1114.0430647868138,1114.0430647868138,0
2024-10-25 12:00:00+00:00,1114.0430647868138,1114.0430647868138,0
2024-10-25 16:00:00+00:00,1114.0430647868138,1114.0430647868138,0
2024-10-25 20:00:00+00:00,1114.0430647868138,1114.0430647868138,0
2024-10-26 00:00:00+00:00,1110.7817160472086,1113.884430822896,2
2024-10-26 04:00:00+00:00,1109.9436281696703,1113.884430822896,2
2024-10-26 08:00:00+00:00,1109.567281492653,1113.884430822896,2
2024-10-26 12:00:00+00:00,1113.2934862728064,1113.884430822896,2
2024-10-26 16:00:00+00:00,1110.0195913033542,1113.884430822896,2
2024-10-26 20:00:00+00:00,1109.6489772401862,1113.884430822896,2
2024-10-27 00:00:00+00:00,1108.820606983148,1113.884430822896,2
2024-10-27 04:00:00+00:00,1109.4492086701366,1113.884430822896,2
2024-10-27 08:00:00+00:00,1109.749965113379,1113.884430822896,2
2024-10-27 12:00:00+00:00,1106.2453144359501,1113.884430822896,2
2024-10-27 16:00:00+00:00,1106.8304881729282,1113.884430822896,2
2024-10-27 20:00:00+00:00,1106.3593306941461,1113.884430822896,2
2024-10-28 00:00:00+00:00,1110.5511750122428,1113.884430822896,2
2024-10-28 04:00:00+00:00,1107.3904224973867,1113.884430822896,2
2024-10-28 08:00:00+00:00,1104.6411319194654,1113.884430822896,2
2024-10-28 12:00:00+00:00,1108.9383784634258,1113.884430822896,2
2024-10-28 16:00:00+00:00,1105.3004194021423,1113.884430822896,2
2024-10-28 20:00:00+00:00,1101.639061747966,1101.639061747966,0
2024-10-29 00:00:00+00:00,1101.639061747966,1101.639061747966,0
2024-10-29 04:00:00+00:00,1101.639061747966,1101.639061747966,0
2024-10-29 08:00:00+00:00,1101.639061747966,1101.639061747966,0
2024-10-29 12:00:00+00:00,1101.639061747966,1101.639061747966,0
2024-10-29 16:00:00+00:00,1101.639061747966,1101.639061747966,0
2024-10-29 20:00:00+00:00,1101.639061747966,1101.639061747966,0
2024-10-30 00:00:00+00:00,1101.639061747966,1101.639061747966,0
2024-10-30 04:00:00+00:00,1101.639061747966,1101.639061747966,0
2024-10-30 08:00:00+00:00,1101.639061747966,1101.639061747966,0
2024-10-30 12:00:00+00:00,1101.639061747966,1101.639061747966,0
2024-10-30 16:00:00+00:00,1101.639061747966,1101.639061747966,0
2024-10-30 20:00:00+00:00,1101.639061747966,1101.639061747966,0
2024-10-31 00:00:00+00:00,1101.639061747966,1101.639061747966,0
2024-10-31 04:00:00+00:00,1101.639061747966,1101.639061747966,0
2024-10-31 08:00:00+00:00,1101.639061747966,1101.639061747966,0
2024-10-31 12:00:00+00:00,1101.639061747966,1101.639061747966,0
2024-10-31 16:00:00+00:00,1101.639061747966,1101.639061747966,0
2024-10-31 20:00:00+00:00,1101.639061747966,1101.639061747966,0
2024-11-01 00:00:00+00:00,1101.639061747966,1101.639061747966,0
2024-11-01 04:00:00+00:00,1101.639061747966,1101.639061747966,0
2024-11-01 08:00:00+00:00,1101.639061747966,1101.639061747966,0
2024-11-01 12:00:00+00:00,1101.639061747966,1101.639061747966,0
2024-11-01 16:00:00+00:00,1101.639061747966,1101.639061747966,0
2024-11-01 20:00:00+00:00,1101.639061747966,1101.639061747966,0
2024-11-02 00:00:00+00:00,1101.639061747966,1101.639061747966,0
2024-11-02 04:00:00+00:00,1101.639061747966,1101.639061747966,0
2024-11-02 08:00:00+00:00,1101.639061747966,1101.639061747966,0
2024-11-02 12:00:00+00:00,1101.639061747966,1101.639061747966,0
2024-11-02 16:00:00+00:00,1101.8538478346645,1101.5426967512224,1
2024-11-02 20:00:00+00:00,1102.1621289206416,1101.5426967512224,1
2024-11-03 00:00:00+00:00,1104.8073795293487,1101.5426967512224,1
2024-11-03 04:00:00+00:00,1104.6781003642616,1101.5426967512224,1
2024-11-03 08:00:00+00:00,1106.5874541870878,1101.5426967512224,1
2024-11-03 12:00:00+00:00,1107.4973806182784,1101.5426967512224,1
2024-11-03 16:00:00+00:00,1106.2095612429869,1101.5426967512224,1
2024-11-03 20:00:00+00:00,1105.0659378595233,1101.5426967512224,1
2024-11-04 00:00:00+00:00,1104.2107064597155,1101.5426967512224,1
2024-11-04 04:00:00+00:00,1105.334440740858,1101.5426967512224,1
2024-11-04 08:00:00+00:00,1104.7129062933236,1101.5426967512224,1
2024-11-04 12:00:00+00:00,1106.5973987382483,1101.5426967512224,1
2024-11-04 16:00:00+00:00,1108.168637821616,1101.5426967512224,1
2024-11-04 20:00:00+00:00,1109.0437583237444,1101.5426967512224,1
2024-11-05 00:00:00+00:00,1108.42222387621,1101.5426967512224,1
2024-11-05 04:00:00+00:00,1106.7565115568173,1101.5426967512224,1
2024-11-05 08:00:00+00:00,1106.2045889674066,1101.5426967512224,1
2024-11-05 12:00:00+00:00,1103.6617566998182,1103.6617566998182,0
2024-11-05 16:00:00+00:00,1103.6617566998182,1103.6617566998182,0
2024-11-05 20:00:00+00:00,1103.6617566998182,1103.6617566998182,0
2024-11-06 00:00:00+00:00,1103.6617566998182,1103.6617566998182,0
2024-11-06 04:00:00+00:00,1103.6617566998182,1103.6617566998182,0
2024-11-06 08:00:00+00:00,1103.6617566998182,1103.6617566998182,0
2024-11-06 12:00:00+00:00,1103.6617566998182,1103.6617566998182,0
2024-11-06 16:00:00+00:00,1103.6617566998182,1103.6617566998182,0
2024-11-06 20:00:00+00:00,1103.6617566998182,1103.6617566998182,0
2024-11-07 00:00:00+00:00,1103.6617566998182,1103.6617566998182,0
2024-11-07 04:00:00+00:00,1103.6617566998182,1103.6617566998182,0
2024-11-07 08:00:00+00:00,1103.6617566998182,1103.6617566998182,0
2024-11-07 12:00:00+00:00,1103.6617566998182,1103.6617566998182,0
2024-11-07 16:00:00+00:00,1103.6617566998182,1103.6617566998182,0
2024-11-07 20:00:00+00:00,1103.3140762258724,1103.5903222819088,1
2024-11-08 00:00:00+00:00,1104.1114983582183,1103.5903222819088,1
2024-11-08 04:00:00+00:00,1106.351543126154,1103.51879218536,2
2024-11-08 08:00:00+00:00,1109.0167320001012,1103.51879218536,2
2024-11-08 12:00:00+00:00,1111.2211847906945,1103.51879218536,2
2024-11-08 16:00:00+00:00,1109.2343652122684,1103.51879218536,2
2024-11-08 20:00:00+00:00,1109.6047503483862,1103.51879218536,2
2024-11-09 00:00:00+00:00,1106.0410552867486,1103.51879218536,2
2024-11-09 04:00:00+00:00,1107.7692865675763,1103.51879218536,2
2024-11-09 08:00:00+00:00,1109.9826465245098,1103.51879218536,2
2024-11-09 12:00:00+00:00,1107.454600186701,1103.51879218536,2
2024-11-09 16:00:00+00:00,1107.5504116778748,1103.51879218536,2
2024-11-09 20:00:00+00:00,1120.6701306382201,1103.51879218536,2
2024-11-10 00:00:00+00:00,1128.991449015146,1103.51879218536,2
2024-11-10 04:00:00+00:00,1143.5761153217659,1131.0578012180233,2
2024-11-10 08:00:00+00:00,1144.931830951299,1131.0578012180233,2
2024-11-10 12:00:00+00:00,1149.53093212096,1131.0578012180233,2
2024-11-10 16:00:00+00:00,1150.579088951739,1145.359465425187,1
2024-11-10 20:00:00+00:00,1151.3447954310939,1145.359465425187,1
2024-11-11 00:00:00+00:00,1151.2677717024014,1145.359465425187,1
2024-11-11 04:00:00+00:00,1150.3434869580913,1145.359465425187,1
2024-11-11 08:00:00+00:00,1154.7564935314147,1145.359465425187,1
2024-11-11 12:00:00+00:00,1155.3726833609546,1145.359465425187,1
2024-11-11 16:00:00+00:00,1154.8199248373967,1145.359465425187,1
2024-11-11 20:00:00+00:00,1156.799887745551,1145.359465425187,1
2024-11-12 00:00:00+00:00,1156.1474514554498,1145.359465425187,1
2024-11-12 04:00:00+00:00,1156.6594327108764,1145.359465425187,1
2024-11-12 08:00:00+00:00,1151.8930231470817,1145.359465425187,1
2024-11-12 12:00:00+00:00,1150.2723990436093,1150.2723990436093,0
2024-11-12 16:00:00+00:00,1150.2723990436093,1150.2723990436093,0
2024-11-12 20:00:00+00:00,1150.2723990436093,1150.2723990436093,0
2024-11-13 00:00:00+00:00,1150.2723990436093,1150.2723990436093,0
2024-11-13 04:00:00+00:00,1150.2723990436093,1150.2723990436093,0
2024-11-13 08:00:00+00:00,1150.2723990436093,1150.2723990436093,0
2024-11-13 12:00:00+00:00,1150.2723990436093,1150.2723990436093,0
2024-11-13 16:00:00+00:00,1150.2723990436093,1150.2723990436093,0
2024-11-13 20:00:00+00:00,1150.2723990436093,1150.2723990436093,0
2024-11-14 00:00:00+00:00,1150.2723990436093,1150.2723990436093,0
2024-11-14 04:00:00+00:00,1150.2723990436093,1150.2723990436093,0
2024-11-14 08:00:00+00:00,1150.2723990436093,1150.2723990436093,0
2024-11-14 12:00:00+00:00,1150.2723990436093,1150.2723990436093,0
2024-11-14 16:00:00+00:00,1150.2723990436093,1150.2723990436093,0
2024-11-14 20:00:00+00:00,1150.2723990436093,1150.2723990436093,0
2024-11-15 00:00:00+00:00,1150.2723990436093,1150.2723990436093,0
2024-11-15 04:00:00+00:00,1150.2723990436093,1150.2723990436093,0
2024-11-15 08:00:00+00:00,1150.2723990436093,1150.2723990436093,0
2024-11-15 12:00:00+00:00,1150.2723990436093,1150.2723990436093,0
2024-11-15 16:00:00+00:00,1150.2723990436093,1150.2723990436093,0
2024-11-15 20:00:00+00:00,1150.2723990436093,1150.2723990436093,0
2024-11-16 00:00:00+00:00,1150.2723990436093,1150.2723990436093,0
2024-11-16 04:00:00+00:00,1150.2723990436093,1150.2723990436093,0
2024-11-16 08:00:00+00:00,1150.2723990436093,1150.2723990436093,0
2024-11-16 12:00:00+00:00,1150.2723990436093,1150.2723990436093,0
2024-11-16 16:00:00+00:00,1150.2723990436093,1150.2723990436093,0
2024-11-16 20:00:00+00:00,1150.2723990436093,1150.2723990436093,0
2024-11-17 00:00:00+00:00,1150.2723990436093,1150.2723990436093,0
2024-11-17 04:00:00+00:00,1150.2723990436093,1150.2723990436093,0
2024-11-17 08:00:00+00:00,1150.2723990436093,1150.2723990436093,0
2024-11-17 12:00:00+00:00,1150.2723990436093,1150.2723990436093,0
2024-11-17 16:00:00+00:00,1150.2723990436093,1150.2723990436093,0
2024-11-17 20:00:00+00:00,1150.2723990436093,1150.2723990436093,0
2024-11-18 00:00:00+00:00,1150.2723990436093,1150.2723990436093,0
2024-11-18 04:00:00+00:00,1150.2723990436093,1150.2723990436093,0
2024-11-18 08:00:00+00:00,1150.2723990436093,1150.2723990436093,0
2024-11-18 12:00:00+00:00,1150.2723990436093,1150.2723990436093,0
2024-11-18 16:00:00+00:00,1150.2723990436093,1150.2723990436093,0
2024-11-18 20:00:00+00:00,1150.2723990436093,1150.2723990436093,0
2024-11-19 00:00:00+00:00,1150.2723990436093,1150.2723990436093,0
2024-11-19 04:00:00+00:00,1150.2723990436093,1150.2723990436093,0
2024-11-19 08:00:00+00:00,1150.2723990436093,1150.2723990436093,0
2024-11-19 12:00:00+00:00,1150.2723990436093,1150.2723990436093,0
2024-11-19 16:00:00+00:00,1150.2723990436093,1150.2723990436093,0
2024-11-19 20:00:00+00:00,1150.2723990436093,1150.2723990436093,0
2024-11-20 00:00:00+00:00,1150.2723990436093,1150.2723990436093,0
2024-11-20 04:00:00+00:00,1150.2723990436093,1150.2723990436093,0
2024-11-20 08:00:00+00:00,1154.5373280466144,1150.1979477556454,1
2024-11-20 12:00:00+00:00,1155.6097681691047,1150.1979477556454,1
2024-11-20 16:00:00+00:00,1151.2846525102705,1150.1979477556454,1
2024-11-20 20:00:00+00:00,1151.4496432983458,1150.1979477556454,1
2024-11-21 00:00:00+00:00,1148.6094447321902,1150.1979477556454,1
2024-11-21 04:00:00+00:00,1149.6583147420984,1150.1979477556454,1
2024-11-21 08:00:00+00:00,1149.7997354175916,1150.1979477556454,1
2024-11-21 12:00:00+00:00,1148.9983515897966,1150.1979477556454,1
2024-11-21 16:00:00+00:00,1151.0489513844484,1150.1979477556454,1
2024-11-21 20:00:00+00:00,1154.0777108512614,1150.1979477556454,1
2024-11-22 00:00:00+00:00,1159.84060337761,1150.1979477556454,1
2024-11-22 04:00:00+00:00,1158.0610598776536,1150.1979477556454,1
2024-11-22 08:00:00+00:00,1164.8728224139104,1150.1979477556454,1
2024-11-22 12:00:00+00:00,1166.345954450298,1150.1979477556454,1
2024-11-22 16:00:00+00:00,1171.2367528111051,1150.1979477556454,1
2024-11-22 20:00:00+00:00,1178.9287523480245,1178.9287523480245,0
2024-11-23 00:00:00+00:00,1178.9287523480245,1178.9287523480245,0
2024-11-23 04:00:00+00:00,1175.2431616045594,1178.7761402117983,2
2024-11-23 08:00:00+00:00,1173.8718463715027,1178.7761402117983,2
2024-11-23 12:00:00+00:00,1176.390403066676,1178.7761402117983,2
2024-11-23 16:00:00+00:00,1167.1497804892804,1167.1497804892804,0
2024-11-23 20:00:00+00:00,1167.1497804892804,1167.1497804892804,0
2024-11-24 00:00:00+00:00,1167.1497804892804,1167.1497804892804,0
2024-11-24 04:00:00+00:00,1167.1497804892804,1167.1497804892804,0
2024-11-24 08:00:00+00:00,1167.1497804892804,1167.1497804892804,0
2024-11-24 12:00:00+00:00,1167.1497804892804,1167.1497804892804,0
2024-11-24 16:00:00+00:00,1167.1497804892804,1167.1497804892804,0
2024-11-24 20:00:00+00:00,1167.1497804892804,1167.1497804892804,0
2024-11-25 00:00:00+00:00,1167.1497804892804,1167.1497804892804,0
2024-11-25 04:00:00+00:00,1167.1497804892804,1167.1497804892804,0
2024-11-25 08:00:00+00:00,1167.1497804892804,1167.1497804892804,0
2024-11-25 12:00:00+00:00,1167.1497804892804,1167.1497804892804,0
2024-11-25 16:00:00+00:00,1167.1497804892804,1167.1497804892804,0
2024-11-25 20:00:00+00:00,1167.1497804892804,1167.1497804892804,0
2024-11-26 00:00:00+00:00,1167.1497804892804,1167.1497804892804,0
2024-11-26 04:00:00+00:00,1167.1497804892804,1167.1497804892804,0
2024-11-26 08:00:00+00:00,1167.1497804892804,1167.1497804892804,0
2024-11-26 12:00:00+00:00,1167.1497804892804,1167.1497804892804,0
2024-11-26 16:00:00+00:00,1167.1497804892804,1167.1497804892804,0
2024-11-26 20:00:00+00:00,1167.1497804892804,1167.1497804892804,0
2024-11-27 00:00:00+00:00,1167.1497804892804,1167.1497804892804,0
2024-11-27 04:00:00+00:00,1167.1497804892804,1167.1497804892804,0
2024-11-27 08:00:00+00:00,1167.1497804892804,1167.1497804892804,0
2024-11-27 12:00:00+00:00,1167.1497804892804,1167.1497804892804,0
2024-11-27 16:00:00+00:00,1167.1497804892804,1167.1497804892804,0
2024-11-27 20:00:00+00:00,1167.1497804892804,1167.1497804892804,0
2024-11-28 00:00:00+00:00,1167.1497804892804,1167.1497804892804,0
2024-11-28 04:00:00+00:00,1167.1497804892804,1167.1497804892804,0
2024-11-28 08:00:00+00:00,1167.1497804892804,1167.1497804892804,0
2024-11-28 12:00:00+00:00,1167.1497804892804,1167.1497804892804,0
2024-11-28 16:00:00+00:00,1167.1497804892804,1167.1497804892804,0
2024-11-28 20:00:00+00:00,1167.1497804892804,1167.1497804892804,0
2024-11-29 00:00:00+00:00,1167.1497804892804,1167.1497804892804,0
2024-11-29 04:00:00+00:00,1167.1497804892804,1167.1497804892804,0
2024-11-29 08:00:00+00:00,1167.1497804892804,1167.1497804892804,0
2024-11-29 12:00:00+00:00,1167.1497804892804,1167.1497804892804,0
2024-11-29 16:00:00+00:00,1167.1497804892804,1167.1497804892804,0
2024-11-29 20:00:00+00:00,1167.1497804892804,1167.1497804892804,0
2024-11-30 00:00:00+00:00,1167.1497804892804,1167.1497804892804,0
2024-11-30 04:00:00+00:00,1167.1497804892804,1167.1497804892804,0
2024-11-30 08:00:00+00:00,1166.270477500832,1167.0742368141678,1
2024-11-30 12:00:00+00:00,1165.2936152335442,1167.0742368141678,1
2024-11-30 16:00:00+00:00,1166.4086196396404,1167.0742368141678,1
2024-11-30 20:00:00+00:00,1168.9987847422976,1167.0742368141678,1
2024-12-01 00:00:00+00:00,1165.9793922797714,1167.0742368141678,1
2024-12-01 04:00:00+00:00,1165.081468377517,1167.0742368141678,1
2024-12-01 08:00:00+00:00,1167.0351929120927,1167.0742368141678,1
2024-12-01 12:00:00+00:00,1166.482624356859,1167.0742368141678,1
2024-12-01 16:00:00+00:00,1178.4026946258316,1166.9980210215813,2
2024-12-01 20:00:00+00:00,1195.291059055198,1166.9980210215813,2
2024-12-02 00:00:00+00:00,1200.6310939680122,1166.9980210215813,2
2024-12-02 04:00:00+00:00,1203.7850899921577,1177.7300706028918,1
2024-12-02 08:00:00+00:00,1198.7187315299745,1198.7187315299745,0
2024-12-02 12:00:00+00:00,1198.7187315299745,1198.7187315299745,0
2024-12-02 16:00:00+00:00,1198.7187315299745,1198.7187315299745,0
2024-12-02 20:00:00+00:00,1198.7187315299745,1198.7187315299745,0
2024-12-03 00:00:00+00:00,1198.7187315299745,1198.7187315299745,0
2024-12-03 04:00:00+00:00,1198.7187315299745,1198.7187315299745,0
2024-12-03 08:00:00+00:00,1198.7187315299745,1198.7187315299745,0
2024-12-03 12:00:00+00:00,1198.7187315299745,1198.7187315299745,0
2024-12-03 16:00:00+00:00,1198.7187315299745,1198.7187315299745,0
2024-12-03 20:00:00+00:00,1198.7187315299745,1198.7187315299745,0
2024-12-04 00:00:00+00:00,1198.7187315299745,1198.7187315299745,0
2024-12-04 04:00:00+00:00,1200.0796460053396,1198.64114455706,1
2024-12-04 08:00:00+00:00,1202.3226822350623,1198.64114455706,1
2024-12-04 12:00:00+00:00,1199.0160043986991,1198.64114455706,1
2024-12-04 16:00:00+00:00,1196.8437061234686,1198.64114455706,1
2024-12-04 20:00:00+00:00,1196.8912934746727,1198.64114455706,1
2024-12-05 00:00:00+00:00,1192.7206839145576,1192.7206839145576,0
2024-12-05 04:00:00+00:00,1192.7206839145576,1192.7206839145576,0
2024-12-05 08:00:00+00:00,1192.7206839145576,1192.7206839145576,0
2024-12-05 12:00:00+00:00,1192.7206839145576,1192.7206839145576,0
2024-12-05 16:00:00+00:00,1192.7206839145576,1192.7206839145576,0
2024-12-05 20:00:00+00:00,1192.7206839145576,1192.7206839145576,0
2024-12-06 00:00:00+00:00,1192.7206839145576,1192.7206839145576,0
2024-12-06 04:00:00+00:00,1192.7206839145576,1192.7206839145576,0
2024-12-06 08:00:00+00:00,1192.7206839145576,1192.7206839145576,0
2024-12-06 12:00:00+00:00,1192.7206839145576,1192.7206839145576,0
2024-12-06 16:00:00+00:00,1192.7206839145576,1192.7206839145576,0
2024-12-06 20:00:00+00:00,1192.7206839145576,1192.7206839145576,0
2024-12-07 00:00:00+00:00,1192.7206839145576,1192.7206839145576,0
2024-12-07 04:00:00+00:00,1192.7206839145576,1192.7206839145576,0
2024-12-07 08:00:00+00:00,1192.7206839145576,1192.7206839145576,0
2024-12-07 12:00:00+00:00,1192.7206839145576,1192.7206839145576,0
2024-12-07 16:00:00+00:00,1192.7206839145576,1192.7206839145576,0
2024-12-07 20:00:00+00:00,1192.7206839145576,1192.7206839145576,0
2024-12-08 00:00:00+00:00,1192.7206839145576,1192.7206839145576,0
2024-12-08 04:00:00+00:00,1192.7206839145576,1192.7206839145576,0
2024-12-08 08:00:00+00:00,1192.7206839145576,1192.7206839145576,0
2024-12-08 12:00:00+00:00,1192.7206839145576,1192.7206839145576,0
2024-12-08 16:00:00+00:00,1192.7206839145576,1192.7206839145576,0
2024-12-08 20:00:00+00:00,1192.7206839145576,1192.7206839145576,0
2024-12-09 00:00:00+00:00,1192.7206839145576,1192.7206839145576,0
2024-12-09 04:00:00+00:00,1192.7206839145576,1192.7206839145576,0
2024-12-09 08:00:00+00:00,1192.7206839145576,1192.7206839145576,0
2024-12-09 12:00:00+00:00,1192.7206839145576,1192.7206839145576,0
2024-12-09 16:00:00+00:00,1192.7206839145576,1192.7206839145576,0
2024-12-09 20:00:00+00:00,1192.7206839145576,1192.7206839145576,0
2024-12-10 00:00:00+00:00,1192.7206839145576,1192.7206839145576,0
2024-12-10 04:00:00+00:00,1192.7206839145576,1192.7206839145576,0
2024-12-10 08:00:00+00:00,1192.7206839145576,1192.7206839145576,0
2024-12-10 12:00:00+00:00,1192.7206839145576,1192.7206839145576,0
2024-12-10 16:00:00+00:00,1192.7206839145576,1192.7206839145576,0
2024-12-10 20:00:00+00:00,1192.7206839145576,1192.7206839145576,0
2024-12-11 00:00:00+00:00,1192.7206839145576,1192.7206839145576,0
2024-12-11 04:00:00+00:00,1192.7206839145576,1192.7206839145576,0
2024-12-11 08:00:00+00:00,1192.7206839145576,1192.7206839145576,0
2024-12-11 12:00:00+00:00,1192.7206839145576,1192.7206839145576,0
2024-12-11 16:00:00+00:00,1192.7206839145576,1192.7206839145576,0
2024-12-11 20:00:00+00:00,1192.7206839145576,1192.7206839145576,0
2024-12-12 00:00:00+00:00,1192.7206839145576,1192.7206839145576,0
2024-12-12 04:00:00+00:00,1192.7206839145576,1192.7206839145576,0
2024-12-12 08:00:00+00:00,1192.7206839145576,1192.7206839145576,0
2024-12-12 12:00:00+00:00,1192.7206839145576,1192.7206839145576,0
2024-12-12 16:00:00+00:00,1192.7206839145576,1192.7206839145576,0
2024-12-12 20:00:00+00:00,1192.7206839145576,1192.7206839145576,0
2024-12-13 00:00:00+00:00,1192.7206839145576,1192.7206839145576,0
2024-12-13 04:00:00+00:00,1188.6510585698836,1192.6434851647898,1
2024-12-13 08:00:00+00:00,1186.7719485109978,1186.7719485109978,0
2024-12-13 12:00:00+00:00,1186.7719485109978,1186.7719485109978,0
2024-12-13 16:00:00+00:00,1186.7719485109978,1186.7719485109978,0
2024-12-13 20:00:00+00:00,1186.7719485109978,1186.7719485109978,0
2024-12-14 00:00:00+00:00,1186.7719485109978,1186.7719485109978,0
2024-12-14 04:00:00+00:00,1186.7719485109978,1186.7719485109978,0
2024-12-14 08:00:00+00:00,1186.7719485109978,1186.7719485109978,0
2024-12-14 12:00:00+00:00,1186.7719485109978,1186.7719485109978,0
2024-12-14 16:00:00+00:00,1186.7719485109978,1186.7719485109978,0
2024-12-14 20:00:00+00:00,1186.7719485109978,1186.7719485109978,0
2024-12-15 00:00:00+00:00,1186.7719485109978,1186.7719485109978,0
2024-12-15 04:00:00+00:00,1186.7719485109978,1186.7719485109978,0
2024-12-15 08:00:00+00:00,1186.7719485109978,1186.7719485109978,0
2024-12-15 12:00:00+00:00,1186.7719485109978,1186.7719485109978,0
2024-12-15 16:00:00+00:00,1186.7719485109978,1186.7719485109978,0
2024-12-15 20:00:00+00:00,1186.7719485109978,1186.7719485109978,0
2024-12-16 00:00:00+00:00,1186.7719485109978,1186.7719485109978,0
2024-12-16 04:00:00+00:00,1186.7719485109978,1186.7719485109978,0
2024-12-16 08:00:00+00:00,1186.7719485109978,1186.7719485109978,0
2024-12-16 12:00:00+00:00,1186.7719485109978,1186.7719485109978,0
2024-12-16 16:00:00+00:00,1186.7719485109978,1186.7719485109978,0
2024-12-16 20:00:00+00:00,1186.7719485109978,1186.7719485109978,0
2024-12-17 00:00:00+00:00,1186.7719485109978,1186.7719485109978,0
2024-12-17 04:00:00+00:00,1186.7719485109978,1186.7719485109978,0
2024-12-17 08:00:00+00:00,1186.7719485109978,1186.7719485109978,0
2024-12-17 12:00:00+00:00,1186.7719485109978,1186.7719485109978,0
2024-12-17 16:00:00+00:00,1186.7719485109978,1186.7719485109978,0
2024-12-17 20:00:00+00:00,1186.7719485109978,1186.7719485109978,0
2024-12-18 00:00:00+00:00,1186.7719485109978,1186.7719485109978,0
2024-12-18 04:00:00+00:00,1186.7719485109978,1186.7719485109978,0
2024-12-18 08:00:00+00:00,1186.7719485109978,1186.7719485109978,0
2024-12-18 12:00:00+00:00,1186.7719485109978,1186.7719485109978,0
2024-12-18 16:00:00+00:00,1186.7719485109978,1186.7719485109978,0
2024-12-18 20:00:00+00:00,1186.7719485109978,1186.7719485109978,0
2024-12-19 00:00:00+00:00,1186.7719485109978,1186.7719485109978,0
2024-12-19 04:00:00+00:00,1186.7719485109978,1186.7719485109978,0
2024-12-19 08:00:00+00:00,1186.7719485109978,1186.7719485109978,0
2024-12-19 12:00:00+00:00,1186.7719485109978,1186.7719485109978,0
2024-12-19 16:00:00+00:00,1186.7719485109978,1186.7719485109978,0
2024-12-19 20:00:00+00:00,1186.7719485109978,1186.7719485109978,0
2024-12-20 00:00:00+00:00,1186.7719485109978,1186.7719485109978,0
2024-12-20 04:00:00+00:00,1186.7719485109978,1186.7719485109978,0
2024-12-20 08:00:00+00:00,1186.7719485109978,1186.7719485109978,0
2024-12-20 12:00:00+00:00,1186.7719485109978,1186.7719485109978,0
2024-12-20 16:00:00+00:00,1186.7719485109978,1186.7719485109978,0
2024-12-20 20:00:00+00:00,1186.7719485109978,1186.7719485109978,0
2024-12-21 00:00:00+00:00,1186.7719485109978,1186.7719485109978,0
2024-12-21 04:00:00+00:00,1186.7719485109978,1186.7719485109978,0
2024-12-21 08:00:00+00:00,1186.7719485109978,1186.7719485109978,0
2024-12-21 12:00:00+00:00,1186.7719485109978,1186.7719485109978,0
2024-12-21 16:00:00+00:00,1186.7719485109978,1186.7719485109978,0
2024-12-21 20:00:00+00:00,1186.7719485109978,1186.7719485109978,0
2024-12-22 00:00:00+00:00,1186.7719485109978,1186.7719485109978,0
2024-12-22 04:00:00+00:00,1186.7719485109978,1186.7719485109978,0
2024-12-22 08:00:00+00:00,1186.7719485109978,1186.7719485109978,0
2024-12-22 12:00:00+00:00,1186.7719485109978,1186.7719485109978,0
2024-12-22 16:00:00+00:00,1186.7719485109978,1186.7719485109978,0
2024-12-22 20:00:00+00:00,1186.7719485109978,1186.7719485109978,0
2024-12-23 00:00:00+00:00,1186.7719485109978,1186.7719485109978,0
2024-12-23 04:00:00+00:00,1186.7719485109978,1186.7719485109978,0
2024-12-23 08:00:00+00:00,1186.7719485109978,1186.7719485109978,0
2024-12-23 12:00:00+00:00,1186.7719485109978,1186.7719485109978,0
2024-12-23 16:00:00+00:00,1186.7719485109978,1186.7719485109978,0
2024-12-23 20:00:00+00:00,1186.7719485109978,1186.7719485109978,0
2024-12-24 00:00:00+00:00,1186.7719485109978,1186.7719485109978,0
2024-12-24 04:00:00+00:00,1186.7719485109978,1186.7719485109978,0
2024-12-24 08:00:00+00:00,1186.7719485109978,1186.7719485109978,0
2024-12-24 12:00:00+00:00,1186.7719485109978,1186.7719485109978,0
2024-12-24 16:00:00+00:00,1186.7719485109978,1186.7719485109978,0
2024-12-24 20:00:00+00:00,1186.7719485109978,1186.7719485109978,0
2024-12-25 00:00:00+00:00,1186.7719485109978,1186.7719485109978,0
2024-12-25 04:00:00+00:00,1186.7719485109978,1186.7719485109978,0
2024-12-25 08:00:00+00:00,1186.7719485109978,1186.7719485109978,0
2024-12-25 12:00:00+00:00,1186.7719485109978,1186.7719485109978,0
2024-12-25 16:00:00+00:00,1186.7719485109978,1186.7719485109978,0
2024-12-25 20:00:00+00:00,1186.7719485109978,1186.7719485109978,0
2024-12-26 00:00:00+00:00,1186.7719485109978,1186.7719485109978,0
2024-12-26 04:00:00+00:00,1186.7719485109978,1186.7719485109978,0
2024-12-26 08:00:00+00:00,1186.7719485109978,1186.7719485109978,0
2024-12-26 12:00:00+00:00,1186.7719485109978,1186.7719485109978,0
2024-12-26 16:00:00+00:00,1186.7719485109978,1186.7719485109978,0
2024-12-26 20:00:00+00:00,1186.7719485109978,1186.7719485109978,0
2024-12-27 00:00:00+00:00,1186.7719485109978,1186.7719485109978,0
2024-12-27 04:00:00+00:00,1186.7719485109978,1186.7719485109978,0
2024-12-27 08:00:00+00:00,1186.7719485109978,1186.7719485109978,0
2024-12-27 12:00:00+00:00,1186.7719485109978,1186.7719485109978,0
2024-12-27 16:00:00+00:00,1186.7719485109978,1186.7719485109978,0
2024-12-27 20:00:00+00:00,1186.7719485109978,1186.7719485109978,0
2024-12-28 00:00:00+00:00,1186.7719485109978,1186.7719485109978,0
2024-12-28 04:00:00+00:00,1186.7719485109978,1186.7719485109978,0
2024-12-28 08:00:00+00:00,1186.7719485109978,1186.7719485109978,0
2024-12-28 12:00:00+00:00,1186.7719485109978,1186.7719485109978,0
2024-12-28 16:00:00+00:00,1186.7719485109978,1186.7719485109978,0
2024-12-28 20:00:00+00:00,1186.7719485109978,1186.7719485109978,0
2024-12-29 00:00:00+00:00,1186.7719485109978,1186.7719485109978,0
2024-12-29 04:00:00+00:00,1186.7719485109978,1186.7719485109978,0
2024-12-29 08:00:00+00:00,1186.7719485109978,1186.7719485109978,0
2024-12-29 12:00:00+00:00,1186.7719485109978,1186.7719485109978,0
2024-12-29 16:00:00+00:00,1186.7719485109978,1186.7719485109978,0
2024-12-29 20:00:00+00:00,1186.7719485109978,1186.7719485109978,0
2024-12-30 00:00:00+00:00,1186.7719485109978,1186.7719485109978,0
2024-12-30 04:00:00+00:00,1186.7719485109978,1186.7719485109978,0
2024-12-30 08:00:00+00:00,1186.7719485109978,1186.7719485109978,0
2024-12-30 12:00:00+00:00,1186.7719485109978,1186.7719485109978,0
2024-12-30 16:00:00+00:00,1178.9782900557636,1186.6148074272032,2
2024-12-30 20:00:00+00:00,1183.6009037385008,1186.6148074272032,2
2024-12-31 00:00:00+00:00,1186.9204833877643,1186.6148074272032,2
2024-12-31 04:00:00+00:00,1186.0773073709415,1186.6148074272032,2
2024-12-31 08:00:00+00:00,1182.9566030831475,1186.6148074272032,2
2024-12-31 12:00:00+00:00,1178.3379052667437,1180.7460478255725,1
2024-12-31 16:00:00+00:00,1181.6968072735976,1180.7460478255725,1
2024-12-31 20:00:00+00:00,1182.1320452801194,1180.7460478255725,1
2025-01-01 00:00:00+00:00,1181.8860411894768,1180.7460478255725,1
2025-01-01 04:00:00+00:00,1182.259778173338,1180.7460478255725,1
2025-01-01 08:00:00+00:00,1181.999581539004,1180.7460478255725,1
2025-01-01 12:00:00+00:00,1179.5111555451942,1180.7460478255725,1
2025-01-01 16:00:00+00:00,1174.8358001591562,1174.8358001591562,0
2025-01-01 20:00:00+00:00,1174.8358001591562,1174.8358001591562,0
2025-01-02 00:00:00+00:00,1174.8358001591562,1174.8358001591562,0
2025-01-02 04:00:00+00:00,1174.8358001591562,1174.8358001591562,0
2025-01-02 08:00:00+00:00,1174.8358001591562,1174.8358001591562,0
2025-01-02 12:00:00+00:00,1174.8358001591562,1174.8358001591562,0
2025-01-02 16:00:00+00:00,1174.8358001591562,1174.8358001591562,0
2025-01-02 20:00:00+00:00,1174.8358001591562,1174.8358001591562,0
2025-01-03 00:00:00+00:00,1174.8358001591562,1174.8358001591562,0
2025-01-03 04:00:00+00:00,1174.8358001591562,1174.8358001591562,0
2025-01-03 08:00:00+00:00,1174.8358001591562,1174.8358001591562,0
2025-01-03 12:00:00+00:00,1177.3466628506594,1174.6629575271543,2
2025-01-03 16:00:00+00:00,1178.1357832946132,1174.6629575271543,2
2025-01-03 20:00:00+00:00,1178.0321690193218,1174.6629575271543,2
2025-01-04 00:00:00+00:00,1177.689866390162,1174.6629575271543,2
2025-01-04 04:00:00+00:00,1175.9320997553311,1174.6629575271543,2
2025-01-04 08:00:00+00:00,1174.678886566442,1174.6629575271543,2
2025-01-04 12:00:00+00:00,1173.7922345952754,1174.6629575271543,2
2025-01-04 16:00:00+00:00,1175.1591482559545,1174.6629575271543,2
2025-01-04 20:00:00+00:00,1175.606127634709,1174.6629575271543,2
2025-01-05 00:00:00+00:00,1175.2075495180663,1174.6629575271543,2
2025-01-05 04:00:00+00:00,1177.4969717956037,1174.6629575271543,2
2025-01-05 08:00:00+00:00,1174.3068307264555,1174.6629575271543,2
2025-01-05 12:00:00+00:00,1175.5649793042865,1174.6629575271543,2
2025-01-05 16:00:00+00:00,1175.2865385656135,1174.6629575271543,2
2025-01-05 20:00:00+00:00,1175.5543463555466,1174.6629575271543,2
2025-01-06 00:00:00+00:00,1176.689739709213,1174.6629575271543,2
2025-01-06 04:00:00+00:00,1175.4275566527826,1174.6629575271543,2
2025-01-06 08:00:00+00:00,1176.607573582149,1174.6629575271543,2
2025-01-06 12:00:00+00:00,1180.577308132075,1174.6629575271543,2
2025-01-06 16:00:00+00:00,1180.7043339402398,1174.6629575271543,2
2025-01-06 20:00:00+00:00,1178.4725602713293,1174.6629575271543,2
2025-01-07 00:00:00+00:00,1177.4762319635788,1174.6629575271543,2
2025-01-07 04:00:00+00:00,1178.105729780339,1174.6629575271543,2
2025-01-07 08:00:00+00:00,1179.762874830961,1174.6629575271543,2
2025-01-07 12:00:00+00:00,1168.276114492401,1174.6629575271543,2
2025-01-07 16:00:00+00:00,1162.86002342994,1162.86002342994,0
2025-01-07 20:00:00+00:00,1162.86002342994,1162.86002342994,0
2025-01-08 00:00:00+00:00,1162.86002342994,1162.86002342994,0
2025-01-08 04:00:00+00:00,1162.86002342994,1162.86002342994,0
2025-01-08 08:00:00+00:00,1162.86002342994,1162.86002342994,0
2025-01-08 12:00:00+00:00,1162.86002342994,1162.86002342994,0
2025-01-08 16:00:00+00:00,1162.86002342994,1162.86002342994,0
2025-01-08 20:00:00+00:00,1162.86002342994,1162.86002342994,0
2025-01-09 00:00:00+00:00,1162.86002342994,1162.86002342994,0
2025-01-09 04:00:00+00:00,1162.86002342994,1162.86002342994,0
2025-01-09 08:00:00+00:00,1162.86002342994,1162.86002342994,0
2025-01-09 12:00:00+00:00,1162.86002342994,1162.86002342994,0
2025-01-09 16:00:00+00:00,1162.86002342994,1162.86002342994,0
2025-01-09 20:00:00+00:00,1162.86002342994,1162.86002342994,0
2025-01-10 00:00:00+00:00,1162.86002342994,1162.86002342994,0
2025-01-10 04:00:00+00:00,1162.86002342994,1162.86002342994,0
2025-01-10 08:00:00+00:00,1162.86002342994,1162.86002342994,0
2025-01-10 12:00:00+00:00,1162.86002342994,1162.86002342994,0
2025-01-10 16:00:00+00:00,1162.86002342994,1162.86002342994,0
2025-01-10 20:00:00+00:00,1162.86002342994,1162.86002342994,0
2025-01-11 00:00:00+00:00,1162.86002342994,1162.86002342994,0
2025-01-11 04:00:00+00:00,1162.86002342994,1162.86002342994,0
2025-01-11 08:00:00+00:00,1162.86002342994,1162.86002342994,0
2025-01-11 12:00:00+00:00,1162.86002342994,1162.86002342994,0
2025-01-11 16:00:00+00:00,1162.86002342994,1162.86002342994,0
2025-01-11 20:00:00+00:00,1162.86002342994,1162.86002342994,0
2025-01-12 00:00:00+00:00,1162.86002342994,1162.86002342994,0
2025-01-12 04:00:00+00:00,1162.86002342994,1162.86002342994,0
2025-01-12 08:00:00+00:00,1162.86002342994,1162.86002342994,0
2025-01-12 12:00:00+00:00,1162.86002342994,1162.86002342994,0
2025-01-12 16:00:00+00:00,1162.86002342994,1162.86002342994,0
2025-01-12 20:00:00+00:00,1162.86002342994,1162.86002342994,0
2025-01-13 00:00:00+00:00,1162.86002342994,1162.86002342994,0
2025-01-13 04:00:00+00:00,1163.4969611451404,1162.784757409006,1
2025-01-13 08:00:00+00:00,1167.99971931515,1162.784757409006,1
2025-01-13 12:00:00+00:00,1165.2730342967645,1162.784757409006,1
2025-01-13 16:00:00+00:00,1166.8707012997247,1162.784757409006,1
2025-01-13 20:00:00+00:00,1162.9510915857957,1162.784757409006,1
2025-01-14 00:00:00+00:00,1163.1987299712544,1162.784757409006,1
2025-01-14 04:00:00+00:00,1163.1268349561212,1162.784757409006,1
2025-01-14 08:00:00+00:00,1161.260227340996,1162.784757409006,1
2025-01-14 12:00:00+00:00,1160.5492655246787,1162.784757409006,1
2025-01-14 16:00:00+00:00,1159.9714426252747,1162.784757409006,1
2025-01-14 20:00:00+00:00,1159.537409756137,1162.784757409006,1
2025-01-15 00:00:00+00:00,1158.719936806289,1162.784757409006,1
2025-01-15 04:00:00+00:00,1157.6947671460562,1162.784757409006,1
2025-01-15 08:00:00+00:00,1158.3764384006527,1162.784757409006,1
2025-01-15 12:00:00+00:00,1156.9841853624785,1156.9841853624785,0
2025-01-15 16:00:00+00:00,1156.9841853624785,1156.9841853624785,0
2025-01-15 20:00:00+00:00,1156.9841853624785,1156.9841853624785,0
2025-01-16 00:00:00+00:00,1156.9841853624785,1156.9841853624785,0
2025-01-16 04:00:00+00:00,1156.9841853624785,1156.9841853624785,0
2025-01-16 08:00:00+00:00,1156.9841853624785,1156.9841853624785,0
2025-01-16 12:00:00+00:00,1156.9841853624785,1156.9841853624785,0
2025-01-16 16:00:00+00:00,1156.9841853624785,1156.9841853624785,0
2025-01-16 20:00:00+00:00,1156.9841853624785,1156.9841853624785,0
2025-01-17 00:00:00+00:00,1156.9841853624785,1156.9841853624785,0
2025-01-17 04:00:00+00:00,1159.8537434244072,1156.909299654688,1
2025-01-17 08:00:00+00:00,1159.2307848563926,1156.909299654688,1
2025-01-17 12:00:00+00:00,1157.6768882035922,1156.909299654688,1
2025-01-17 16:00:00+00:00,1158.5378309436574,1156.909299654688,1
2025-01-17 20:00:00+00:00,1159.2097862529763,1156.909299654688,1
2025-01-18 00:00:00+00:00,1154.0791274849464,1156.909299654688,1
2025-01-18 04:00:00+00:00,1151.1856048332509,1151.1856048332509,0
2025-01-18 08:00:00+00:00,1151.1856048332509,1151.1856048332509,0
2025-01-18 12:00:00+00:00,1151.1856048332509,1151.1856048332509,0
2025-01-18 16:00:00+00:00,1151.1856048332509,1151.1856048332509,0
2025-01-18 20:00:00+00:00,1151.1856048332509,1151.1856048332509,0
2025-01-19 00:00:00+00:00,1151.1856048332509,1151.1856048332509,0
2025-01-19 04:00:00+00:00,1151.1856048332509,1151.1856048332509,0
2025-01-19 08:00:00+00:00,1156.1714801514463,1151.111094438116,1
2025-01-19 12:00:00+00:00,1150.8237547689978,1151.111094438116,1
2025-01-19 16:00:00+00:00,1150.4393226490786,1151.111094438116,1
2025-01-19 20:00:00+00:00,1145.4347132647333,1145.4347132647333,0
2025-01-20 00:00:00+00:00,1145.4347132647333,1145.4347132647333,0
2025-01-20 04:00:00+00:00,1145.4347132647333,1145.4347132647333,0
2025-01-20 08:00:00+00:00,1145.4347132647333,1145.4347132647333,0
2025-01-20 12:00:00+00:00,1145.4347132647333,1145.4347132647333,0
2025-01-20 16:00:00+00:00,1145.4347132647333,1145.4347132647333,0
2025-01-20 20:00:00+00:00,1145.4347132647333,1145.4347132647333,0
2025-01-21 00:00:00+00:00,1145.4347132647333,1145.4347132647333,0
2025-01-21 04:00:00+00:00,1145.4347132647333,1145.4347132647333,0
2025-01-21 08:00:00+00:00,1145.4347132647333,1145.4347132647333,0
2025-01-21 12:00:00+00:00,1145.4347132647333,1145.4347132647333,0
2025-01-21 16:00:00+00:00,1145.4347132647333,1145.4347132647333,0
2025-01-21 20:00:00+00:00,1145.4347132647333,1145.4347132647333,0
2025-01-22 00:00:00+00:00,1145.4347132647333,1145.4347132647333,0
2025-01-22 04:00:00+00:00,1145.4347132647333,1145.4347132647333,0
2025-01-22 08:00:00+00:00,1145.4347132647333,1145.4347132647333,0
2025-01-22 12:00:00+00:00,1145.4347132647333,1145.4347132647333,0
2025-01-22 16:00:00+00:00,1145.4347132647333,1145.4347132647333,0
2025-01-22 20:00:00+00:00,1145.4347132647333,1145.4347132647333,0
2025-01-23 00:00:00+00:00,1145.4347132647333,1145.4347132647333,0
2025-01-23 04:00:00+00:00,1145.4347132647333,1145.4347132647333,0
2025-01-23 08:00:00+00:00,1145.4347132647333,1145.4347132647333,0
2025-01-23 12:00:00+00:00,1145.4347132647333,1145.4347132647333,0
2025-01-23 16:00:00+00:00,1145.4347132647333,1145.4347132647333,0
2025-01-23 20:00:00+00:00,1145.4347132647333,1145.4347132647333,0
2025-01-24 00:00:00+00:00,1145.4347132647333,1145.4347132647333,0
2025-01-24 04:00:00+00:00,1145.4347132647333,1145.4347132647333,0
2025-01-24 08:00:00+00:00,1145.4347132647333,1145.4347132647333,0
2025-01-24 12:00:00+00:00,1145.4347132647333,1145.4347132647333,0
2025-01-24 16:00:00+00:00,1145.4347132647333,1145.4347132647333,0
2025-01-24 20:00:00+00:00,1145.4347132647333,1145.4347132647333,0
2025-01-25 00:00:00+00:00,1145.4347132647333,1145.4347132647333,0
2025-01-25 04:00:00+00:00,1145.4347132647333,1145.4347132647333,0
2025-01-25 08:00:00+00:00,1145.4347132647333,1145.4347132647333,0
2025-01-25 12:00:00+00:00,1145.4347132647333,1145.4347132647333,0
2025-01-25 16:00:00+00:00,1145.4347132647333,1145.4347132647333,0
2025-01-25 20:00:00+00:00,1145.4347132647333,1145.4347132647333,0
2025-01-26 00:00:00+00:00,1145.4347132647333,1145.4347132647333,0
2025-01-26 04:00:00+00:00,1145.4347132647333,1145.4347132647333,0
2025-01-26 08:00:00+00:00,1145.4347132647333,1145.4347132647333,0
2025-01-26 12:00:00+00:00,1145.4347132647333,1145.4347132647333,0
2025-01-26 16:00:00+00:00,1145.4347132647333,1145.4347132647333,0
2025-01-26 20:00:00+00:00,1145.4347132647333,1145.4347132647333,0
2025-01-27 00:00:00+00:00,1145.4347132647333,1145.4347132647333,0
2025-01-27 04:00:00+00:00,1145.4347132647333,1145.4347132647333,0
2025-01-27 08:00:00+00:00,1145.4347132647333,1145.4347132647333,0
2025-01-27 12:00:00+00:00,1145.4347132647333,1145.4347132647333,0
2025-01-27 16:00:00+00:00,1145.4347132647333,1145.4347132647333,0
2025-01-27 20:00:00+00:00,1145.4347132647333,1145.4347132647333,0
2025-01-28 00:00:00+00:00,1145.4347132647333,1145.4347132647333,0
2025-01-28 04:00:00+00:00,1145.4347132647333,1145.4347132647333,0
2025-01-28 08:00:00+00:00,1145.4347132647333,1145.4347132647333,0
2025-01-28 12:00:00+00:00,1145.4347132647333,1145.4347132647333,0
2025-01-28 16:00:00+00:00,1145.4347132647333,1145.4347132647333,0
2025-01-28 20:00:00+00:00,1145.4347132647333,1145.4347132647333,0
2025-01-29 00:00:00+00:00,1145.4347132647333,1145.4347132647333,0
2025-01-29 04:00:00+00:00,1145.4347132647333,1145.4347132647333,0
2025-01-29 08:00:00+00:00,1145.4347132647333,1145.4347132647333,0
2025-01-29 12:00:00+00:00,1145.4347132647333,1145.4347132647333,0
2025-01-29 16:00:00+00:00,1145.4347132647333,1145.4347132647333,0
2025-01-29 20:00:00+00:00,1145.4347132647333,1145.4347132647333,0
2025-01-30 00:00:00+00:00,1145.4347132647333,1145.4347132647333,0
2025-01-30 04:00:00+00:00,1145.4347132647333,1145.4347132647333,0
2025-01-30 08:00:00+00:00,1145.4347132647333,1145.4347132647333,0
2025-01-30 12:00:00+00:00,1145.4347132647333,1145.4347132647333,0
2025-01-30 16:00:00+00:00,1145.4347132647333,1145.4347132647333,0
2025-01-30 20:00:00+00:00,1145.4347132647333,1145.4347132647333,0
2025-01-31 00:00:00+00:00,1145.4347132647333,1145.4347132647333,0
2025-01-31 04:00:00+00:00,1145.4347132647333,1145.4347132647333,0
2025-01-31 08:00:00+00:00,1145.4347132647333,1145.4347132647333,0
2025-01-31 12:00:00+00:00,1145.4347132647333,1145.4347132647333,0
2025-01-31 16:00:00+00:00,1145.4347132647333,1145.4347132647333,0
2025-01-31 20:00:00+00:00,1145.4347132647333,1145.4347132647333,0
2025-02-01 00:00:00+00:00,1145.4347132647333,1145.4347132647333,0
2025-02-01 04:00:00+00:00,1145.4347132647333,1145.4347132647333,0
2025-02-01 08:00:00+00:00,1145.4347132647333,1145.4347132647333,0
2025-02-01 12:00:00+00:00,1145.4347132647333,1145.4347132647333,0
2025-02-01 16:00:00+00:00,1145.4347132647333,1145.4347132647333,0
2025-02-01 20:00:00+00:00,1145.4347132647333,1145.4347132647333,0
2025-02-02 00:00:00+00:00,1148.1073683652528,1145.3605750955899,1
2025-02-02 04:00:00+00:00,1147.6435066537617,1145.3605750955899,1
2025-02-02 08:00:00+00:00,1150.3061933612819,1145.3605750955899,1
2025-02-02 12:00:00+00:00,1149.333288602765,1145.3605750955899,1
2025-02-02 16:00:00+00:00,1155.3725271192561,1145.3605750955899,1
2025-02-02 20:00:00+00:00,1157.3303849924328,1145.3605750955899,1
2025-02-03 00:00:00+00:00,1174.0594126304475,1174.0594126304475,0
2025-02-03 04:00:00+00:00,1174.0594126304475,1174.0594126304475,0
2025-02-03 08:00:00+00:00,1174.0594126304475,1174.0594126304475,0
2025-02-03 12:00:00+00:00,1174.0594126304475,1174.0594126304475,0
2025-02-03 16:00:00+00:00,1174.0594126304475,1174.0594126304475,0
2025-02-03 20:00:00+00:00,1174.0594126304475,1174.0594126304475,0
2025-02-04 00:00:00+00:00,1174.0594126304475,1174.0594126304475,0
2025-02-04 04:00:00+00:00,1174.0594126304475,1174.0594126304475,0
2025-02-04 08:00:00+00:00,1174.0594126304475,1174.0594126304475,0
2025-02-04 12:00:00+00:00,1174.0594126304475,1174.0594126304475,0
2025-02-04 16:00:00+00:00,1174.0594126304475,1174.0594126304475,0
2025-02-04 20:00:00+00:00,1174.0594126304475,1174.0594126304475,0
2025-02-05 00:00:00+00:00,1174.0594126304475,1174.0594126304475,0
2025-02-05 04:00:00+00:00,1174.0594126304475,1174.0594126304475,0
2025-02-05 08:00:00+00:00,1174.0594126304475,1174.0594126304475,0
2025-02-05 12:00:00+00:00,1174.0594126304475,1174.0594126304475,0
2025-02-05 16:00:00+00:00,1174.0594126304475,1174.0594126304475,0
2025-02-05 20:00:00+00:00,1174.0594126304475,1174.0594126304475,0
2025-02-06 00:00:00+00:00,1174.0594126304475,1174.0594126304475,0
2025-02-06 04:00:00+00:00,1174.0594126304475,1174.0594126304475,0
2025-02-06 08:00:00+00:00,1174.0594126304475,1174.0594126304475,0
2025-02-06 12:00:00+00:00,1174.0594126304475,1174.0594126304475,0
2025-02-06 16:00:00+00:00,1174.0594126304475,1174.0594126304475,0
2025-02-06 20:00:00+00:00,1174.0594126304475,1174.0594126304475,0
2025-02-07 00:00:00+00:00,1174.0594126304475,1174.0594126304475,0
2025-02-07 04:00:00+00:00,1174.0594126304475,1174.0594126304475,0
2025-02-07 08:00:00+00:00,1174.0594126304475,1174.0594126304475,0
2025-02-07 12:00:00+00:00,1174.0594126304475,1174.0594126304475,0
2025-02-07 16:00:00+00:00,1174.0594126304475,1174.0594126304475,0
2025-02-07 20:00:00+00:00,1174.0594126304475,1174.0594126304475,0
2025-02-08 00:00:00+00:00,1174.0594126304475,1174.0594126304475,0
2025-02-08 04:00:00+00:00,1174.0594126304475,1174.0594126304475,0
2025-02-08 08:00:00+00:00,1174.0594126304475,1174.0594126304475,0
2025-02-08 12:00:00+00:00,1174.0594126304475,1174.0594126304475,0
2025-02-08 16:00:00+00:00,1174.0594126304475,1174.0594126304475,0
2025-02-08 20:00:00+00:00,1174.0594126304475,1174.0594126304475,0
2025-02-09 00:00:00+00:00,1174.0594126304475,1174.0594126304475,0
2025-02-09 04:00:00+00:00,1174.0594126304475,1174.0594126304475,0
2025-02-09 08:00:00+00:00,1174.0594126304475,1174.0594126304475,0
2025-02-09 12:00:00+00:00,1174.0594126304475,1174.0594126304475,0
2025-02-09 16:00:00+00:00,1174.0594126304475,1174.0594126304475,0
2025-02-09 20:00:00+00:00,1174.0594126304475,1174.0594126304475,0
2025-02-10 00:00:00+00:00,1174.0594126304475,1174.0594126304475,0
2025-02-10 04:00:00+00:00,1174.0594126304475,1174.0594126304475,0
2025-02-10 08:00:00+00:00,1174.0594126304475,1174.0594126304475,0
2025-02-10 12:00:00+00:00,1174.0594126304475,1174.0594126304475,0
2025-02-10 16:00:00+00:00,1174.0594126304475,1174.0594126304475,0
2025-02-10 20:00:00+00:00,1174.0594126304475,1174.0594126304475,0
2025-02-11 00:00:00+00:00,1174.0594126304475,1174.0594126304475,0
2025-02-11 04:00:00+00:00,1174.0594126304475,1174.0594126304475,0
2025-02-11 08:00:00+00:00,1174.0594126304475,1174.0594126304475,0
2025-02-11 12:00:00+00:00,1174.0594126304475,1174.0594126304475,0
2025-02-11 16:00:00+00:00,1174.0594126304475,1174.0594126304475,0
2025-02-11 20:00:00+00:00,1174.0594126304475,1174.0594126304475,0
2025-02-12 00:00:00+00:00,1174.0594126304475,1174.0594126304475,0
2025-02-12 04:00:00+00:00,1174.0594126304475,1174.0594126304475,0
2025-02-12 08:00:00+00:00,1174.0594126304475,1174.0594126304475,0
2025-02-12 12:00:00+00:00,1174.0594126304475,1174.0594126304475,0
2025-02-12 16:00:00+00:00,1174.0594126304475,1174.0594126304475,0
2025-02-12 20:00:00+00:00,1174.0594126304475,1174.0594126304475,0
2025-02-13 00:00:00+00:00,1174.0594126304475,1174.0594126304475,0
2025-02-13 04:00:00+00:00,1174.0594126304475,1174.0594126304475,0
2025-02-13 08:00:00+00:00,1174.0594126304475,1174.0594126304475,0
2025-02-13 12:00:00+00:00,1174.0594126304475,1174.0594126304475,0
2025-02-13 16:00:00+00:00,1174.0594126304475,1174.0594126304475,0
2025-02-13 20:00:00+00:00,1174.0594126304475,1174.0594126304475,0
2025-02-14 00:00:00+00:00,1174.0594126304475,1174.0594126304475,0
2025-02-14 04:00:00+00:00,1174.0594126304475,1174.0594126304475,0
2025-02-14 08:00:00+00:00,1174.0594126304475,1174.0594126304475,0
2025-02-14 12:00:00+00:00,1174.0594126304475,1174.0594126304475,0
2025-02-14 16:00:00+00:00,1174.0594126304475,1174.0594126304475,0
2025-02-14 20:00:00+00:00,1174.0594126304475,1174.0594126304475,0
2025-02-15 00:00:00+00:00,1174.0594126304475,1174.0594126304475,0
2025-02-15 04:00:00+00:00,1174.0594126304475,1174.0594126304475,0
2025-02-15 08:00:00+00:00,1174.0594126304475,1174.0594126304475,0
2025-02-15 12:00:00+00:00,1174.0594126304475,1174.0594126304475,0
2025-02-15 16:00:00+00:00,1174.0594126304475,1174.0594126304475,0
2025-02-15 20:00:00+00:00,1174.0594126304475,1174.0594126304475,0
2025-02-16 00:00:00+00:00,1174.0594126304475,1174.0594126304475,0
2025-02-16 04:00:00+00:00,1174.0594126304475,1174.0594126304475,0
2025-02-16 08:00:00+00:00,1174.0594126304475,1174.0594126304475,0
2025-02-16 12:00:00+00:00,1174.0594126304475,1174.0594126304475,0
2025-02-16 16:00:00+00:00,1174.0594126304475,1174.0594126304475,0
2025-02-16 20:00:00+00:00,1174.0594126304475,1174.0594126304475,0
2025-02-17 00:00:00+00:00,1174.0594126304475,1174.0594126304475,0
2025-02-17 04:00:00+00:00,1174.0594126304475,1174.0594126304475,0
2025-02-17 08:00:00+00:00,1171.6704574881373,1173.947070287938,1
2025-02-17 12:00:00+00:00,1174.7078783518577,1173.947070287938,1
2025-02-17 16:00:00+00:00,1177.24939376844,1173.947070287938,1
2025-02-17 20:00:00+00:00,1176.8619676378635,1173.947070287938,1
2025-02-18 00:00:00+00:00,1176.5287811655678,1173.947070287938,1
2025-02-18 04:00:00+00:00,1186.0439669325285,1173.947070287938,1
2025-02-18 08:00:00+00:00,1183.6739119896954,1173.8704556494538,2
2025-02-18 12:00:00+00:00,1187.969497819193,1173.8704556494538,2
2025-02-18 16:00:00+00:00,1189.5958511762476,1173.8704556494538,2
2025-02-18 20:00:00+00:00,1184.9903476938289,1173.8704556494538,2
2025-02-19 00:00:00+00:00,1186.3446314539099,1173.8704556494538,2
2025-02-19 04:00:00+00:00,1184.47755114207,1173.8704556494538,2
2025-02-19 08:00:00+00:00,1180.2346331936615,1180.3521094520274,1
2025-02-19 12:00:00+00:00,1182.26072670047,1180.3521094520274,1
2025-02-19 16:00:00+00:00,1181.589358437859,1180.3521094520274,1
2025-02-19 20:00:00+00:00,1181.3495840583548,1180.3521094520274,1
2025-02-20 00:00:00+00:00,1179.3354792705213,1180.3521094520274,1
2025-02-20 04:00:00+00:00,1180.4064714989725,1180.3521094520274,1
2025-02-20 08:00:00+00:00,1178.0846562574422,1180.3521094520274,1
2025-02-20 12:00:00+00:00,1179.23956951872,1180.3521094520274,1
2025-02-20 16:00:00+00:00,1175.4511343225568,1180.3521094520274,1
2025-02-20 20:00:00+00:00,1175.6469500658184,1180.3521094520274,1
2025-02-21 00:00:00+00:00,1176.8098558064128,1180.3521094520274,1
2025-02-21 04:00:00+00:00,1175.5910027106008,1180.3521094520274,1
2025-02-21 08:00:00+00:00,1174.428449019872,1174.428449019872,0
2025-02-21 12:00:00+00:00,1174.428449019872,1174.428449019872,0
2025-02-21 16:00:00+00:00,1174.428449019872,1174.428449019872,0
2025-02-21 20:00:00+00:00,1174.428449019872,1174.428449019872,0
2025-02-22 00:00:00+00:00,1174.428449019872,1174.428449019872,0
2025-02-22 04:00:00+00:00,1174.428449019872,1174.428449019872,0
2025-02-22 08:00:00+00:00,1174.428449019872,1174.428449019872,0
2025-02-22 12:00:00+00:00,1174.428449019872,1174.428449019872,0
2025-02-22 16:00:00+00:00,1174.428449019872,1174.428449019872,0
2025-02-22 20:00:00+00:00,1174.428449019872,1174.428449019872,0
2025-02-23 00:00:00+00:00,1174.428449019872,1174.428449019872,0
2025-02-23 04:00:00+00:00,1174.428449019872,1174.428449019872,0
2025-02-23 08:00:00+00:00,1174.428449019872,1174.428449019872,0
2025-02-23 12:00:00+00:00,1174.428449019872,1174.428449019872,0
2025-02-23 16:00:00+00:00,1174.428449019872,1174.428449019872,0
2025-02-23 20:00:00+00:00,1174.428449019872,1174.428449019872,0
2025-02-24 00:00:00+00:00,1174.428449019872,1174.428449019872,0
2025-02-24 04:00:00+00:00,1172.873794492606,1174.260799220594,2
2025-02-24 08:00:00+00:00,1174.8587240269574,1174.260799220594,2
2025-02-24 12:00:00+00:00,1181.8137454760415,1174.260799220594,2
2025-02-24 16:00:00+00:00,1185.0368483175116,1174.260799220594,2
2025-02-24 20:00:00+00:00,1195.7313874456631,1174.260799220594,2
2025-02-25 00:00:00+00:00,1197.7063764280156,1174.260799220594,2
2025-02-25 04:00:00+00:00,1202.3830484784671,1174.260799220594,2
2025-02-25 08:00:00+00:00,1197.8712898424012,1174.260799220594,2
2025-02-25 12:00:00+00:00,1200.7847156543503,1174.260799220594,2
2025-02-25 16:00:00+00:00,1195.3254676532742,1185.5414223684288,1
2025-02-25 20:00:00+00:00,1193.4330396504133,1193.4330396504133,0
2025-02-26 00:00:00+00:00,1193.4330396504133,1193.4330396504133,0
2025-02-26 04:00:00+00:00,1193.4330396504133,1193.4330396504133,0
2025-02-26 08:00:00+00:00,1193.4330396504133,1193.4330396504133,0
2025-02-26 12:00:00+00:00,1193.4330396504133,1193.4330396504133,0
2025-02-26 16:00:00+00:00,1193.4330396504133,1193.4330396504133,0
2025-02-26 20:00:00+00:00,1193.4330396504133,1193.4330396504133,0
2025-02-27 00:00:00+00:00,1193.4330396504133,1193.4330396504133,0
2025-02-27 04:00:00+00:00,1193.4330396504133,1193.4330396504133,0
2025-02-27 08:00:00+00:00,1193.4330396504133,1193.4330396504133,0
2025-02-27 12:00:00+00:00,1193.4330396504133,1193.4330396504133,0
2025-02-27 16:00:00+00:00,1193.4330396504133,1193.4330396504133,0
2025-02-27 20:00:00+00:00,1193.4330396504133,1193.4330396504133,0
2025-02-28 00:00:00+00:00,1193.4330396504133,1193.4330396504133,0
2025-02-28 04:00:00+00:00,1193.4330396504133,1193.4330396504133,0
2025-02-28 08:00:00+00:00,1193.4330396504133,1193.4330396504133,0
2025-02-28 12:00:00+00:00,1193.4330396504133,1193.4330396504133,0
2025-02-28 16:00:00+00:00,1193.4330396504133,1193.4330396504133,0
2025-02-28 20:00:00+00:00,1193.4330396504133,1193.4330396504133,0
2025-03-01 00:00:00+00:00,1193.4330396504133,1193.4330396504133,0
2025-03-01 04:00:00+00:00,1193.4330396504133,1193.4330396504133,0
2025-03-01 08:00:00+00:00,1193.4330396504133,1193.4330396504133,0
2025-03-01 12:00:00+00:00,1193.4330396504133,1193.4330396504133,0
2025-03-01 16:00:00+00:00,1193.4330396504133,1193.4330396504133,0
2025-03-01 20:00:00+00:00,1193.4330396504133,1193.4330396504133,0
2025-03-02 00:00:00+00:00,1193.4330396504133,1193.4330396504133,0
2025-03-02 04:00:00+00:00,1193.4330396504133,1193.4330396504133,0
2025-03-02 08:00:00+00:00,1193.4330396504133,1193.4330396504133,0
2025-03-02 12:00:00+00:00,1193.4330396504133,1193.4330396504133,0
2025-03-02 16:00:00+00:00,1193.4330396504133,1193.4330396504133,0
2025-03-02 20:00:00+00:00,1193.4330396504133,1193.4330396504133,0
2025-03-03 00:00:00+00:00,1193.4330396504133,1193.4330396504133,0
2025-03-03 04:00:00+00:00,1193.4330396504133,1193.4330396504133,0
2025-03-03 08:00:00+00:00,1193.4330396504133,1193.4330396504133,0
2025-03-03 12:00:00+00:00,1193.4330396504133,1193.4330396504133,0
2025-03-03 16:00:00+00:00,1193.4330396504133,1193.4330396504133,0
2025-03-03 20:00:00+00:00,1193.4330396504133,1193.4330396504133,0
2025-03-04 00:00:00+00:00,1193.4330396504133,1193.4330396504133,0
2025-03-04 04:00:00+00:00,1193.4330396504133,1193.4330396504133,0
2025-03-04 08:00:00+00:00,1193.4330396504133,1193.4330396504133,0
2025-03-04 12:00:00+00:00,1193.4330396504133,1193.4330396504133,0
2025-03-04 16:00:00+00:00,1193.4330396504133,1193.4330396504133,0
2025-03-04 20:00:00+00:00,1193.4330396504133,1193.4330396504133,0
2025-03-05 00:00:00+00:00,1193.4330396504133,1193.4330396504133,0
2025-03-05 04:00:00+00:00,1193.4330396504133,1193.4330396504133,0
2025-03-05 08:00:00+00:00,1193.4330396504133,1193.4330396504133,0
2025-03-05 12:00:00+00:00,1193.4330396504133,1193.4330396504133,0
2025-03-05 16:00:00+00:00,1193.4330396504133,1193.4330396504133,0
2025-03-05 20:00:00+00:00,1193.4330396504133,1193.4330396504133,0
2025-03-06 00:00:00+00:00,1193.4330396504133,1193.4330396504133,0
2025-03-06 04:00:00+00:00,1193.4330396504133,1193.4330396504133,0
2025-03-06 08:00:00+00:00,1193.4330396504133,1193.4330396504133,0
2025-03-06 12:00:00+00:00,1193.4330396504133,1193.4330396504133,0
2025-03-06 16:00:00+00:00,1193.4330396504133,1193.4330396504133,0
2025-03-06 20:00:00+00:00,1193.4330396504133,1193.4330396504133,0
2025-03-07 00:00:00+00:00,1193.4330396504133,1193.4330396504133,0
2025-03-07 04:00:00+00:00,1193.4330396504133,1193.4330396504133,0
2025-03-07 08:00:00+00:00,1193.4330396504133,1193.4330396504133,0
2025-03-07 12:00:00+00:00,1193.4330396504133,1193.4330396504133,0
2025-03-07 16:00:00+00:00,1193.4330396504133,1193.4330396504133,0
2025-03-07 20:00:00+00:00,1193.4330396504133,1193.4330396504133,0
2025-03-08 00:00:00+00:00,1193.4330396504133,1193.4330396504133,0
2025-03-08 04:00:00+00:00,1193.4330396504133,1193.4330396504133,0
2025-03-08 08:00:00+00:00,1193.4330396504133,1193.4330396504133,0
2025-03-08 12:00:00+00:00,1193.4330396504133,1193.4330396504133,0
2025-03-08 16:00:00+00:00,1193.4330396504133,1193.4330396504133,0
2025-03-08 20:00:00+00:00,1193.4330396504133,1193.4330396504133,0
2025-03-09 00:00:00+00:00,1193.4330396504133,1193.4330396504133,0
2025-03-09 04:00:00+00:00,1193.4330396504133,1193.4330396504133,0
2025-03-09 08:00:00+00:00,1193.4330396504133,1193.4330396504133,0
2025-03-09 12:00:00+00:00,1193.4330396504133,1193.4330396504133,0
2025-03-09 16:00:00+00:00,1193.4330396504133,1193.4330396504133,0
2025-03-09 20:00:00+00:00,1193.4330396504133,1193.4330396504133,0
2025-03-10 00:00:00+00:00,1193.4330396504133,1193.4330396504133,0
2025-03-10 04:00:00+00:00,1193.4330396504133,1193.4330396504133,0
2025-03-10 08:00:00+00:00,1193.4330396504133,1193.4330396504133,0
2025-03-10 12:00:00+00:00,1193.4330396504133,1193.4330396504133,0
2025-03-10 16:00:00+00:00,1193.4330396504133,1193.4330396504133,0
2025-03-10 20:00:00+00:00,1193.4330396504133,1193.4330396504133,0
2025-03-11 00:00:00+00:00,1193.4330396504133,1193.4330396504133,0
2025-03-11 04:00:00+00:00,1193.4330396504133,1193.4330396504133,0
2025-03-11 08:00:00+00:00,1193.4330396504133,1193.4330396504133,0
2025-03-11 12:00:00+00:00,1193.4330396504133,1193.4330396504133,0
2025-03-11 16:00:00+00:00,1193.4330396504133,1193.4330396504133,0
2025-03-11 20:00:00+00:00,1193.4330396504133,1193.4330396504133,0
2025-03-12 00:00:00+00:00,1193.4330396504133,1193.4330396504133,0
2025-03-12 04:00:00+00:00,1193.4330396504133,1193.4330396504133,0
2025-03-12 08:00:00+00:00,1193.4330396504133,1193.4330396504133,0
2025-03-12 12:00:00+00:00,1193.4330396504133,1193.4330396504133,0
2025-03-12 16:00:00+00:00,1193.4330396504133,1193.4330396504133,0
2025-03-12 20:00:00+00:00,1193.4330396504133,1193.4330396504133,0
2025-03-13 00:00:00+00:00,1193.4330396504133,1193.4330396504133,0
2025-03-13 04:00:00+00:00,1193.4330396504133,1193.4330396504133,0
2025-03-13 08:00:00+00:00,1193.4330396504133,1193.4330396504133,0
2025-03-13 12:00:00+00:00,1193.4330396504133,1193.4330396504133,0
2025-03-13 16:00:00+00:00,1193.4330396504133,1193.4330396504133,0
2025-03-13 20:00:00+00:00,1193.4330396504133,1193.4330396504133,0
2025-03-14 00:00:00+00:00,1193.4330396504133,1193.4330396504133,0
2025-03-14 04:00:00+00:00,1193.4330396504133,1193.4330396504133,0
2025-03-14 08:00:00+00:00,1193.4330396504133,1193.4330396504133,0
2025-03-14 12:00:00+00:00,1193.4330396504133,1193.4330396504133,0
2025-03-14 16:00:00+00:00,1193.4330396504133,1193.4330396504133,0
2025-03-14 20:00:00+00:00,1193.4330396504133,1193.4330396504133,0
2025-03-15 00:00:00+00:00,1193.4330396504133,1193.4330396504133,0
2025-03-15 04:00:00+00:00,1193.4330396504133,1193.4330396504133,0
2025-03-15 08:00:00+00:00,1193.4330396504133,1193.4330396504133,0
2025-03-15 12:00:00+00:00,1193.4330396504133,1193.4330396504133,0
2025-03-15 16:00:00+00:00,1193.4330396504133,1193.4330396504133,0
2025-03-15 20:00:00+00:00,1193.4330396504133,1193.4330396504133,0
2025-03-16 00:00:00+00:00,1193.4330396504133,1193.4330396504133,0
2025-03-16 04:00:00+00:00,1193.4330396504133,1193.4330396504133,0
2025-03-16 08:00:00+00:00,1193.4330396504133,1193.4330396504133,0
2025-03-16 12:00:00+00:00,1193.4330396504133,1193.4330396504133,0
2025-03-16 16:00:00+00:00,1193.4330396504133,1193.4330396504133,0
2025-03-16 20:00:00+00:00,1193.4330396504133,1193.4330396504133,0
2025-03-17 00:00:00+00:00,1193.4330396504133,1193.4330396504133,0
2025-03-17 04:00:00+00:00,1193.4330396504133,1193.4330396504133,0
2025-03-17 08:00:00+00:00,1193.4330396504133,1193.4330396504133,0
2025-03-17 12:00:00+00:00,1193.4330396504133,1193.4330396504133,0
2025-03-17 16:00:00+00:00,1193.4330396504133,1193.4330396504133,0
2025-03-17 20:00:00+00:00,1193.4330396504133,1193.4330396504133,0
2025-03-18 00:00:00+00:00,1193.4330396504133,1193.4330396504133,0
2025-03-18 04:00:00+00:00,1193.4330396504133,1193.4330396504133,0
2025-03-18 08:00:00+00:00,1193.4330396504133,1193.4330396504133,0
2025-03-18 12:00:00+00:00,1193.4330396504133,1193.4330396504133,0
2025-03-18 16:00:00+00:00,1193.4330396504133,1193.4330396504133,0
2025-03-18 20:00:00+00:00,1193.4330396504133,1193.4330396504133,0
2025-03-19 00:00:00+00:00,1193.4330396504133,1193.4330396504133,0
2025-03-19 04:00:00+00:00,1193.4330396504133,1193.4330396504133,0
2025-03-19 08:00:00+00:00,1193.4330396504133,1193.4330396504133,0
2025-03-19 12:00:00+00:00,1193.4330396504133,1193.4330396504133,0
2025-03-19 16:00:00+00:00,1193.4330396504133,1193.4330396504133,0
2025-03-19 20:00:00+00:00,1193.4330396504133,1193.4330396504133,0
2025-03-20 00:00:00+00:00,1193.4330396504133,1193.4330396504133,0
2025-03-20 04:00:00+00:00,1193.4330396504133,1193.4330396504133,0
2025-03-20 08:00:00+00:00,1193.4330396504133,1193.4330396504133,0
2025-03-20 12:00:00+00:00,1193.4330396504133,1193.4330396504133,0
2025-03-20 16:00:00+00:00,1193.4330396504133,1193.4330396504133,0
2025-03-20 20:00:00+00:00,1193.4330396504133,1193.4330396504133,0
2025-03-21 00:00:00+00:00,1193.4330396504133,1193.4330396504133,0
2025-03-21 04:00:00+00:00,1193.4330396504133,1193.4330396504133,0
2025-03-21 08:00:00+00:00,1193.4330396504133,1193.4330396504133,0
2025-03-21 12:00:00+00:00,1193.4330396504133,1193.4330396504133,0
2025-03-21 16:00:00+00:00,1193.4330396504133,1193.4330396504133,0
2025-03-21 20:00:00+00:00,1193.4330396504133,1193.4330396504133,0
2025-03-22 00:00:00+00:00,1193.4330396504133,1193.4330396504133,0
2025-03-22 04:00:00+00:00,1193.4330396504133,1193.4330396504133,0
2025-03-22 08:00:00+00:00,1193.4330396504133,1193.4330396504133,0
2025-03-22 12:00:00+00:00,1193.4330396504133,1193.4330396504133,0
2025-03-22 16:00:00+00:00,1193.4330396504133,1193.4330396504133,0
2025-03-22 20:00:00+00:00,1193.4330396504133,1193.4330396504133,0
2025-03-23 00:00:00+00:00,1193.4330396504133,1193.4330396504133,0
2025-03-23 04:00:00+00:00,1193.4330396504133,1193.4330396504133,0
2025-03-23 08:00:00+00:00,1193.4330396504133,1193.4330396504133,0
2025-03-23 12:00:00+00:00,1193.4330396504133,1193.4330396504133,0
2025-03-23 16:00:00+00:00,1193.4330396504133,1193.4330396504133,0
2025-03-23 20:00:00+00:00,1193.4330396504133,1193.4330396504133,0
2025-03-24 00:00:00+00:00,1193.4330396504133,1193.4330396504133,0
2025-03-24 04:00:00+00:00,1193.4330396504133,1193.4330396504133,0
2025-03-24 08:00:00+00:00,1193.4330396504133,1193.4330396504133,0
2025-03-24 12:00:00+00:00,1193.4330396504133,1193.4330396504133,0
2025-03-24 16:00:00+00:00,1193.4330396504133,1193.4330396504133,0
2025-03-24 20:00:00+00:00,1193.4330396504133,1193.4330396504133,0
2025-03-25 00:00:00+00:00,1193.4330396504133,1193.4330396504133,0
2025-03-25 04:00:00+00:00,1193.4330396504133,1193.4330396504133,0
2025-03-25 08:00:00+00:00,1193.4330396504133,1193.4330396504133,0
2025-03-25 12:00:00+00:00,1193.4330396504133,1193.4330396504133,0
2025-03-25 16:00:00+00:00,1193.4330396504133,1193.4330396504133,0
2025-03-25 20:00:00+00:00,1193.4330396504133,1193.4330396504133,0
2025-03-26 00:00:00+00:00,1193.4330396504133,1193.4330396504133,0
2025-03-26 04:00:00+00:00,1193.4330396504133,1193.4330396504133,0
2025-03-26 08:00:00+00:00,1193.4330396504133,1193.4330396504133,0
2025-03-26 12:00:00+00:00,1189.9362170337808,1193.355794793478,1
2025-03-26 16:00:00+00:00,1188.9293873666145,1193.355794793478,1
2025-03-26 20:00:00+00:00,1189.3188214831598,1193.355794793478,1
2025-03-27 00:00:00+00:00,1191.4702075172465,1193.355794793478,1
2025-03-27 04:00:00+00:00,1189.860229889089,1193.355794793478,1
2025-03-27 08:00:00+00:00,1188.5684484293283,1193.355794793478,1
2025-03-27 12:00:00+00:00,1187.4517845267872,1187.4517845267872,0
2025-03-27 16:00:00+00:00,1187.4517845267872,1187.4517845267872,0
2025-03-27 20:00:00+00:00,1187.4517845267872,1187.4517845267872,0
2025-03-28 00:00:00+00:00,1187.4517845267872,1187.4517845267872,0
2025-03-28 04:00:00+00:00,1187.4517845267872,1187.4517845267872,0
2025-03-28 08:00:00+00:00,1187.4517845267872,1187.4517845267872,0
2025-03-28 12:00:00+00:00,1187.4517845267872,1187.4517845267872,0
2025-03-28 16:00:00+00:00,1187.4517845267872,1187.4517845267872,0
2025-03-28 20:00:00+00:00,1187.4517845267872,1187.4517845267872,0
2025-03-29 00:00:00+00:00,1187.4517845267872,1187.4517845267872,0
2025-03-29 04:00:00+00:00,1187.4517845267872,1187.4517845267872,0
2025-03-29 08:00:00+00:00,1187.4517845267872,1187.4517845267872,0
2025-03-29 12:00:00+00:00,1186.4209922038604,1187.3749268061058,1
2025-03-29 16:00:00+00:00,1185.264768140387,1187.3749268061058,1
2025-03-29 20:00:00+00:00,1185.1680322625668,1187.3749268061058,1
2025-03-30 00:00:00+00:00,1181.5093295610889,1181.5093295610889,0
2025-03-30 04:00:00+00:00,1181.5093295610889,1181.5093295610889,0
2025-03-30 08:00:00+00:00,1181.5093295610889,1181.5093295610889,0
2025-03-30 12:00:00+00:00,1181.5093295610889,1181.5093295610889,0
2025-03-30 16:00:00+00:00,1181.5093295610889,1181.5093295610889,0
2025-03-30 20:00:00+00:00,1181.5093295610889,1181.5093295610889,0
2025-03-31 00:00:00+00:00,1181.5093295610889,1181.5093295610889,0
2025-03-31 04:00:00+00:00,1181.5093295610889,1181.5093295610889,0
2025-03-31 08:00:00+00:00,1181.5093295610889,1181.5093295610889,0
2025-03-31 12:00:00+00:00,1181.5093295610889,1181.5093295610889,0
2025-03-31 16:00:00+00:00,1181.5093295610889,1181.5093295610889,0
2025-03-31 20:00:00+00:00,1181.5093295610889,1181.5093295610889,0
2025-04-01 00:00:00+00:00,1181.5093295610889,1181.5093295610889,0
2025-04-01 04:00:00+00:00,1181.5093295610889,1181.5093295610889,0
2025-04-01 08:00:00+00:00,1181.5093295610889,1181.5093295610889,0
2025-04-01 12:00:00+00:00,1181.5093295610889,1181.5093295610889,0
2025-04-01 16:00:00+00:00,1181.5093295610889,1181.5093295610889,0
2025-04-01 20:00:00+00:00,1181.5093295610889,1181.5093295610889,0
2025-04-02 00:00:00+00:00,1181.5093295610889,1181.5093295610889,0
2025-04-02 04:00:00+00:00,1181.5093295610889,1181.5093295610889,0
2025-04-02 08:00:00+00:00,1181.5093295610889,1181.5093295610889,0
2025-04-02 12:00:00+00:00,1181.5093295610889,1181.5093295610889,0
2025-04-02 16:00:00+00:00,1181.5093295610889,1181.5093295610889,0
2025-04-02 20:00:00+00:00,1181.5093295610889,1181.5093295610889,0
2025-04-03 00:00:00+00:00,1181.5093295610889,1181.5093295610889,0
2025-04-03 04:00:00+00:00,1181.5093295610889,1181.5093295610889,0
2025-04-03 08:00:00+00:00,1181.5093295610889,1181.5093295610889,0
2025-04-03 12:00:00+00:00,1181.5093295610889,1181.5093295610889,0
2025-04-03 16:00:00+00:00,1181.5093295610889,1181.5093295610889,0
2025-04-03 20:00:00+00:00,1181.5093295610889,1181.5093295610889,0
2025-04-04 00:00:00+00:00,1181.5093295610889,1181.5093295610889,0
2025-04-04 04:00:00+00:00,1181.5093295610889,1181.5093295610889,0
2025-04-04 08:00:00+00:00,1181.5093295610889,1181.5093295610889,0
2025-04-04 12:00:00+00:00,1181.5093295610889,1181.5093295610889,0
2025-04-04 16:00:00+00:00,1181.5093295610889,1181.5093295610889,0
2025-04-04 20:00:00+00:00,1181.5093295610889,1181.5093295610889,0
2025-04-05 00:00:00+00:00,1181.5093295610889,1181.5093295610889,0
2025-04-05 04:00:00+00:00,1181.5093295610889,1181.5093295610889,0
2025-04-05 08:00:00+00:00,1181.5093295610889,1181.5093295610889,0
2025-04-05 12:00:00+00:00,1181.5093295610889,1181.5093295610889,0
2025-04-05 16:00:00+00:00,1181.5093295610889,1181.5093295610889,0
2025-04-05 20:00:00+00:00,1181.5093295610889,1181.5093295610889,0
2025-04-06 00:00:00+00:00,1181.5093295610889,1181.5093295610889,0
2025-04-06 04:00:00+00:00,1181.5093295610889,1181.5093295610889,0
2025-04-06 08:00:00+00:00,1181.5093295610889,1181.5093295610889,0
2025-04-06 12:00:00+00:00,1181.5093295610889,1181.5093295610889,0
2025-04-06 16:00:00+00:00,1181.5093295610889,1181.5093295610889,0
2025-04-06 20:00:00+00:00,1181.5093295610889,1181.5093295610889,0
2025-04-07 00:00:00+00:00,1181.5093295610889,1181.5093295610889,0
2025-04-07 04:00:00+00:00,1181.5093295610889,1181.5093295610889,0
2025-04-07 08:00:00+00:00,1181.5093295610889,1181.5093295610889,0
2025-04-07 12:00:00+00:00,1181.5093295610889,1181.5093295610889,0
2025-04-07 16:00:00+00:00,1181.5093295610889,1181.5093295610889,0
2025-04-07 20:00:00+00:00,1181.5093295610889,1181.5093295610889,0
2025-04-08 00:00:00+00:00,1181.5093295610889,1181.5093295610889,0
2025-04-08 04:00:00+00:00,1181.5093295610889,1181.5093295610889,0
2025-04-08 08:00:00+00:00,1181.5093295610889,1181.5093295610889,0
2025-04-08 12:00:00+00:00,1181.5093295610889,1181.5093295610889,0
2025-04-08 16:00:00+00:00,1181.5093295610889,1181.5093295610889,0
2025-04-08 20:00:00+00:00,1181.5093295610889,1181.5093295610889,0
2025-04-09 00:00:00+00:00,1181.5093295610889,1181.5093295610889,0
2025-04-09 04:00:00+00:00,1181.5093295610889,1181.5093295610889,0
2025-04-09 08:00:00+00:00,1181.5093295610889,1181.5093295610889,0
2025-04-09 12:00:00+00:00,1181.5093295610889,1181.5093295610889,0
2025-04-09 16:00:00+00:00,1181.5093295610889,1181.5093295610889,0
2025-04-09 20:00:00+00:00,1181.5093295610889,1181.5093295610889,0
2025-04-10 00:00:00+00:00,1181.5093295610889,1181.5093295610889,0
2025-04-10 04:00:00+00:00,1181.5093295610889,1181.5093295610889,0
2025-04-10 08:00:00+00:00,1181.5093295610889,1181.5093295610889,0
2025-04-10 12:00:00+00:00,1181.5093295610889,1181.5093295610889,0
2025-04-10 16:00:00+00:00,1181.5093295610889,1181.5093295610889,0
2025-04-10 20:00:00+00:00,1181.5093295610889,1181.5093295610889,0
2025-04-11 00:00:00+00:00,1181.5093295610889,1181.5093295610889,0
2025-04-11 04:00:00+00:00,1181.5093295610889,1181.5093295610889,0
2025-04-11 08:00:00+00:00,1181.5093295610889,1181.5093295610889,0
2025-04-11 12:00:00+00:00,1181.5093295610889,1181.5093295610889,0
2025-04-11 16:00:00+00:00,1181.5093295610889,1181.5093295610889,0
2025-04-11 20:00:00+00:00,1181.5093295610889,1181.5093295610889,0
2025-04-12 00:00:00+00:00,1181.5093295610889,1181.5093295610889,0
2025-04-12 04:00:00+00:00,1181.5093295610889,1181.5093295610889,0
2025-04-12 08:00:00+00:00,1181.5093295610889,1181.5093295610889,0
2025-04-12 12:00:00+00:00,1181.5093295610889,1181.5093295610889,0
2025-04-12 16:00:00+00:00,1179.8385800943681,1181.4328564653244,1
2025-04-12 20:00:00+00:00,1181.2974530161582,1181.4328564653244,1
2025-04-13 00:00:00+00:00,1180.1415409247718,1181.4328564653244,1
2025-04-13 04:00:00+00:00,1178.6640242595722,1181.4328564653244,1
2025-04-13 08:00:00+00:00,1178.99495070509,1181.4328564653244,1
2025-04-13 12:00:00+00:00,1177.8343776778513,1181.4328564653244,1
2025-04-13 16:00:00+00:00,1177.7411589608041,1181.4328564653244,1
2025-04-13 20:00:00+00:00,1175.5878337617773,1175.5878337617773,0
2025-04-14 00:00:00+00:00,1175.5878337617773,1175.5878337617773,0
2025-04-14 04:00:00+00:00,1175.5878337617773,1175.5878337617773,0
2025-04-14 08:00:00+00:00,1175.5878337617773,1175.5878337617773,0
2025-04-14 12:00:00+00:00,1175.5878337617773,1175.5878337617773,0
2025-04-14 16:00:00+00:00,1175.5878337617773,1175.5878337617773,0
2025-04-14 20:00:00+00:00,1175.5878337617773,1175.5878337617773,0
2025-04-15 00:00:00+00:00,1175.5878337617773,1175.5878337617773,0
2025-04-15 04:00:00+00:00,1175.5878337617773,1175.5878337617773,0
2025-04-15 08:00:00+00:00,1175.5878337617773,1175.5878337617773,0
2025-04-15 12:00:00+00:00,1175.5878337617773,1175.5878337617773,0
2025-04-15 16:00:00+00:00,1175.5878337617773,1175.5878337617773,0
2025-04-15 20:00:00+00:00,1175.5878337617773,1175.5878337617773,0
2025-04-16 00:00:00+00:00,1175.5878337617773,1175.5878337617773,0
2025-04-16 04:00:00+00:00,1175.5878337617773,1175.5878337617773,0
2025-04-16 08:00:00+00:00,1175.5878337617773,1175.5878337617773,0
2025-04-16 12:00:00+00:00,1175.5878337617773,1175.5878337617773,0
2025-04-16 16:00:00+00:00,1175.5878337617773,1175.5878337617773,0
2025-04-16 20:00:00+00:00,1175.5878337617773,1175.5878337617773,0
2025-04-17 00:00:00+00:00,1175.5878337617773,1175.5878337617773,0
2025-04-17 04:00:00+00:00,1175.5878337617773,1175.5878337617773,0
2025-04-17 08:00:00+00:00,1175.5878337617773,1175.5878337617773,0
2025-04-17 12:00:00+00:00,1175.5878337617773,1175.5878337617773,0
2025-04-17 16:00:00+00:00,1175.5878337617773,1175.5878337617773,0
2025-04-17 20:00:00+00:00,1175.5878337617773,1175.5878337617773,0
2025-04-18 00:00:00+00:00,1175.5878337617773,1175.5878337617773,0
2025-04-18 04:00:00+00:00,1175.5878337617773,1175.5878337617773,0
2025-04-18 08:00:00+00:00,1175.5878337617773,1175.5878337617773,0
2025-04-18 12:00:00+00:00,1175.5878337617773,1175.5878337617773,0
2025-04-18 16:00:00+00:00,1175.5878337617773,1175.5878337617773,0
2025-04-18 20:00:00+00:00,1175.5878337617773,1175.5878337617773,0
2025-04-19 00:00:00+00:00,1175.5878337617773,1175.5878337617773,0
2025-04-19 04:00:00+00:00,1175.5878337617773,1175.5878337617773,0
2025-04-19 08:00:00+00:00,1175.5878337617773,1175.5878337617773,0
2025-04-19 12:00:00+00:00,1175.5878337617773,1175.5878337617773,0
2025-04-19 16:00:00+00:00,1175.5878337617773,1175.5878337617773,0
2025-04-19 20:00:00+00:00,1175.5878337617773,1175.5878337617773,0
2025-04-20 00:00:00+00:00,1175.5878337617773,1175.5878337617773,0
2025-04-20 04:00:00+00:00,1175.5878337617773,1175.5878337617773,0
2025-04-20 08:00:00+00:00,1175.5878337617773,1175.5878337617773,0
2025-04-20 12:00:00+00:00,1175.5878337617773,1175.5878337617773,0
2025-04-20 16:00:00+00:00,1175.5878337617773,1175.5878337617773,0
2025-04-20 20:00:00+00:00,1175.5878337617773,1175.5878337617773,0
2025-04-21 00:00:00+00:00,1175.5878337617773,1175.5878337617773,0
2025-04-21 04:00:00+00:00,1175.5878337617773,1175.5878337617773,0
2025-04-21 08:00:00+00:00,1175.5878337617773,1175.5878337617773,0
2025-04-21 12:00:00+00:00,1175.5878337617773,1175.5878337617773,0
2025-04-21 16:00:00+00:00,1175.5878337617773,1175.5878337617773,0
2025-04-21 20:00:00+00:00,1175.5878337617773,1175.5878337617773,0
2025-04-22 00:00:00+00:00,1175.5878337617773,1175.5878337617773,0
2025-04-22 04:00:00+00:00,1175.5878337617773,1175.5878337617773,0
2025-04-22 08:00:00+00:00,1175.5878337617773,1175.5878337617773,0
2025-04-22 12:00:00+00:00,1175.5878337617773,1175.5878337617773,0
2025-04-22 16:00:00+00:00,1175.5878337617773,1175.5878337617773,0
2025-04-22 20:00:00+00:00,1175.5878337617773,1175.5878337617773,0
2025-04-23 00:00:00+00:00,1175.5878337617773,1175.5878337617773,0
2025-04-23 04:00:00+00:00,1175.5878337617773,1175.5878337617773,0
2025-04-23 08:00:00+00:00,1175.5878337617773,1175.5878337617773,0
2025-04-23 12:00:00+00:00,1175.5878337617773,1175.5878337617773,0
2025-04-23 16:00:00+00:00,1175.5878337617773,1175.5878337617773,0
2025-04-23 20:00:00+00:00,1175.5878337617773,1175.5878337617773,0
2025-04-24 00:00:00+00:00,1175.5878337617773,1175.5878337617773,0
2025-04-24 04:00:00+00:00,1175.5878337617773,1175.5878337617773,0
2025-04-24 08:00:00+00:00,1175.5878337617773,1175.5878337617773,0
2025-04-24 12:00:00+00:00,1175.5878337617773,1175.5878337617773,0
2025-04-24 16:00:00+00:00,1175.751159501575,1175.5117439343494,1
2025-04-24 20:00:00+00:00,1174.925773806235,1175.5117439343494,1
2025-04-25 00:00:00+00:00,1173.5632323409113,1175.5117439343494,1
2025-04-25 04:00:00+00:00,1174.9650778869652,1175.5117439343494,1
2025-04-25 08:00:00+00:00,1174.820962924287,1175.5117439343494,1
2025-04-25 12:00:00+00:00,1174.637543880878,1175.5117439343494,1
2025-04-25 16:00:00+00:00,1174.2707057940602,1175.5117439343494,1
2025-04-25 20:00:00+00:00,1173.8252595457811,1175.5117439343494,1
2025-04-26 00:00:00+00:00,1174.847165644774,1175.5117439343494,1
2025-04-26 04:00:00+00:00,1175.4760309364617,1175.5117439343494,1
2025-04-26 08:00:00+00:00,1173.0260765709281,1175.5117439343494,1
2025-04-26 12:00:00+00:00,1173.3274078565285,1175.5117439343494,1
2025-04-26 16:00:00+00:00,1172.9867724901976,1175.5117439343494,1
2025-04-26 20:00:00+00:00,1172.9605697697104,1175.5117439343494,1
2025-04-27 00:00:00+00:00,1172.580630322649,1175.5117439343494,1
2025-04-27 04:00:00+00:00,1172.0565759129095,1175.5117439343494,1
2025-04-27 08:00:00+00:00,1171.650433745361,1175.5117439343494,1
2025-04-27 12:00:00+00:00,1171.5325215031696,1175.5117439343494,1
2025-04-27 16:00:00+00:00,1174.1265908313817,1175.5117439343494,1
2025-04-27 20:00:00+00:00,1172.5020221611883,1175.5117439343494,1
2025-04-28 00:00:00+00:00,1169.6294367529072,1169.6294367529072,0
2025-04-28 04:00:00+00:00,1169.6294367529072,1169.6294367529072,0
2025-04-28 08:00:00+00:00,1169.6294367529072,1169.6294367529072,0
2025-04-28 12:00:00+00:00,1169.6294367529072,1169.6294367529072,0
2025-04-28 16:00:00+00:00,1169.6294367529072,1169.6294367529072,0
2025-04-28 20:00:00+00:00,1169.6294367529072,1169.6294367529072,0
2025-04-29 00:00:00+00:00,1169.6294367529072,1169.6294367529072,0
2025-04-29 04:00:00+00:00,1169.6294367529072,1169.6294367529072,0
2025-04-29 08:00:00+00:00,1169.6294367529072,1169.6294367529072,0
2025-04-29 12:00:00+00:00,1169.6294367529072,1169.6294367529072,0
2025-04-29 16:00:00+00:00,1169.6294367529072,1169.6294367529072,0
2025-04-29 20:00:00+00:00,1169.6294367529072,1169.6294367529072,0
2025-04-30 00:00:00+00:00,1169.6294367529072,1169.6294367529072,0
2025-04-30 04:00:00+00:00,1169.6294367529072,1169.6294367529072,0
2025-04-30 08:00:00+00:00,1169.6294367529072,1169.6294367529072,0
2025-04-30 12:00:00+00:00,1169.6294367529072,1169.6294367529072,0
2025-04-30 16:00:00+00:00,1169.6294367529072,1169.6294367529072,0
2025-04-30 20:00:00+00:00,1169.6294367529072,1169.6294367529072,0
2025-05-01 00:00:00+00:00,1169.6294367529072,1169.6294367529072,0
2025-05-01 04:00:00+00:00,1169.6294367529072,1169.6294367529072,0
2025-05-01 08:00:00+00:00,1169.6294367529072,1169.6294367529072,0
2025-05-01 12:00:00+00:00,1169.6294367529072,1169.6294367529072,0
2025-05-01 16:00:00+00:00,1169.6294367529072,1169.6294367529072,0
2025-05-01 20:00:00+00:00,1169.6294367529072,1169.6294367529072,0
2025-05-02 00:00:00+00:00,1169.6294367529072,1169.6294367529072,0
2025-05-02 04:00:00+00:00,1169.6294367529072,1169.6294367529072,0
2025-05-02 08:00:00+00:00,1169.6294367529072,1169.6294367529072,0
2025-05-02 12:00:00+00:00,1169.6294367529072,1169.6294367529072,0
2025-05-02 16:00:00+00:00,1169.6294367529072,1169.6294367529072,0
2025-05-02 20:00:00+00:00,1169.6294367529072,1169.6294367529072,0
2025-05-03 00:00:00+00:00,1169.6294367529072,1169.6294367529072,0
2025-05-03 04:00:00+00:00,1169.6294367529072,1169.6294367529072,0
2025-05-03 08:00:00+00:00,1169.6294367529072,1169.6294367529072,0
2025-05-03 12:00:00+00:00,1169.6294367529072,1169.6294367529072,0
2025-05-03 16:00:00+00:00,1169.6294367529072,1169.6294367529072,0
2025-05-03 20:00:00+00:00,1169.6294367529072,1169.6294367529072,0
2025-05-04 00:00:00+00:00,1169.6294367529072,1169.6294367529072,0
2025-05-04 04:00:00+00:00,1169.6294367529072,1169.6294367529072,0
2025-05-04 08:00:00+00:00,1169.6294367529072,1169.6294367529072,0
2025-05-04 12:00:00+00:00,1169.6294367529072,1169.6294367529072,0
2025-05-04 16:00:00+00:00,1169.6294367529072,1169.6294367529072,0
2025-05-04 20:00:00+00:00,1169.6294367529072,1169.6294367529072,0
2025-05-05 00:00:00+00:00,1169.6294367529072,1169.6294367529072,0
2025-05-05 04:00:00+00:00,1169.6294367529072,1169.6294367529072,0
2025-05-05 08:00:00+00:00,1169.6294367529072,1169.6294367529072,0
2025-05-05 12:00:00+00:00,1170.1454214254009,1169.536590322851,1
2025-05-05 16:00:00+00:00,1168.671881016268,1169.536590322851,1
2025-05-05 20:00:00+00:00,1168.2363812192366,1169.536590322851,1
2025-05-06 00:00:00+00:00,1167.7949156715613,1169.536590322851,1
2025-05-06 04:00:00+00:00,1167.6219089028775,1169.536590322851,1
2025-05-06 08:00:00+00:00,1169.8113393893223,1169.536590322851,1
2025-05-06 12:00:00+00:00,1168.3855249853432,1169.536590322851,1
2025-05-06 16:00:00+00:00,1167.3892446277512,1169.536590322851,1
2025-05-06 20:00:00+00:00,1166.249786254697,1169.536590322851,1
2025-05-07 00:00:00+00:00,1166.7091490543053,1169.536590322851,1
2025-05-07 04:00:00+00:00,1166.8344298178347,1169.536590322851,1
2025-05-07 08:00:00+00:00,1167.72332666383,1169.536590322851,1
2025-05-07 12:00:00+00:00,1170.4556404589025,1169.536590322851,1
2025-05-07 16:00:00+00:00,1170.8314827494912,1169.536590322851,1
2025-05-07 20:00:00+00:00,1169.0417575562121,1169.536590322851,1
2025-05-08 00:00:00+00:00,1164.2512597888688,1169.536590322851,1
2025-05-08 04:00:00+00:00,1163.6949638886165,1163.6949638886165,0
2025-05-08 08:00:00+00:00,1163.6949638886165,1163.6949638886165,0
2025-05-08 12:00:00+00:00,1163.6949638886165,1163.6949638886165,0
2025-05-08 16:00:00+00:00,1163.6949638886165,1163.6949638886165,0
2025-05-08 20:00:00+00:00,1163.6949638886165,1163.6949638886165,0
2025-05-09 00:00:00+00:00,1163.6949638886165,1163.6949638886165,0
2025-05-09 04:00:00+00:00,1163.6949638886165,1163.6949638886165,0
2025-05-09 08:00:00+00:00,1163.6949638886165,1163.6949638886165,0
2025-05-09 12:00:00+00:00,1163.6949638886165,1163.6949638886165,0
2025-05-09 16:00:00+00:00,1163.6949638886165,1163.6949638886165,0
2025-05-09 20:00:00+00:00,1163.6949638886165,1163.6949638886165,0
2025-05-10 00:00:00+00:00,1163.6949638886165,1163.6949638886165,0
2025-05-10 04:00:00+00:00,1163.6949638886165,1163.6949638886165,0
2025-05-10 08:00:00+00:00,1162.9046157891828,1163.6196438262289,1
2025-05-10 12:00:00+00:00,1164.7778528779436,1163.6196438262289,1
2025-05-10 16:00:00+00:00,1168.2597218164697,1163.6196438262289,1
2025-05-10 20:00:00+00:00,1174.7110495481659,1163.6196438262289,1
2025-05-11 00:00:00+00:00,1170.0741577410092,1163.6196438262289,1
2025-05-11 04:00:00+00:00,1167.2425843458473,1167.2425843458473,0
2025-05-11 08:00:00+00:00,1167.2425843458473,1167.2425843458473,0
2025-05-11 12:00:00+00:00,1167.2425843458473,1167.2425843458473,0
2025-05-11 16:00:00+00:00,1167.2425843458473,1167.2425843458473,0
2025-05-11 20:00:00+00:00,1167.2425843458473,1167.2425843458473,0
2025-05-12 00:00:00+00:00,1167.2425843458473,1167.2425843458473,0
2025-05-12 04:00:00+00:00,1167.2425843458473,1167.2425843458473,0
2025-05-12 08:00:00+00:00,1167.2425843458473,1167.2425843458473,0
2025-05-12 12:00:00+00:00,1167.2425843458473,1167.2425843458473,0
2025-05-12 16:00:00+00:00,1164.9506744822859,1167.1670346640126,1
2025-05-12 20:00:00+00:00,1165.3439864969782,1167.1670346640126,1
2025-05-13 00:00:00+00:00,1161.411478129312,1161.411478129312,0
2025-05-13 04:00:00+00:00,1161.411478129312,1161.411478129312,0
2025-05-13 08:00:00+00:00,1161.411478129312,1161.411478129312,0
2025-05-13 12:00:00+00:00,1161.411478129312,1161.411478129312,0
2025-05-13 16:00:00+00:00,1161.411478129312,1161.411478129312,0
2025-05-13 20:00:00+00:00,1161.411478129312,1161.411478129312,0
2025-05-14 00:00:00+00:00,1161.411478129312,1161.411478129312,0
2025-05-14 04:00:00+00:00,1161.411478129312,1161.411478129312,0
2025-05-14 08:00:00+00:00,1161.411478129312,1161.411478129312,0
2025-05-14 12:00:00+00:00,1161.411478129312,1161.411478129312,0
2025-05-14 16:00:00+00:00,1161.411478129312,1161.411478129312,0
2025-05-14 20:00:00+00:00,1161.411478129312,1161.411478129312,0
2025-05-15 00:00:00+00:00,1161.411478129312,1161.411478129312,0
2025-05-15 04:00:00+00:00,1161.411478129312,1161.411478129312,0
2025-05-15 08:00:00+00:00,1161.411478129312,1161.411478129312,0
2025-05-15 12:00:00+00:00,1161.411478129312,1161.411478129312,0
2025-05-15 16:00:00+00:00,1161.411478129312,1161.411478129312,0
2025-05-15 20:00:00+00:00,1161.411478129312,1161.411478129312,0
2025-05-16 00:00:00+00:00,1161.411478129312,1161.411478129312,0
2025-05-16 04:00:00+00:00,1161.411478129312,1161.411478129312,0
2025-05-16 08:00:00+00:00,1161.411478129312,1161.411478129312,0
2025-05-16 12:00:00+00:00,1161.411478129312,1161.411478129312,0
2025-05-16 16:00:00+00:00,1161.411478129312,1161.411478129312,0
2025-05-16 20:00:00+00:00,1161.411478129312,1161.411478129312,0
2025-05-17 00:00:00+00:00,1161.411478129312,1161.411478129312,0
2025-05-17 04:00:00+00:00,1161.411478129312,1161.411478129312,0
2025-05-17 08:00:00+00:00,1161.411478129312,1161.411478129312,0
2025-05-17 12:00:00+00:00,1161.411478129312,1161.411478129312,0
2025-05-17 16:00:00+00:00,1161.411478129312,1161.411478129312,0
2025-05-17 20:00:00+00:00,1161.411478129312,1161.411478129312,0
2025-05-18 00:00:00+00:00,1161.411478129312,1161.411478129312,0
2025-05-18 04:00:00+00:00,1161.411478129312,1161.411478129312,0
2025-05-18 08:00:00+00:00,1161.411478129312,1161.411478129312,0
2025-05-18 12:00:00+00:00,1161.411478129312,1161.411478129312,0
2025-05-18 16:00:00+00:00,1161.411478129312,1161.411478129312,0
2025-05-18 20:00:00+00:00,1161.411478129312,1161.411478129312,0
2025-05-19 00:00:00+00:00,1161.411478129312,1161.411478129312,0
2025-05-19 04:00:00+00:00,1161.411478129312,1161.411478129312,0
2025-05-19 08:00:00+00:00,1161.411478129312,1161.411478129312,0
2025-05-19 12:00:00+00:00,1161.411478129312,1161.411478129312,0
2025-05-19 16:00:00+00:00,1161.411478129312,1161.411478129312,0
2025-05-19 20:00:00+00:00,1161.411478129312,1161.411478129312,0
2025-05-20 00:00:00+00:00,1161.411478129312,1161.411478129312,0
2025-05-20 04:00:00+00:00,1161.411478129312,1161.411478129312,0
2025-05-20 08:00:00+00:00,1161.411478129312,1161.411478129312,0
2025-05-20 12:00:00+00:00,1161.411478129312,1161.411478129312,0
2025-05-20 16:00:00+00:00,1161.411478129312,1161.411478129312,0
2025-05-20 20:00:00+00:00,1161.411478129312,1161.411478129312,0
2025-05-21 00:00:00+00:00,1161.411478129312,1161.411478129312,0
2025-05-21 04:00:00+00:00,1161.411478129312,1161.411478129312,0
2025-05-21 08:00:00+00:00,1161.411478129312,1161.411478129312,0
2025-05-21 12:00:00+00:00,1161.411478129312,1161.411478129312,0
2025-05-21 16:00:00+00:00,1161.411478129312,1161.411478129312,0
2025-05-21 20:00:00+00:00,1161.411478129312,1161.411478129312,0
2025-05-22 00:00:00+00:00,1161.411478129312,1161.411478129312,0
2025-05-22 04:00:00+00:00,1161.411478129312,1161.411478129312,0
2025-05-22 08:00:00+00:00,1161.411478129312,1161.411478129312,0
2025-05-22 12:00:00+00:00,1161.411478129312,1161.411478129312,0
2025-05-22 16:00:00+00:00,1161.411478129312,1161.411478129312,0
2025-05-22 20:00:00+00:00,1161.411478129312,1161.411478129312,0
2025-05-23 00:00:00+00:00,1161.411478129312,1161.411478129312,0
2025-05-23 04:00:00+00:00,1158.496438609424,1161.3363058653554,1
2025-05-23 08:00:00+00:00,1155.6188984656699,1155.6188984656699,0
2025-05-23 12:00:00+00:00,1155.6188984656699,1155.6188984656699,0
2025-05-23 16:00:00+00:00,1155.6188984656699,1155.6188984656699,0
2025-05-23 20:00:00+00:00,1155.6188984656699,1155.6188984656699,0
2025-05-24 00:00:00+00:00,1155.6188984656699,1155.6188984656699,0
2025-05-24 04:00:00+00:00,1155.6188984656699,1155.6188984656699,0
2025-05-24 08:00:00+00:00,1155.6188984656699,1155.6188984656699,0
2025-05-24 12:00:00+00:00,1155.6188984656699,1155.6188984656699,0
2025-05-24 16:00:00+00:00,1155.6188984656699,1155.6188984656699,0
2025-05-24 20:00:00+00:00,1155.6188984656699,1155.6188984656699,0
2025-05-25 00:00:00+00:00,1155.6188984656699,1155.6188984656699,0
2025-05-25 04:00:00+00:00,1155.6188984656699,1155.6188984656699,0
2025-05-25 08:00:00+00:00,1155.6188984656699,1155.6188984656699,0
2025-05-25 12:00:00+00:00,1155.6188984656699,1155.6188984656699,0
2025-05-25 16:00:00+00:00,1155.6188984656699,1155.6188984656699,0
2025-05-25 20:00:00+00:00,1155.6188984656699,1155.6188984656699,0
2025-05-26 00:00:00+00:00,1155.6188984656699,1155.6188984656699,0
2025-05-26 04:00:00+00:00,1155.6188984656699,1155.6188984656699,0
2025-05-26 08:00:00+00:00,1155.6188984656699,1155.6188984656699,0
2025-05-26 12:00:00+00:00,1155.6188984656699,1155.6188984656699,0
2025-05-26 16:00:00+00:00,1155.6188984656699,1155.6188984656699,0
2025-05-26 20:00:00+00:00,1155.6188984656699,1155.6188984656699,0
2025-05-27 00:00:00+00:00,1155.6188984656699,1155.6188984656699,0
2025-05-27 04:00:00+00:00,1155.6188984656699,1155.6188984656699,0
2025-05-27 08:00:00+00:00,1155.6188984656699,1155.6188984656699,0
2025-05-27 12:00:00+00:00,1155.6188984656699,1155.6188984656699,0
2025-05-27 16:00:00+00:00,1155.6188984656699,1155.6188984656699,0
2025-05-27 20:00:00+00:00,1155.6188984656699,1155.6188984656699,0
2025-05-28 00:00:00+00:00,1155.6188984656699,1155.6188984656699,0
2025-05-28 04:00:00+00:00,1155.6188984656699,1155.6188984656699,0
2025-05-28 08:00:00+00:00,1155.6188984656699,1155.6188984656699,0
2025-05-28 12:00:00+00:00,1155.6188984656699,1155.6188984656699,0
2025-05-28 16:00:00+00:00,1155.6188984656699,1155.6188984656699,0
2025-05-28 20:00:00+00:00,1155.6188984656699,1155.6188984656699,0
2025-05-29 00:00:00+00:00,1155.6188984656699,1155.6188984656699,0
2025-05-29 04:00:00+00:00,1154.2284628111154,1155.5299031206575,1
2025-05-29 08:00:00+00:00,1153.6179382862467,1155.5299031206575,1
2025-05-29 12:00:00+00:00,1149.845832496117,1149.845832496117,0
2025-05-29 16:00:00+00:00,1149.845832496117,1149.845832496117,0
2025-05-29 20:00:00+00:00,1149.845832496117,1149.845832496117,0
2025-05-30 00:00:00+00:00,1149.845832496117,1149.845832496117,0
2025-05-30 04:00:00+00:00,1149.845832496117,1149.845832496117,0
2025-05-30 08:00:00+00:00,1149.845832496117,1149.845832496117,0
2025-05-30 12:00:00+00:00,1149.845832496117,1149.845832496117,0
2025-05-30 16:00:00+00:00,1149.845832496117,1149.845832496117,0
2025-05-30 20:00:00+00:00,1149.845832496117,1149.845832496117,0
2025-05-31 00:00:00+00:00,1149.845832496117,1149.845832496117,0
2025-05-31 04:00:00+00:00,1149.845832496117,1149.845832496117,0
2025-05-31 08:00:00+00:00,1149.845832496117,1149.845832496117,0
2025-05-31 12:00:00+00:00,1149.845832496117,1149.845832496117,0
2025-05-31 16:00:00+00:00,1149.845832496117,1149.845832496117,0
2025-05-31 20:00:00+00:00,1149.845832496117,1149.845832496117,0
2025-06-01 00:00:00+00:00,1149.845832496117,1149.845832496117,0
2025-06-01 04:00:00+00:00,1149.845832496117,1149.845832496117,0
2025-06-01 08:00:00+00:00,1149.845832496117,1149.845832496117,0
2025-06-01 12:00:00+00:00,1149.845832496117,1149.845832496117,0
2025-06-01 16:00:00+00:00,1149.845832496117,1149.845832496117,0
2025-06-01 20:00:00+00:00,1149.845832496117,1149.845832496117,0
2025-06-02 00:00:00+00:00,1149.845832496117,1149.845832496117,0
2025-06-02 04:00:00+00:00,1149.845832496117,1149.845832496117,0
2025-06-02 08:00:00+00:00,1149.845832496117,1149.845832496117,0
2025-06-02 12:00:00+00:00,1149.845832496117,1149.845832496117,0
2025-06-02 16:00:00+00:00,1149.845832496117,1149.845832496117,0
2025-06-02 20:00:00+00:00,1149.845832496117,1149.845832496117,0
2025-06-03 00:00:00+00:00,1149.845832496117,1149.845832496117,0
2025-06-03 04:00:00+00:00,1149.845832496117,1149.845832496117,0
2025-06-03 08:00:00+00:00,1149.845832496117,1149.845832496117,0
2025-06-03 12:00:00+00:00,1149.845832496117,1149.845832496117,0
2025-06-03 16:00:00+00:00,1149.845832496117,1149.845832496117,0
2025-06-03 20:00:00+00:00,1149.845832496117,1149.845832496117,0
2025-06-04 00:00:00+00:00,1149.845832496117,1149.845832496117,0
2025-06-04 04:00:00+00:00,1149.845832496117,1149.845832496117,0
2025-06-04 08:00:00+00:00,1149.845832496117,1149.845832496117,0
2025-06-04 12:00:00+00:00,1149.845832496117,1149.845832496117,0
2025-06-04 16:00:00+00:00,1149.845832496117,1149.845832496117,0
2025-06-04 20:00:00+00:00,1149.845832496117,1149.845832496117,0
2025-06-05 00:00:00+00:00,1149.845832496117,1149.845832496117,0
2025-06-05 04:00:00+00:00,1149.845832496117,1149.845832496117,0
2025-06-05 08:00:00+00:00,1149.845832496117,1149.845832496117,0
2025-06-05 12:00:00+00:00,1149.845832496117,1149.845832496117,0
2025-06-05 16:00:00+00:00,1153.4475884997416,1149.7500132620314,1
2025-06-05 20:00:00+00:00,1154.9727155602288,1149.7500132620314,1
2025-06-06 00:00:00+00:00,1152.9709862933394,1149.7500132620314,1
2025-06-06 04:00:00+00:00,1152.5261575673637,1149.7500132620314,1
2025-06-06 08:00:00+00:00,1151.1678412791173,1149.7500132620314,1
2025-06-06 12:00:00+00:00,1149.5712238876697,1149.7500132620314,1
2025-06-06 16:00:00+00:00,1151.1360677986904,1149.7500132620314,1
2025-06-06 20:00:00+00:00,1152.1528191723487,1149.7500132620314,1
2025-06-07 00:00:00+00:00,1150.8580498449558,1149.7500132620314,1
2025-06-07 04:00:00+00:00,1148.5465291439048,1149.7500132620314,1
2025-06-07 08:00:00+00:00,1149.293205933935,1149.7500132620314,1
2025-06-07 12:00:00+00:00,1149.64271421863,1149.7500132620314,1
2025-06-07 16:00:00+00:00,1149.968392393005,1149.7500132620314,1
2025-06-07 20:00:00+00:00,1150.3893910086604,1149.7500132620314,1
2025-06-08 00:00:00+00:00,1150.5403150406876,1149.7500132620314,1
2025-06-08 04:00:00+00:00,1150.9930871367699,1149.7500132620314,1
2025-06-08 08:00:00+00:00,1150.7309559232485,1149.7500132620314,1
2025-06-08 12:00:00+00:00,1149.8730719517246,1149.7500132620314,1
2025-06-08 16:00:00+00:00,1146.8943081617103,1149.7500132620314,1
2025-06-08 20:00:00+00:00,1148.490925553158,1149.7500132620314,1
2025-06-09 00:00:00+00:00,1149.2058288627613,1149.7500132620314,1
2025-06-09 04:00:00+00:00,1149.7618647702307,1149.7500132620314,1
2025-06-09 08:00:00+00:00,1145.9728772293324,1149.7500132620314,1
2025-06-09 12:00:00+00:00,1146.4574228058416,1149.7500132620314,1
2025-06-09 16:00:00+00:00,1145.877556788052,1149.7500132620314,1
2025-06-09 20:00:00+00:00,1143.9598615898572,1143.9598615898572,0
2025-06-10 00:00:00+00:00,1143.9598615898572,1143.9598615898572,0
2025-06-10 04:00:00+00:00,1143.9598615898572,1143.9598615898572,0
2025-06-10 08:00:00+00:00,1143.9598615898572,1143.9598615898572,0
2025-06-10 12:00:00+00:00,1143.9598615898572,1143.9598615898572,0
2025-06-10 16:00:00+00:00,1143.9598615898572,1143.9598615898572,0
2025-06-10 20:00:00+00:00,1143.9598615898572,1143.9598615898572,0
2025-06-11 00:00:00+00:00,1143.9598615898572,1143.9598615898572,0
2025-06-11 04:00:00+00:00,1143.9598615898572,1143.9598615898572,0
2025-06-11 08:00:00+00:00,1143.9598615898572,1143.9598615898572,0
2025-06-11 12:00:00+00:00,1143.9598615898572,1143.9598615898572,0
2025-06-11 16:00:00+00:00,1141.9293119051572,1143.874703362452,1
2025-06-11 20:00:00+00:00,1140.3832975732553,1143.874703362452,1
2025-06-12 00:00:00+00:00,1140.147307404804,1143.874703362452,1
2025-06-12 04:00:00+00:00,1139.2353076042061,1143.874703362452,1
2025-06-12 08:00:00+00:00,1138.8380265174746,1143.874703362452,1
2025-06-12 12:00:00+00:00,1138.2344009510161,1138.2344009510161,0
2025-06-12 16:00:00+00:00,1138.2344009510161,1138.2344009510161,0
2025-06-12 20:00:00+00:00,1138.2344009510161,1138.2344009510161,0
2025-06-13 00:00:00+00:00,1138.2344009510161,1138.2344009510161,0
2025-06-13 04:00:00+00:00,1138.2344009510161,1138.2344009510161,0
2025-06-13 08:00:00+00:00,1138.2344009510161,1138.2344009510161,0
2025-06-13 12:00:00+00:00,1138.2344009510161,1138.2344009510161,0
2025-06-13 16:00:00+00:00,1138.2344009510161,1138.2344009510161,0
2025-06-13 20:00:00+00:00,1138.2344009510161,1138.2344009510161,0
2025-06-14 00:00:00+00:00,1138.2344009510161,1138.2344009510161,0
2025-06-14 04:00:00+00:00,1138.2344009510161,1138.2344009510161,0
2025-06-14 08:00:00+00:00,1138.2344009510161,1138.2344009510161,0
2025-06-14 12:00:00+00:00,1138.2344009510161,1138.2344009510161,0
2025-06-14 16:00:00+00:00,1138.2344009510161,1138.2344009510161,0
2025-06-14 20:00:00+00:00,1138.2344009510161,1138.2344009510161,0
2025-06-15 00:00:00+00:00,1138.2344009510161,1138.2344009510161,0
2025-06-15 04:00:00+00:00,1138.2344009510161,1138.2344009510161,0
2025-06-15 08:00:00+00:00,1138.2344009510161,1138.2344009510161,0
2025-06-15 12:00:00+00:00,1138.2344009510161,1138.2344009510161,0
2025-06-15 16:00:00+00:00,1138.2344009510161,1138.2344009510161,0
2025-06-15 20:00:00+00:00,1138.2344009510161,1138.2344009510161,0
2025-06-16 00:00:00+00:00,1138.2344009510161,1138.2344009510161,0
2025-06-16 04:00:00+00:00,1138.2344009510161,1138.2344009510161,0
2025-06-16 08:00:00+00:00,1138.2344009510161,1138.2344009510161,0
2025-06-16 12:00:00+00:00,1138.2344009510161,1138.2344009510161,0
2025-06-16 16:00:00+00:00,1138.2344009510161,1138.2344009510161,0
2025-06-16 20:00:00+00:00,1138.2344009510161,1138.2344009510161,0
2025-06-17 00:00:00+00:00,1138.2344009510161,1138.2344009510161,0
2025-06-17 04:00:00+00:00,1138.2344009510161,1138.2344009510161,0
2025-06-17 08:00:00+00:00,1138.2344009510161,1138.2344009510161,0
2025-06-17 12:00:00+00:00,1138.2344009510161,1138.2344009510161,0
2025-06-17 16:00:00+00:00,1138.2344009510161,1138.2344009510161,0
2025-06-17 20:00:00+00:00,1138.2344009510161,1138.2344009510161,0
2025-06-18 00:00:00+00:00,1138.2344009510161,1138.2344009510161,0
2025-06-18 04:00:00+00:00,1138.2344009510161,1138.2344009510161,0
2025-06-18 08:00:00+00:00,1138.2344009510161,1138.2344009510161,0
2025-06-18 12:00:00+00:00,1138.2344009510161,1138.2344009510161,0
2025-06-18 16:00:00+00:00,1138.2344009510161,1138.2344009510161,0
2025-06-18 20:00:00+00:00,1138.2344009510161,1138.2344009510161,0
2025-06-19 00:00:00+00:00,1138.2344009510161,1138.2344009510161,0
2025-06-19 04:00:00+00:00,1138.2344009510161,1138.2344009510161,0
2025-06-19 08:00:00+00:00,1138.2344009510161,1138.2344009510161,0
2025-06-19 12:00:00+00:00,1138.2344009510161,1138.2344009510161,0
2025-06-19 16:00:00+00:00,1137.0192087357245,1138.1523185199,1
2025-06-19 20:00:00+00:00,1136.3130875429067,1138.1523185199,1
2025-06-20 00:00:00+00:00,1136.6719360179454,1138.1523185199,1
2025-06-20 04:00:00+00:00,1134.7156330411221,1138.1523185199,1
2025-06-20 08:00:00+00:00,1135.1612996956055,1138.1523185199,1
2025-06-20 12:00:00+00:00,1137.6906026567644,1138.1523185199,1
2025-06-20 16:00:00+00:00,1140.778158499375,1138.0651630020052,2
2025-06-20 20:00:00+00:00,1141.2812292605654,1138.0651630020052,2
2025-06-21 00:00:00+00:00,1138.6260210237765,1138.0651630020052,2
2025-06-21 04:00:00+00:00,1139.2861223891293,1138.0651630020052,2
2025-06-21 08:00:00+00:00,1138.662930215485,1138.0651630020052,2
2025-06-21 12:00:00+00:00,1142.9141689152898,1138.0651630020052,2
2025-06-21 16:00:00+00:00,1147.0436706858543,1138.0651630020052,2
2025-06-21 20:00:00+00:00,1148.4041013499416,1138.0651630020052,2
2025-06-22 00:00:00+00:00,1150.6469461652562,1138.0651630020052,2
2025-06-22 04:00:00+00:00,1149.606552050687,1138.0651630020052,2
2025-06-22 08:00:00+00:00,1151.1330322311383,1138.0651630020052,2
2025-06-22 12:00:00+00:00,1159.1101369597554,1138.0651630020052,2
2025-06-22 16:00:00+00:00,1159.3996266302468,1138.0651630020052,2
2025-06-22 20:00:00+00:00,1152.8205279150322,1138.0651630020052,2
2025-06-23 00:00:00+00:00,1152.1173505387605,1138.0651630020052,2
2025-06-23 04:00:00+00:00,1148.9493309949025,1144.2135318486085,1
2025-06-23 08:00:00+00:00,1149.1866340187182,1144.2135318486085,1
2025-06-23 12:00:00+00:00,1147.234260720891,1147.234260720891,0
2025-06-23 16:00:00+00:00,1147.234260720891,1147.234260720891,0
2025-06-23 20:00:00+00:00,1147.234260720891,1147.234260720891,0
2025-06-24 00:00:00+00:00,1147.234260720891,1147.234260720891,0
2025-06-24 04:00:00+00:00,1147.234260720891,1147.234260720891,0
2025-06-24 08:00:00+00:00,1147.234260720891,1147.234260720891,0
2025-06-24 12:00:00+00:00,1147.234260720891,1147.234260720891,0
2025-06-24 16:00:00+00:00,1147.234260720891,1147.234260720891,0
2025-06-24 20:00:00+00:00,1147.234260720891,1147.234260720891,0
2025-06-25 00:00:00+00:00,1147.234260720891,1147.234260720891,0
2025-06-25 04:00:00+00:00,1147.234260720891,1147.234260720891,0
2025-06-25 08:00:00+00:00,1147.234260720891,1147.234260720891,0
2025-06-25 12:00:00+00:00,1147.234260720891,1147.234260720891,0
2025-06-25 16:00:00+00:00,1147.234260720891,1147.234260720891,0
2025-06-25 20:00:00+00:00,1147.234260720891,1147.234260720891,0
2025-06-26 00:00:00+00:00,1147.234260720891,1147.234260720891,0
2025-06-26 04:00:00+00:00,1147.234260720891,1147.234260720891,0
2025-06-26 08:00:00+00:00,1147.234260720891,1147.234260720891,0
2025-06-26 12:00:00+00:00,1147.234260720891,1147.234260720891,0
2025-06-26 16:00:00+00:00,1147.234260720891,1147.234260720891,0
2025-06-26 20:00:00+00:00,1147.234260720891,1147.234260720891,0
2025-06-27 00:00:00+00:00,1147.234260720891,1147.234260720891,0
2025-06-27 04:00:00+00:00,1147.234260720891,1147.234260720891,0
2025-06-27 08:00:00+00:00,1147.234260720891,1147.234260720891,0
2025-06-27 12:00:00+00:00,1147.234260720891,1147.234260720891,0
2025-06-27 16:00:00+00:00,1147.234260720891,1147.234260720891,0
2025-06-27 20:00:00+00:00,1147.234260720891,1147.234260720891,0
2025-06-28 00:00:00+00:00,1147.234260720891,1147.234260720891,0
2025-06-28 04:00:00+00:00,1147.234260720891,1147.234260720891,0
2025-06-28 08:00:00+00:00,1147.234260720891,1147.234260720891,0
2025-06-28 12:00:00+00:00,1147.234260720891,1147.234260720891,0
2025-06-28 16:00:00+00:00,1147.234260720891,1147.234260720891,0
2025-06-28 20:00:00+00:00,1147.234260720891,1147.234260720891,0
2025-06-29 00:00:00+00:00,1147.234260720891,1147.234260720891,0
2025-06-29 04:00:00+00:00,1147.234260720891,1147.234260720891,0
2025-06-29 08:00:00+00:00,1147.234260720891,1147.234260720891,0
2025-06-29 12:00:00+00:00,1147.234260720891,1147.234260720891,0
2025-06-29 16:00:00+00:00,1147.234260720891,1147.234260720891,0
2025-06-29 20:00:00+00:00,1147.234260720891,1147.234260720891,0
2025-06-30 00:00:00+00:00,1147.234260720891,1147.234260720891,0
2025-06-30 04:00:00+00:00,1147.234260720891,1147.234260720891,0
2025-06-30 08:00:00+00:00,1147.234260720891,1147.234260720891,0
2025-06-30 12:00:00+00:00,1147.234260720891,1147.234260720891,0
2025-06-30 16:00:00+00:00,1147.0928808581666,1147.145915728052,1
2025-06-30 20:00:00+00:00,1145.007235975706,1147.145915728052,1
2025-07-01 00:00:00+00:00,1144.3913408426301,1147.145915728052,1
2025-07-01 04:00:00+00:00,1141.503081464357,1141.503081464357,0
2025-07-01 08:00:00+00:00,1141.503081464357,1141.503081464357,0
2025-07-01 12:00:00+00:00,1141.503081464357,1141.503081464357,0
2025-07-01 16:00:00+00:00,1141.503081464357,1141.503081464357,0
2025-07-01 20:00:00+00:00,1141.503081464357,1141.503081464357,0
2025-07-02 00:00:00+00:00,1141.503081464357,1141.503081464357,0
2025-07-02 04:00:00+00:00,1141.503081464357,1141.503081464357,0
2025-07-02 08:00:00+00:00,1141.503081464357,1141.503081464357,0
2025-07-02 12:00:00+00:00,1141.503081464357,1141.503081464357,0
2025-07-02 16:00:00+00:00,1141.503081464357,1141.503081464357,0
2025-07-02 20:00:00+00:00,1141.503081464357,1141.503081464357,0
2025-07-03 00:00:00+00:00,1141.503081464357,1141.503081464357,0
2025-07-03 04:00:00+00:00,1141.503081464357,1141.503081464357,0
2025-07-03 08:00:00+00:00,1141.503081464357,1141.503081464357,0
2025-07-03 12:00:00+00:00,1141.503081464357,1141.503081464357,0
2025-07-03 16:00:00+00:00,1141.503081464357,1141.503081464357,0
2025-07-03 20:00:00+00:00,1141.503081464357,1141.503081464357,0
2025-07-04 00:00:00+00:00,1141.503081464357,1141.503081464357,0
2025-07-04 04:00:00+00:00,1141.503081464357,1141.503081464357,0
2025-07-04 08:00:00+00:00,1141.503081464357,1141.503081464357,0
2025-07-04 12:00:00+00:00,1141.503081464357,1141.503081464357,0
2025-07-04 16:00:00+00:00,1141.503081464357,1141.503081464357,0
2025-07-04 20:00:00+00:00,1141.503081464357,1141.503081464357,0
2025-07-05 00:00:00+00:00,1141.503081464357,1141.503081464357,0
2025-07-05 04:00:00+00:00,1141.503081464357,1141.503081464357,0
2025-07-05 08:00:00+00:00,1141.503081464357,1141.503081464357,0
2025-07-05 12:00:00+00:00,1141.503081464357,1141.503081464357,0
2025-07-05 16:00:00+00:00,1141.503081464357,1141.503081464357,0
2025-07-05 20:00:00+00:00,1141.503081464357,1141.503081464357,0
2025-07-06 00:00:00+00:00,1141.503081464357,1141.503081464357,0
2025-07-06 04:00:00+00:00,1141.503081464357,1141.503081464357,0
2025-07-06 08:00:00+00:00,1141.503081464357,1141.503081464357,0
2025-07-06 12:00:00+00:00,1141.503081464357,1141.503081464357,0
2025-07-06 16:00:00+00:00,1141.503081464357,1141.503081464357,0
2025-07-06 20:00:00+00:00,1141.503081464357,1141.503081464357,0
2025-07-07 00:00:00+00:00,1141.503081464357,1141.503081464357,0
2025-07-07 04:00:00+00:00,1141.503081464357,1141.503081464357,0
2025-07-07 08:00:00+00:00,1141.503081464357,1141.503081464357,0
2025-07-07 12:00:00+00:00,1141.503081464357,1141.503081464357,0
2025-07-07 16:00:00+00:00,1138.5065924539736,1141.3693145342745,1
2025-07-07 20:00:00+00:00,1135.8171657532985,1135.8171657532985,0
2025-07-08 00:00:00+00:00,1135.8171657532985,1135.8171657532985,0
2025-07-08 04:00:00+00:00,1135.8171657532985,1135.8171657532985,0
2025-07-08 08:00:00+00:00,1135.8171657532985,1135.8171657532985,0
2025-07-08 12:00:00+00:00,1135.8171657532985,1135.8171657532985,0
2025-07-08 16:00:00+00:00,1135.8171657532985,1135.8171657532985,0
2025-07-08 20:00:00+00:00,1135.8171657532985,1135.8171657532985,0
2025-07-09 00:00:00+00:00,1135.8171657532985,1135.8171657532985,0
2025-07-09 04:00:00+00:00,1135.8171657532985,1135.8171657532985,0
2025-07-09 08:00:00+00:00,1135.8171657532985,1135.8171657532985,0
2025-07-09 12:00:00+00:00,1135.6983310300689,1135.6872897855928,1
2025-07-09 16:00:00+00:00,1144.6933880905804,1135.5600135116645,2
2025-07-09 20:00:00+00:00,1143.795892937206,1135.5600135116645,2
2025-07-10 00:00:00+00:00,1145.3152844655776,1135.5600135116645,2
2025-07-10 04:00:00+00:00,1147.3271170675766,1135.5600135116645,2
2025-07-10 08:00:00+00:00,1147.6964229769458,1135.5600135116645,2
2025-07-10 12:00:00+00:00,1147.2388475844489,1135.5600135116645,2
2025-07-10 16:00:00+00:00,1153.1587685323439,1135.5600135116645,2
2025-07-10 20:00:00+00:00,1164.5047013990732,1135.5600135116645,2
2025-07-11 00:00:00+00:00,1167.533367578109,1135.5600135116645,2
2025-07-11 04:00:00+00:00,1167.7499372430873,1135.5600135116645,2
2025-07-11 08:00:00+00:00,1172.0557040905335,1135.5600135116645,2
2025-07-11 12:00:00+00:00,1181.6051547232194,1163.9459027685,1
2025-07-11 16:00:00+00:00,1184.9713668798015,1163.9459027685,1
2025-07-11 20:00:00+00:00,1181.9933564454948,1163.9459027685,1
2025-07-12 00:00:00+00:00,1182.4702215240923,1163.9459027685,1
2025-07-12 04:00:00+00:00,1182.279116046614,1163.9459027685,1
2025-07-12 08:00:00+00:00,1182.3294384920941,1163.9459027685,1
2025-07-12 12:00:00+00:00,1179.4448339983496,1179.4448339983496,0
2025-07-12 16:00:00+00:00,1179.4448339983496,1179.4448339983496,0
2025-07-12 20:00:00+00:00,1179.4448339983496,1179.4448339983496,0
2025-07-13 00:00:00+00:00,1179.4448339983496,1179.4448339983496,0
2025-07-13 04:00:00+00:00,1179.4448339983496,1179.4448339983496,0
2025-07-13 08:00:00+00:00,1179.4448339983496,1179.4448339983496,0
2025-07-13 12:00:00+00:00,1179.4448339983496,1179.4448339983496,0
2025-07-13 16:00:00+00:00,1179.4448339983496,1179.4448339983496,0
2025-07-13 20:00:00+00:00,1179.4448339983496,1179.4448339983496,0
2025-07-14 00:00:00+00:00,1179.4448339983496,1179.4448339983496,0
2025-07-14 04:00:00+00:00,1179.4448339983496,1179.4448339983496,0
2025-07-14 08:00:00+00:00,1179.4448339983496,1179.4448339983496,0
2025-07-14 12:00:00+00:00,1179.4448339983496,1179.4448339983496,0
2025-07-14 16:00:00+00:00,1179.4448339983496,1179.4448339983496,0
2025-07-14 20:00:00+00:00,1179.4448339983496,1179.4448339983496,0
2025-07-15 00:00:00+00:00,1179.4448339983496,1179.4448339983496,0
2025-07-15 04:00:00+00:00,1179.4448339983496,1179.4448339983496,0
2025-07-15 08:00:00+00:00,1179.4448339983496,1179.4448339983496,0
2025-07-15 12:00:00+00:00,1179.4448339983496,1179.4448339983496,0
2025-07-15 16:00:00+00:00,1179.4448339983496,1179.4448339983496,0
2025-07-15 20:00:00+00:00,1179.4448339983496,1179.4448339983496,0
2025-07-16 00:00:00+00:00,1179.4448339983496,1179.4448339983496,0
2025-07-16 04:00:00+00:00,1179.4448339983496,1179.4448339983496,0
2025-07-16 08:00:00+00:00,1179.4448339983496,1179.4448339983496,0
2025-07-16 12:00:00+00:00,1179.4448339983496,1179.4448339983496,0
2025-07-16 16:00:00+00:00,1184.4523358949887,1179.3494206741764,1
2025-07-16 20:00:00+00:00,1184.0122191305245,1179.3494206741764,1
2025-07-17 00:00:00+00:00,1182.5227345750986,1179.3494206741764,1
2025-07-17 04:00:00+00:00,1186.8735296243099,1179.3494206741764,1
2025-07-17 08:00:00+00:00,1186.3705390363507,1179.3494206741764,1
2025-07-17 12:00:00+00:00,1184.2409082898698,1179.2726677300839,2
2025-07-17 16:00:00+00:00,1183.4872393848489,1179.2726677300839,2
2025-07-17 20:00:00+00:00,1188.556330408379,1179.2726677300839,2
2025-07-18 00:00:00+00:00,1197.4805788265162,1179.2726677300839,2
2025-07-18 04:00:00+00:00,1197.1759047120368,1179.2726677300839,2
2025-07-18 08:00:00+00:00,1197.0266906300828,1179.2726677300839,2
2025-07-18 12:00:00+00:00,1191.8996525633856,1179.2726677300839,2
2025-07-18 16:00:00+00:00,1190.8154714569985,1179.2726677300839,2
2025-07-18 20:00:00+00:00,1190.4254015759332,1179.2726677300839,2
2025-07-19 00:00:00+00:00,1193.4349902565089,1179.2726677300839,2
2025-07-19 04:00:00+00:00,1192.4084677889405,1179.2726677300839,2
2025-07-19 08:00:00+00:00,1190.9820039560193,1179.2726677300839,2
2025-07-19 12:00:00+00:00,1191.3150549636794,1179.2726677300839,2
2025-07-19 16:00:00+00:00,1193.1095486725385,1179.2726677300839,2
2025-07-19 20:00:00+00:00,1193.7015045992723,1179.2726677300839,2
2025-07-20 00:00:00+00:00,1197.379557620169,1179.2726677300839,2
2025-07-20 04:00:00+00:00,1198.2747635632752,1179.2726677300839,2
2025-07-20 08:00:00+00:00,1202.2161896629134,1179.2726677300839,2
2025-07-20 12:00:00+00:00,1205.684074074602,1179.2726677300839,2
2025-07-20 16:00:00+00:00,1204.3523232709504,1179.2726677300839,2
2025-07-20 20:00:00+00:00,1203.0855878316268,1179.2726677300839,2
2025-07-21 00:00:00+00:00,1204.0939515879074,1179.2726677300839,2
2025-07-21 04:00:00+00:00,1208.4830705012635,1179.2726677300839,2
2025-07-21 08:00:00+00:00,1211.0149617860843,1179.2726677300839,2
2025-07-21 12:00:00+00:00,1211.4421256970154,1179.2726677300839,2
2025-07-21 16:00:00+00:00,1204.5334535057798,1179.2726677300839,2
2025-07-21 20:00:00+00:00,1206.9385500556034,1179.2726677300839,2
2025-07-22 00:00:00+00:00,1203.1551705541367,1185.2620282918417,1
2025-07-22 04:00:00+00:00,1201.1718874902099,1185.2620282918417,1
2025-07-22 08:00:00+00:00,1199.8459910360361,1199.8459910360361,0
2025-07-22 12:00:00+00:00,1199.8459910360361,1199.8459910360361,0
2025-07-22 16:00:00+00:00,1199.8459910360361,1199.8459910360361,0
2025-07-22 20:00:00+00:00,1199.8459910360361,1199.8459910360361,0
2025-07-23 00:00:00+00:00,1199.8459910360361,1199.8459910360361,0
2025-07-23 04:00:00+00:00,1199.207872689472,1199.7412048594347,1
2025-07-23 08:00:00+00:00,1201.528417116991,1199.7412048594347,1
2025-07-23 12:00:00+00:00,1197.5700344018735,1199.7412048594347,1
2025-07-23 16:00:00+00:00,1193.8519582133488,1193.8519582133488,0
2025-07-23 20:00:00+00:00,1193.8519582133488,1193.8519582133488,0
2025-07-24 00:00:00+00:00,1193.8519582133488,1193.8519582133488,0
2025-07-24 04:00:00+00:00,1193.8519582133488,1193.8519582133488,0
2025-07-24 08:00:00+00:00,1193.8519582133488,1193.8519582133488,0
2025-07-24 12:00:00+00:00,1193.8519582133488,1193.8519582133488,0
2025-07-24 16:00:00+00:00,1193.8519582133488,1193.8519582133488,0
2025-07-24 20:00:00+00:00,1193.8519582133488,1193.8519582133488,0
2025-07-25 00:00:00+00:00,1193.8519582133488,1193.8519582133488,0
2025-07-25 04:00:00+00:00,1193.8519582133488,1193.8519582133488,0
2025-07-25 08:00:00+00:00,1193.8519582133488,1193.8519582133488,0
2025-07-25 12:00:00+00:00,1193.8519582133488,1193.8519582133488,0
2025-07-25 16:00:00+00:00,1193.8519582133488,1193.8519582133488,0
2025-07-25 20:00:00+00:00,1193.8519582133488,1193.8519582133488,0
2025-07-26 00:00:00+00:00,1193.8519582133488,1193.8519582133488,0
2025-07-26 04:00:00+00:00,1193.8519582133488,1193.8519582133488,0
2025-07-26 08:00:00+00:00,1193.8519582133488,1193.8519582133488,0
2025-07-26 12:00:00+00:00,1193.8519582133488,1193.8519582133488,0
2025-07-26 16:00:00+00:00,1193.8519582133488,1193.8519582133488,0
2025-07-26 20:00:00+00:00,1193.8519582133488,1193.8519582133488,0
2025-07-27 00:00:00+00:00,1193.8519582133488,1193.8519582133488,0
2025-07-27 04:00:00+00:00,1193.8519582133488,1193.8519582133488,0
2025-07-27 08:00:00+00:00,1193.8519582133488,1193.8519582133488,0
2025-07-27 12:00:00+00:00,1193.8519582133488,1193.8519582133488,0
2025-07-27 16:00:00+00:00,1193.8519582133488,1193.8519582133488,0
2025-07-27 20:00:00+00:00,1197.0720668275287,1193.6884363788554,1
2025-07-28 00:00:00+00:00,1196.4424125136945,1193.6884363788554,1
2025-07-28 04:00:00+00:00,1199.888294129639,1193.6884363788554,1
2025-07-28 08:00:00+00:00,1198.6339046762973,1193.6884363788554,1
2025-07-28 12:00:00+00:00,1189.9461756407209,1193.5996688314385,2
2025-07-28 16:00:00+00:00,1188.0310461342506,1187.7292784013364,1
2025-07-28 20:00:00+00:00,1186.1150277339502,1187.7292784013364,1
2025-07-29 00:00:00+00:00,1187.3767959487823,1187.7292784013364,1
2025-07-29 04:00:00+00:00,1186.4790466341358,1187.7292784013364,1
2025-07-29 08:00:00+00:00,1186.7102478274967,1187.7292784013364,1
2025-07-29 12:00:00+00:00,1180.654059046731,1180.654059046731,0
2025-07-29 16:00:00+00:00,1180.654059046731,1180.654059046731,0
2025-07-29 20:00:00+00:00,1180.654059046731,1180.654059046731,0
2025-07-30 00:00:00+00:00,1180.654059046731,1180.654059046731,0
2025-07-30 04:00:00+00:00,1180.654059046731,1180.654059046731,0
2025-07-30 08:00:00+00:00,1180.654059046731,1180.654059046731,0
2025-07-30 12:00:00+00:00,1180.654059046731,1180.654059046731,0
2025-07-30 16:00:00+00:00,1180.654059046731,1180.654059046731,0
2025-07-30 20:00:00+00:00,1180.654059046731,1180.654059046731,0
2025-07-31 00:00:00+00:00,1180.654059046731,1180.654059046731,0
2025-07-31 04:00:00+00:00,1180.654059046731,1180.654059046731,0
2025-07-31 08:00:00+00:00,1180.654059046731,1180.654059046731,0
2025-07-31 12:00:00+00:00,1180.654059046731,1180.654059046731,0
2025-07-31 16:00:00+00:00,1180.654059046731,1180.654059046731,0
2025-07-31 20:00:00+00:00,1180.654059046731,1180.654059046731,0
2025-08-01 00:00:00+00:00,1180.654059046731,1180.654059046731,0
2025-08-01 04:00:00+00:00,1180.654059046731,1180.654059046731,0
2025-08-01 08:00:00+00:00,1180.654059046731,1180.654059046731,0
2025-08-01 12:00:00+00:00,1180.654059046731,1180.654059046731,0
2025-08-01 16:00:00+00:00,1180.654059046731,1180.654059046731,0
2025-08-01 20:00:00+00:00,1180.654059046731,1180.654059046731,0
2025-08-02 00:00:00+00:00,1180.654059046731,1180.654059046731,0
2025-08-02 04:00:00+00:00,1180.654059046731,1180.654059046731,0
2025-08-02 08:00:00+00:00,1180.654059046731,1180.654059046731,0
2025-08-02 12:00:00+00:00,1180.654059046731,1180.654059046731,0
2025-08-02 16:00:00+00:00,1180.654059046731,1180.654059046731,0
2025-08-02 20:00:00+00:00,1180.654059046731,1180.654059046731,0
2025-08-03 00:00:00+00:00,1180.654059046731,1180.654059046731,0
2025-08-03 04:00:00+00:00,1180.654059046731,1180.654059046731,0
2025-08-03 08:00:00+00:00,1180.654059046731,1180.654059046731,0
2025-08-03 12:00:00+00:00,1180.654059046731,1180.654059046731,0
2025-08-03 16:00:00+00:00,1180.654059046731,1180.654059046731,0
2025-08-03 20:00:00+00:00,1180.654059046731,1180.654059046731,0
2025-08-04 00:00:00+00:00,1180.654059046731,1180.654059046731,0
2025-08-04 04:00:00+00:00,1180.654059046731,1180.654059046731,0
2025-08-04 08:00:00+00:00,1180.654059046731,1180.654059046731,0
2025-08-04 12:00:00+00:00,1180.654059046731,1180.654059046731,0
2025-08-04 16:00:00+00:00,1180.654059046731,1180.654059046731,0
2025-08-04 20:00:00+00:00,1180.654059046731,1180.654059046731,0
2025-08-05 00:00:00+00:00,1180.654059046731,1180.654059046731,0
2025-08-05 04:00:00+00:00,1180.654059046731,1180.654059046731,0
2025-08-05 08:00:00+00:00,1180.654059046731,1180.654059046731,0
2025-08-05 12:00:00+00:00,1180.654059046731,1180.654059046731,0
2025-08-05 16:00:00+00:00,1180.654059046731,1180.654059046731,0
2025-08-05 20:00:00+00:00,1180.654059046731,1180.654059046731,0
2025-08-06 00:00:00+00:00,1180.654059046731,1180.654059046731,0
2025-08-06 04:00:00+00:00,1180.654059046731,1180.654059046731,0
2025-08-06 08:00:00+00:00,1180.654059046731,1180.654059046731,0
2025-08-06 12:00:00+00:00,1180.654059046731,1180.654059046731,0
2025-08-06 16:00:00+00:00,1180.654059046731,1180.654059046731,0
2025-08-06 20:00:00+00:00,1180.654059046731,1180.654059046731,0
2025-08-07 00:00:00+00:00,1180.654059046731,1180.654059046731,0
2025-08-07 04:00:00+00:00,1180.654059046731,1180.654059046731,0
2025-08-07 08:00:00+00:00,1180.654059046731,1180.654059046731,0
2025-08-07 12:00:00+00:00,1180.654059046731,1180.654059046731,0
2025-08-07 16:00:00+00:00,1180.654059046731,1180.654059046731,0
2025-08-07 20:00:00+00:00,1180.654059046731,1180.654059046731,0
2025-08-08 00:00:00+00:00,1180.654059046731,1180.654059046731,0
2025-08-08 04:00:00+00:00,1180.654059046731,1180.654059046731,0
2025-08-08 08:00:00+00:00,1180.654059046731,1180.654059046731,0
2025-08-08 12:00:00+00:00,1180.654059046731,1180.654059046731,0
2025-08-08 16:00:00+00:00,1180.654059046731,1180.654059046731,0
2025-08-08 20:00:00+00:00,1180.654059046731,1180.654059046731,0
2025-08-09 00:00:00+00:00,1180.654059046731,1180.654059046731,0
2025-08-09 04:00:00+00:00,1180.2659797691535,1180.5776413082813,1
2025-08-09 08:00:00+00:00,1181.107517887917,1180.4809507786647,2
2025-08-09 12:00:00+00:00,1182.4703608686798,1180.4809507786647,2
2025-08-09 16:00:00+00:00,1184.6038014495869,1180.4809507786647,2
2025-08-09 20:00:00+00:00,1187.9616934679611,1180.4809507786647,2
2025-08-10 00:00:00+00:00,1185.3675821030497,1180.4809507786647,2
2025-08-10 04:00:00+00:00,1185.575780815297,1180.4809507786647,2
2025-08-10 08:00:00+00:00,1183.9451102112725,1180.4809507786647,2
2025-08-10 12:00:00+00:00,1189.2061213642824,1180.4809507786647,2
2025-08-10 16:00:00+00:00,1188.4819286812487,1180.4809507786647,2
2025-08-10 20:00:00+00:00,1188.211589569046,1180.4809507786647,2
2025-08-11 00:00:00+00:00,1191.084258655885,1180.4809507786647,2
2025-08-11 04:00:00+00:00,1188.3762618770616,1180.4809507786647,2
2025-08-11 08:00:00+00:00,1182.7543364134826,1180.4809507786647,2
2025-08-11 12:00:00+00:00,1190.0756820018587,1180.4809507786647,2
2025-08-11 16:00:00+00:00,1185.3436752354062,1180.4809507786647,2
2025-08-11 20:00:00+00:00,1182.445012899911,1180.9615706043278,1
2025-08-12 00:00:00+00:00,1184.2677593803746,1180.9615706043278,1
2025-08-12 04:00:00+00:00,1185.1381215493734,1180.9615706043278,1
2025-08-12 08:00:00+00:00,1184.4170222898101,1180.9615706043278,1
2025-08-12 12:00:00+00:00,1189.6812207831576,1180.9615706043278,1
2025-08-12 16:00:00+00:00,1188.471316693362,1180.8844856863022,2
2025-08-12 20:00:00+00:00,1191.3585641475097,1180.8844856863022,2
2025-08-13 00:00:00+00:00,1196.7202878332662,1180.8844856863022,2
2025-08-13 04:00:00+00:00,1191.6098717830366,1180.8844856863022,2
2025-08-13 08:00:00+00:00,1196.5822939366346,1180.8844856863022,2
2025-08-13 12:00:00+00:00,1193.610420001142,1180.8844856863022,2
2025-08-13 16:00:00+00:00,1196.3631564465445,1180.8844856863022,2
2025-08-13 20:00:00+00:00,1197.4695763624984,1180.8844856863022,2
2025-08-14 00:00:00+00:00,1199.3971727032897,1180.8844856863022,2
2025-08-14 04:00:00+00:00,1195.757827585162,1180.8844856863022,2
2025-08-14 08:00:00+00:00,1194.1381437171678,1180.8844856863022,2
2025-08-14 12:00:00+00:00,1185.0801073954049,1185.0801073954049,0
2025-08-14 16:00:00+00:00,1185.0801073954049,1185.0801073954049,0
2025-08-14 20:00:00+00:00,1185.0801073954049,1185.0801073954049,0
2025-08-15 00:00:00+00:00,1185.0801073954049,1185.0801073954049,0
2025-08-15 04:00:00+00:00,1185.0801073954049,1185.0801073954049,0
2025-08-15 08:00:00+00:00,1185.0801073954049,1185.0801073954049,0
2025-08-15 12:00:00+00:00,1185.0801073954049,1185.0801073954049,0
2025-08-15 16:00:00+00:00,1185.0801073954049,1185.0801073954049,0
2025-08-15 20:00:00+00:00,1185.0801073954049,1185.0801073954049,0
2025-08-16 00:00:00+00:00,1185.0801073954049,1185.0801073954049,0
2025-08-16 04:00:00+00:00,1185.0801073954049,1185.0801073954049,0
2025-08-16 08:00:00+00:00,1185.0801073954049,1185.0801073954049,0
2025-08-16 12:00:00+00:00,1185.0801073954049,1185.0801073954049,0
2025-08-16 16:00:00+00:00,1185.0801073954049,1185.0801073954049,0
2025-08-16 20:00:00+00:00,1185.0801073954049,1185.0801073954049,0
2025-08-17 00:00:00+00:00,1185.0801073954049,1185.0801073954049,0
2025-08-17 04:00:00+00:00,1185.0801073954049,1185.0801073954049,0
2025-08-17 08:00:00+00:00,1185.0801073954049,1185.0801073954049,0
2025-08-17 12:00:00+00:00,1185.0801073954049,1185.0801073954049,0
2025-08-17 16:00:00+00:00,1181.9597953375835,1185.003403181334,1
2025-08-17 20:00:00+00:00,1182.6198407226814,1185.003403181334,1
2025-08-18 00:00:00+00:00,1179.159891603074,1179.159891603074,0
2025-08-18 04:00:00+00:00,1179.159891603074,1179.159891603074,0
2025-08-18 08:00:00+00:00,1179.159891603074,1179.159891603074,0
2025-08-18 12:00:00+00:00,1179.159891603074,1179.159891603074,0
2025-08-18 16:00:00+00:00,1179.159891603074,1179.159891603074,0
2025-08-18 20:00:00+00:00,1179.159891603074,1179.159891603074,0
2025-08-19 00:00:00+00:00,1179.159891603074,1179.159891603074,0
2025-08-19 04:00:00+00:00,1179.159891603074,1179.159891603074,0
2025-08-19 08:00:00+00:00,1179.159891603074,1179.159891603074,0
2025-08-19 12:00:00+00:00,1179.159891603074,1179.159891603074,0
2025-08-19 16:00:00+00:00,1179.159891603074,1179.159891603074,0
2025-08-19 20:00:00+00:00,1179.159891603074,1179.159891603074,0
2025-08-20 00:00:00+00:00,1179.159891603074,1179.159891603074,0
2025-08-20 04:00:00+00:00,1179.159891603074,1179.159891603074,0
2025-08-20 08:00:00+00:00,1179.159891603074,1179.159891603074,0
2025-08-20 12:00:00+00:00,1179.159891603074,1179.159891603074,0
2025-08-20 16:00:00+00:00,1179.159891603074,1179.159891603074,0
2025-08-20 20:00:00+00:00,1179.159891603074,1179.159891603074,0
2025-08-21 00:00:00+00:00,1179.159891603074,1179.159891603074,0
2025-08-21 04:00:00+00:00,1179.159891603074,1179.159891603074,0
2025-08-21 08:00:00+00:00,1179.159891603074,1179.159891603074,0
2025-08-21 12:00:00+00:00,1179.159891603074,1179.159891603074,0
2025-08-21 16:00:00+00:00,1179.159891603074,1179.159891603074,0
2025-08-21 20:00:00+00:00,1179.159891603074,1179.159891603074,0
2025-08-22 00:00:00+00:00,1179.159891603074,1179.159891603074,0
2025-08-22 04:00:00+00:00,1179.159891603074,1179.159891603074,0
2025-08-22 08:00:00+00:00,1179.159891603074,1179.159891603074,0
2025-08-22 12:00:00+00:00,1179.159891603074,1179.159891603074,0
2025-08-22 16:00:00+00:00,1179.159891603074,1179.159891603074,0
2025-08-22 20:00:00+00:00,1179.159891603074,1179.159891603074,0
2025-08-23 00:00:00+00:00,1179.159891603074,1179.159891603074,0
2025-08-23 04:00:00+00:00,1179.159891603074,1179.159891603074,0
2025-08-23 08:00:00+00:00,1179.159891603074,1179.159891603074,0
2025-08-23 12:00:00+00:00,1179.159891603074,1179.159891603074,0
2025-08-23 16:00:00+00:00,1179.159891603074,1179.159891603074,0
2025-08-23 20:00:00+00:00,1179.159891603074,1179.159891603074,0
2025-08-24 00:00:00+00:00,1179.159891603074,1179.159891603074,0
2025-08-24 04:00:00+00:00,1179.159891603074,1179.159891603074,0
2025-08-24 08:00:00+00:00,1179.159891603074,1179.159891603074,0
2025-08-24 12:00:00+00:00,1179.159891603074,1179.159891603074,0
2025-08-24 16:00:00+00:00,1179.159891603074,1179.159891603074,0
2025-08-24 20:00:00+00:00,1179.159891603074,1179.159891603074,0
2025-08-25 00:00:00+00:00,1179.159891603074,1179.159891603074,0
2025-08-25 04:00:00+00:00,1179.159891603074,1179.159891603074,0
2025-08-25 08:00:00+00:00,1179.159891603074,1179.159891603074,0
2025-08-25 12:00:00+00:00,1179.159891603074,1179.159891603074,0
2025-08-25 16:00:00+00:00,1179.159891603074,1179.159891603074,0
2025-08-25 20:00:00+00:00,1179.159891603074,1179.159891603074,0
2025-08-26 00:00:00+00:00,1179.159891603074,1179.159891603074,0
2025-08-26 04:00:00+00:00,1179.159891603074,1179.159891603074,0
2025-08-26 08:00:00+00:00,1179.159891603074,1179.159891603074,0
2025-08-26 12:00:00+00:00,1179.159891603074,1179.159891603074,0
2025-08-26 16:00:00+00:00,1179.159891603074,1179.159891603074,0
2025-08-26 20:00:00+00:00,1179.159891603074,1179.159891603074,0
2025-08-27 00:00:00+00:00,1179.159891603074,1179.159891603074,0
2025-08-27 04:00:00+00:00,1179.159891603074,1179.159891603074,0
2025-08-27 08:00:00+00:00,1179.159891603074,1179.159891603074,0
2025-08-27 12:00:00+00:00,1179.159891603074,1179.159891603074,0
2025-08-27 16:00:00+00:00,1179.159891603074,1179.159891603074,0
2025-08-27 20:00:00+00:00,1179.159891603074,1179.159891603074,0
2025-08-28 00:00:00+00:00,1179.159891603074,1179.159891603074,0
2025-08-28 04:00:00+00:00,1179.159891603074,1179.159891603074,0
2025-08-28 08:00:00+00:00,1179.159891603074,1179.159891603074,0
2025-08-28 12:00:00+00:00,1179.159891603074,1179.159891603074,0
2025-08-28 16:00:00+00:00,1179.159891603074,1179.159891603074,0
2025-08-28 20:00:00+00:00,1179.159891603074,1179.159891603074,0
2025-08-29 00:00:00+00:00,1179.159891603074,1179.159891603074,0
2025-08-29 04:00:00+00:00,1179.159891603074,1179.159891603074,0
2025-08-29 08:00:00+00:00,1179.159891603074,1179.159891603074,0
2025-08-29 12:00:00+00:00,1179.159891603074,1179.159891603074,0
2025-08-29 16:00:00+00:00,1179.159891603074,1179.159891603074,0
2025-08-29 20:00:00+00:00,1179.159891603074,1179.159891603074,0
2025-08-30 00:00:00+00:00,1179.159891603074,1179.159891603074,0
2025-08-30 04:00:00+00:00,1179.159891603074,1179.159891603074,0
2025-08-30 08:00:00+00:00,1179.159891603074,1179.159891603074,0
2025-08-30 12:00:00+00:00,1179.159891603074,1179.159891603074,0
2025-08-30 16:00:00+00:00,1179.159891603074,1179.159891603074,0
2025-08-30 20:00:00+00:00,1179.159891603074,1179.159891603074,0
2025-08-31 00:00:00+00:00,1179.159891603074,1179.159891603074,0
2025-08-31 04:00:00+00:00,1179.159891603074,1179.159891603074,0
2025-08-31 08:00:00+00:00,1179.159891603074,1179.159891603074,0
2025-08-31 12:00:00+00:00,1179.159891603074,1179.159891603074,0
2025-08-31 16:00:00+00:00,1179.159891603074,1179.159891603074,0
2025-08-31 20:00:00+00:00,1179.159891603074,1179.159891603074,0
2025-09-01 00:00:00+00:00,1179.159891603074,1179.159891603074,0
2025-09-01 04:00:00+00:00,1175.6700468730553,1179.0204499651559,1
2025-09-01 08:00:00+00:00,1173.2764841088747,1173.2764841088747,0
2025-09-01 12:00:00+00:00,1173.2764841088747,1173.2764841088747,0
2025-09-01 16:00:00+00:00,1173.2764841088747,1173.2764841088747,0
2025-09-01 20:00:00+00:00,1173.2764841088747,1173.2764841088747,0
2025-09-02 00:00:00+00:00,1173.2764841088747,1173.2764841088747,0
2025-09-02 04:00:00+00:00,1173.2764841088747,1173.2764841088747,0
2025-09-02 08:00:00+00:00,1173.2764841088747,1173.2764841088747,0
2025-09-02 12:00:00+00:00,1173.2764841088747,1173.2764841088747,0
2025-09-02 16:00:00+00:00,1173.2764841088747,1173.2764841088747,0
2025-09-02 20:00:00+00:00,1173.2764841088747,1173.2764841088747,0
2025-09-03 00:00:00+00:00,1173.2764841088747,1173.2764841088747,0
2025-09-03 04:00:00+00:00,1173.2764841088747,1173.2764841088747,0
2025-09-03 08:00:00+00:00,1173.2764841088747,1173.2764841088747,0
2025-09-03 12:00:00+00:00,1173.2764841088747,1173.2764841088747,0
2025-09-03 16:00:00+00:00,1173.2764841088747,1173.2764841088747,0
2025-09-03 20:00:00+00:00,1173.2764841088747,1173.2764841088747,0
2025-09-04 00:00:00+00:00,1173.2764841088747,1173.2764841088747,0
2025-09-04 04:00:00+00:00,1173.2764841088747,1173.2764841088747,0
2025-09-04 08:00:00+00:00,1173.2764841088747,1173.2764841088747,0
2025-09-04 12:00:00+00:00,1173.2764841088747,1173.2764841088747,0
2025-09-04 16:00:00+00:00,1173.2764841088747,1173.2764841088747,0
2025-09-04 20:00:00+00:00,1173.2764841088747,1173.2764841088747,0
2025-09-05 00:00:00+00:00,1173.2764841088747,1173.2764841088747,0
2025-09-05 04:00:00+00:00,1173.2764841088747,1173.2764841088747,0
2025-09-05 08:00:00+00:00,1173.2764841088747,1173.2764841088747,0
2025-09-05 12:00:00+00:00,1173.2764841088747,1173.2764841088747,0
2025-09-05 16:00:00+00:00,1173.2764841088747,1173.2764841088747,0
2025-09-05 20:00:00+00:00,1173.2764841088747,1173.2764841088747,0
2025-09-06 00:00:00+00:00,1173.2764841088747,1173.2764841088747,0
2025-09-06 04:00:00+00:00,1173.2764841088747,1173.2764841088747,0
2025-09-06 08:00:00+00:00,1173.2764841088747,1173.2764841088747,0
2025-09-06 12:00:00+00:00,1173.2764841088747,1173.2764841088747,0
2025-09-06 16:00:00+00:00,1173.2764841088747,1173.2764841088747,0
2025-09-06 20:00:00+00:00,1173.2764841088747,1173.2764841088747,0
2025-09-07 00:00:00+00:00,1173.2764841088747,1173.2764841088747,0
2025-09-07 04:00:00+00:00,1173.2764841088747,1173.2764841088747,0
2025-09-07 08:00:00+00:00,1173.2764841088747,1173.2764841088747,0
2025-09-07 12:00:00+00:00,1173.2764841088747,1173.2764841088747,0
2025-09-07 16:00:00+00:00,1173.2764841088747,1173.2764841088747,0
2025-09-07 20:00:00+00:00,1173.2764841088747,1173.2764841088747,0
2025-09-08 00:00:00+00:00,1173.2764841088747,1173.2764841088747,0
2025-09-08 04:00:00+00:00,1173.2764841088747,1173.2764841088747,0
2025-09-08 08:00:00+00:00,1173.2764841088747,1173.2764841088747,0
2025-09-08 12:00:00+00:00,1173.2764841088747,1173.2764841088747,0
2025-09-08 16:00:00+00:00,1172.7146027321048,1173.1687662311238,1
2025-09-08 20:00:00+00:00,1175.0085033079945,1173.1687662311238,1
2025-09-09 00:00:00+00:00,1172.0648525689835,1173.1687662311238,1
2025-09-09 04:00:00+00:00,1174.2231531108303,1173.1687662311238,1
2025-09-09 08:00:00+00:00,1174.9746032994838,1173.1687662311238,1
2025-09-09 12:00:00+00:00,1173.0875028257224,1173.1687662311238,1
2025-09-09 16:00:00+00:00,1174.7316532384905,1173.1687662311238,1
2025-09-09 20:00:00+00:00,1174.409603157639,1173.1687662311238,1
2025-09-10 00:00:00+00:00,1174.686453227143,1173.1687662311238,1
2025-09-10 04:00:00+00:00,1174.827703262604,1173.1687662311238,1
2025-09-10 08:00:00+00:00,1173.8213088960638,1173.0698853264587,2
2025-09-10 12:00:00+00:00,1184.0486071591185,1173.0698853264587,2
2025-09-10 16:00:00+00:00,1181.2444878803717,1173.0698853264587,2
2025-09-10 20:00:00+00:00,1188.6816849842073,1173.0698853264587,2
2025-09-11 00:00:00+00:00,1192.3203078773645,1173.0698853264587,2
2025-09-11 04:00:00+00:00,1187.87927515131,1173.0698853264587,2
2025-09-11 08:00:00+00:00,1189.4114193153762,1173.0698853264587,2
2025-09-11 12:00:00+00:00,1184.223544148277,1179.4345063309768,1
2025-09-11 16:00:00+00:00,1186.9606028158516,1179.3235974791714,2
2025-09-11 20:00:00+00:00,1190.4317801614309,1179.3235974791714,2
2025-09-12 00:00:00+00:00,1197.09371125632,1179.3235974791714,2
2025-09-12 04:00:00+00:00,1198.0420589473724,1179.3235974791714,2
2025-09-12 08:00:00+00:00,1198.9954039206907,1179.3235974791714,2
2025-09-12 12:00:00+00:00,1202.7492607875622,1179.3235974791714,2
2025-09-12 16:00:00+00:00,1206.7197758657917,1179.3235974791714,2
2025-09-12 20:00:00+00:00,1209.6966331387114,1179.3235974791714,2
2025-09-13 00:00:00+00:00,1213.2430717509812,1179.3235974791714,2
2025-09-13 04:00:00+00:00,1214.1444407235988,1179.3235974791714,2
2025-09-13 08:00:00+00:00,1217.7545491727158,1208.5346769613645,1
2025-09-13 12:00:00+00:00,1216.4646627609443,1208.4559532836495,2
2025-09-13 16:00:00+00:00,1212.5068095317554,1208.4559532836495,2
2025-09-13 20:00:00+00:00,1215.6683764082557,1208.4559532836495,2
2025-09-14 00:00:00+00:00,1217.4602374522458,1208.4559532836495,2
2025-09-14 04:00:00+00:00,1218.8912212739947,1208.4559532836495,2
2025-09-14 08:00:00+00:00,1216.6664655609354,1208.4559532836495,2
2025-09-14 12:00:00+00:00,1212.8267610778319,1202.4389131867213,1
2025-09-14 16:00:00+00:00,1212.0318038088858,1202.4389131867213,1
2025-09-14 20:00:00+00:00,1210.337933320439,1202.4389131867213,1
2025-09-15 00:00:00+00:00,1212.0990694239504,1202.4389131867213,1
2025-09-15 04:00:00+00:00,1208.458328618549,1208.458328618549,0
2025-09-15 08:00:00+00:00,1208.458328618549,1208.458328618549,0
2025-09-15 12:00:00+00:00,1208.458328618549,1208.458328618549,0
2025-09-15 16:00:00+00:00,1208.458328618549,1208.458328618549,0
2025-09-15 20:00:00+00:00,1208.458328618549,1208.458328618549,0
2025-09-16 00:00:00+00:00,1208.458328618549,1208.458328618549,0
2025-09-16 04:00:00+00:00,1208.458328618549,1208.458328618549,0
2025-09-16 08:00:00+00:00,1208.458328618549,1208.458328618549,0
2025-09-16 12:00:00+00:00,1208.458328618549,1208.458328618549,0
2025-09-16 16:00:00+00:00,1208.458328618549,1208.458328618549,0
2025-09-16 20:00:00+00:00,1208.4543155075796,1208.3045947675187,1
2025-09-17 00:00:00+00:00,1208.723807932514,1208.3045947675187,1
2025-09-17 04:00:00+00:00,1208.2813576826218,1208.3045947675187,1
2025-09-17 08:00:00+00:00,1207.9997984326906,1208.3045947675187,1
2025-09-17 12:00:00+00:00,1207.5533259077993,1208.3045947675187,1
2025-09-17 16:00:00+00:00,1208.6031396825433,1208.3045947675187,1
2025-09-17 20:00:00+00:00,1215.402795568386,1208.3045947675187,1
2025-09-18 00:00:00+00:00,1219.768042240302,1208.2258561958467,2
2025-09-18 04:00:00+00:00,1219.9461524645678,1208.2258561958467,2
2025-09-18 08:00:00+00:00,1218.5580650148147,1208.2258561958467,2
2025-09-18 12:00:00+00:00,1219.9981188033862,1208.2258561958467,2
2025-09-18 16:00:00+00:00,1223.7670578530604,1208.2258561958467,2
2025-09-18 20:00:00+00:00,1223.9062841255093,1208.2258561958467,2
2025-09-19 00:00:00+00:00,1223.3237033299254,1208.2258561958467,2
2025-09-19 04:00:00+00:00,1224.2213456009688,1208.2258561958467,2
2025-09-19 08:00:00+00:00,1221.022676624635,1208.2258561958467,2
2025-09-19 12:00:00+00:00,1220.3079935251344,1208.2258561958467,2
2025-09-19 16:00:00+00:00,1218.9770463356026,1208.2258561958467,2
2025-09-19 20:00:00+00:00,1219.8914846027435,1208.2258561958467,2
2025-09-20 00:00:00+00:00,1221.1730308920633,1208.2258561958467,2
2025-09-20 04:00:00+00:00,1223.6154095696065,1208.2258561958467,2
2025-09-20 08:00:00+00:00,1221.783056713998,1212.3921591636895,1
2025-09-20 12:00:00+00:00,1225.696730288044,1212.3921591636895,1
2025-09-20 16:00:00+00:00,1225.2663468631488,1212.3921591636895,1
2025-09-20 20:00:00+00:00,1230.241901036936,1212.3921591636895,1
2025-09-21 00:00:00+00:00,1235.414546685675,1212.3921591636895,1
2025-09-21 04:00:00+00:00,1236.3356476604506,1212.3921591636895,1
2025-09-21 08:00:00+00:00,1231.7241093740747,1212.3921591636895,1
2025-09-21 12:00:00+00:00,1230.1399814766942,1230.1399814766942,0
2025-09-21 16:00:00+00:00,1230.1399814766942,1230.1399814766942,0
2025-09-21 20:00:00+00:00,1230.1399814766942,1230.1399814766942,0
2025-09-22 00:00:00+00:00,1230.1399814766942,1230.1399814766942,0
2025-09-22 04:00:00+00:00,1230.1399814766942,1230.1399814766942,0
2025-09-22 08:00:00+00:00,1230.1399814766942,1230.1399814766942,0
2025-09-22 12:00:00+00:00,1230.1399814766942,1230.1399814766942,0
2025-09-22 16:00:00+00:00,1230.1399814766942,1230.1399814766942,0
2025-09-22 20:00:00+00:00,1230.1399814766942,1230.1399814766942,0
2025-09-23 00:00:00+00:00,1230.1399814766942,1230.1399814766942,0
2025-09-23 04:00:00+00:00,1230.1399814766942,1230.1399814766942,0
2025-09-23 08:00:00+00:00,1230.1399814766942,1230.1399814766942,0
2025-09-23 12:00:00+00:00,1230.1399814766942,1230.1399814766942,0
2025-09-23 16:00:00+00:00,1230.1399814766942,1230.1399814766942,0
2025-09-23 20:00:00+00:00,1230.1399814766942,1230.1399814766942,0
2025-09-24 00:00:00+00:00,1230.1399814766942,1230.1399814766942,0
2025-09-24 04:00:00+00:00,1229.0138242894768,1230.060360765919,1
2025-09-24 08:00:00+00:00,1228.2065316222506,1230.060360765919,1
2025-09-24 12:00:00+00:00,1227.6141985409724,1230.060360765919,1
2025-09-24 16:00:00+00:00,1227.814827487857,1230.060360765919,1
2025-09-24 20:00:00+00:00,1228.5791282378934,1230.060360765919,1
2025-09-25 00:00:00+00:00,1230.628409623929,1230.060360765919,1
2025-09-25 04:00:00+00:00,1232.0901348083737,1230.060360765919,1
2025-09-25 08:00:00+00:00,1233.4467686396886,1230.060360765919,1
2025-09-25 12:00:00+00:00,1233.5518599928187,1230.060360765919,1
2025-09-25 16:00:00+00:00,1234.9753701397615,1230.060360765919,1
2025-09-25 20:00:00+00:00,1237.5835464492611,1230.060360765919,1
2025-09-26 00:00:00+00:00,1235.7731090476123,1230.060360765919,1
2025-09-26 04:00:00+00:00,1235.8543160023037,1230.060360765919,1
2025-09-26 08:00:00+00:00,1237.220503592994,1230.060360765919,1
2025-09-26 12:00:00+00:00,1235.9976223929355,1230.060360765919,1
2025-09-26 16:00:00+00:00,1233.7907039772049,1230.060360765919,1
2025-09-26 20:00:00+00:00,1231.6554387567905,1230.060360765919,1
2025-09-27 00:00:00+00:00,1232.2286643193179,1230.060360765919,1
2025-09-27 04:00:00+00:00,1233.1076101818599,1230.060360765919,1
2025-09-27 08:00:00+00:00,1233.2843547303057,1230.060360765919,1
2025-09-27 12:00:00+00:00,1232.4149626271392,1230.060360765919,1
2025-09-27 16:00:00+00:00,1233.0455107459193,1230.060360765919,1
2025-09-27 20:00:00+00:00,1232.4627314240165,1230.060360765919,1
2025-09-28 00:00:00+00:00,1233.4324380006253,1230.060360765919,1
2025-09-28 04:00:00+00:00,1233.0932795427966,1230.060360765919,1
2025-09-28 08:00:00+00:00,1234.1680774725355,1230.060360765919,1
2025-09-28 12:00:00+00:00,1232.457954544329,1230.060360765919,1
2025-09-28 16:00:00+00:00,1231.1395357505157,1230.060360765919,1
2025-09-28 20:00:00+00:00,1230.0107511058845,1230.0107511058845,0
2025-09-29 00:00:00+00:00,1230.0107511058845,1230.0107511058845,0
2025-09-29 04:00:00+00:00,1230.0107511058845,1230.0107511058845,0
2025-09-29 08:00:00+00:00,1230.0107511058845,1230.0107511058845,0
2025-09-29 12:00:00+00:00,1230.0107511058845,1230.0107511058845,0
2025-09-29 16:00:00+00:00,1230.0107511058845,1230.0107511058845,0
2025-09-29 20:00:00+00:00,1230.0107511058845,1230.0107511058845,0
2025-09-30 00:00:00+00:00,1230.0107511058845,1230.0107511058845,0
2025-09-30 04:00:00+00:00,1230.0107511058845,1230.0107511058845,0
2025-09-30 08:00:00+00:00,1230.0107511058845,1230.0107511058845,0
2025-09-30 12:00:00+00:00,1230.0107511058845,1230.0107511058845,0
2025-09-30 16:00:00+00:00,1230.0107511058845,1230.0107511058845,0
2025-09-30 20:00:00+00:00,1230.0107511058845,1230.0107511058845,0
2025-10-01 00:00:00+00:00,1230.0107511058845,1230.0107511058845,0
2025-10-01 04:00:00+00:00,1230.0107511058845,1230.0107511058845,0
2025-10-01 08:00:00+00:00,1230.0107511058845,1230.0107511058845,0
2025-10-01 12:00:00+00:00,1230.0107511058845,1230.0107511058845,0
2025-10-01 16:00:00+00:00,1230.0107511058845,1230.0107511058845,0
2025-10-01 20:00:00+00:00,1230.0107511058845,1230.0107511058845,0
2025-10-02 00:00:00+00:00,1230.0107511058845,1230.0107511058845,0
2025-10-02 04:00:00+00:00,1230.0107511058845,1230.0107511058845,0
2025-10-02 08:00:00+00:00,1230.0107511058845,1230.0107511058845,0
2025-10-02 12:00:00+00:00,1230.0107511058845,1230.0107511058845,0
2025-10-02 16:00:00+00:00,1231.8754591662125,1229.7885584010198,1
2025-10-02 20:00:00+00:00,1231.1651628706893,1229.7885584010198,1
2025-10-03 00:00:00+00:00,1230.479655128206,1229.7885584010198,1
2025-10-03 04:00:00+00:00,1229.1700318540402,1229.7885584010198,1
2025-10-03 08:00:00+00:00,1230.7618276291673,1229.7885584010198,1
2025-10-03 12:00:00+00:00,1235.2360456185477,1229.7885584010198,1
2025-10-03 16:00:00+00:00,1236.0950732323115,1229.7885584010198,1
2025-10-03 20:00:00+00:00,1235.106774472787,1229.7885584010198,1
2025-10-04 00:00:00+00:00,1235.1403664371871,1229.7885584010198,1
2025-10-04 04:00:00+00:00,1235.312032958708,1229.7885584010198,1
2025-10-04 08:00:00+00:00,1234.5088375064645,1229.7885584010198,1
2025-10-04 12:00:00+00:00,1234.0922971479024,1229.7885584010198,1
2025-10-04 16:00:00+00:00,1234.4958640581444,1229.7885584010198,1
2025-10-04 20:00:00+00:00,1235.4786027683888,1229.7885584010198,1
2025-10-05 00:00:00+00:00,1238.7045896944035,1229.7885584010198,1
2025-10-05 04:00:00+00:00,1240.9209643386534,1229.7885584010198,1
2025-10-05 08:00:00+00:00,1235.560583186689,1235.560583186689,0
2025-10-05 12:00:00+00:00,1235.560583186689,1235.560583186689,0
2025-10-05 16:00:00+00:00,1235.560583186689,1235.560583186689,0
2025-10-05 20:00:00+00:00,1235.560583186689,1235.560583186689,0
2025-10-06 00:00:00+00:00,1235.560583186689,1235.560583186689,0
2025-10-06 04:00:00+00:00,1235.560583186689,1235.560583186689,0
2025-10-06 08:00:00+00:00,1237.9388263221197,1235.4614729085242,1
2025-10-06 12:00:00+00:00,1237.8272528683278,1235.4614729085242,1
2025-10-06 16:00:00+00:00,1238.8065215555894,1235.3687287912094,2
2025-10-06 20:00:00+00:00,1237.5728671645902,1235.3687287912094,2
2025-10-07 00:00:00+00:00,1237.7855776676388,1235.3687287912094,2
2025-10-07 04:00:00+00:00,1237.8238808035335,1235.3687287912094,2
2025-10-07 08:00:00+00:00,1244.9380514738853,1235.3687287912094,2
2025-10-07 12:00:00+00:00,1237.7737459156494,1229.264194384556,1
2025-10-07 16:00:00+00:00,1237.9688635493749,1237.9688635493749,0
2025-10-07 20:00:00+00:00,1237.9688635493749,1237.9688635493749,0
2025-10-08 00:00:00+00:00,1237.9688635493749,1237.9688635493749,0
2025-10-08 04:00:00+00:00,1237.9688635493749,1237.9688635493749,0
2025-10-08 08:00:00+00:00,1237.9688635493749,1237.9688635493749,0
2025-10-08 12:00:00+00:00,1237.9688635493749,1237.9688635493749,0
2025-10-08 16:00:00+00:00,1237.9688635493749,1237.9688635493749,0
2025-10-08 20:00:00+00:00,1237.9688635493749,1237.9688635493749,0
2025-10-09 00:00:00+00:00,1237.9688635493749,1237.9688635493749,0
2025-10-09 04:00:00+00:00,1237.9688635493749,1237.9688635493749,0
2025-10-09 08:00:00+00:00,1237.9688635493749,1237.9688635493749,0
2025-10-09 12:00:00+00:00,1237.9688635493749,1237.9688635493749,0
2025-10-09 16:00:00+00:00,1237.9688635493749,1237.9688635493749,0
2025-10-09 20:00:00+00:00,1237.9688635493749,1237.9688635493749,0
2025-10-10 00:00:00+00:00,1237.9688635493749,1237.9688635493749,0
2025-10-10 04:00:00+00:00,1235.6043358101383,1237.8887361148409,1
2025-10-10 08:00:00+00:00,1238.5732482651913,1237.8887361148409,1
2025-10-10 12:00:00+00:00,1234.6884759268314,1237.8887361148409,1
2025-10-10 16:00:00+00:00,1234.4518787903105,1237.8887361148409,1
2025-10-10 20:00:00+00:00,1231.774419436121,1231.774419436121,0
2025-10-11 00:00:00+00:00,1231.774419436121,1231.774419436121,0
2025-10-11 04:00:00+00:00,1231.774419436121,1231.774419436121,0
2025-10-11 08:00:00+00:00,1231.774419436121,1231.774419436121,0
2025-10-11 12:00:00+00:00,1231.774419436121,1231.774419436121,0
2025-10-11 16:00:00+00:00,1231.774419436121,1231.774419436121,0
2025-10-11 20:00:00+00:00,1231.774419436121,1231.774419436121,0
2025-10-12 00:00:00+00:00,1231.774419436121,1231.774419436121,0
2025-10-12 04:00:00+00:00,1231.774419436121,1231.774419436121,0
2025-10-12 08:00:00+00:00,1231.774419436121,1231.774419436121,0
2025-10-12 12:00:00+00:00,1231.774419436121,1231.774419436121,0
2025-10-12 16:00:00+00:00,1231.774419436121,1231.774419436121,0
2025-10-12 20:00:00+00:00,1231.774419436121,1231.774419436121,0
2025-10-13 00:00:00+00:00,1231.774419436121,1231.774419436121,0
2025-10-13 04:00:00+00:00,1231.774419436121,1231.774419436121,0
2025-10-13 08:00:00+00:00,1231.774419436121,1231.774419436121,0
2025-10-13 12:00:00+00:00,1231.774419436121,1231.774419436121,0
2025-10-13 16:00:00+00:00,1231.774419436121,1231.774419436121,0
2025-10-13 20:00:00+00:00,1231.774419436121,1231.774419436121,0
2025-10-14 00:00:00+00:00,1231.774419436121,1231.774419436121,0
2025-10-14 04:00:00+00:00,1231.774419436121,1231.774419436121,0
2025-10-14 08:00:00+00:00,1231.774419436121,1231.774419436121,0
2025-10-14 12:00:00+00:00,1231.774419436121,1231.774419436121,0
2025-10-14 16:00:00+00:00,1231.774419436121,1231.774419436121,0
2025-10-14 20:00:00+00:00,1231.774419436121,1231.774419436121,0
2025-10-15 00:00:00+00:00,1231.774419436121,1231.774419436121,0
2025-10-15 04:00:00+00:00,1231.774419436121,1231.774419436121,0
2025-10-15 08:00:00+00:00,1231.774419436121,1231.774419436121,0
2025-10-15 12:00:00+00:00,1231.774419436121,1231.774419436121,0
2025-10-15 16:00:00+00:00,1231.774419436121,1231.774419436121,0
2025-10-15 20:00:00+00:00,1231.774419436121,1231.774419436121,0
2025-10-16 00:00:00+00:00,1231.774419436121,1231.774419436121,0
2025-10-16 04:00:00+00:00,1231.774419436121,1231.774419436121,0
2025-10-16 08:00:00+00:00,1231.774419436121,1231.774419436121,0
2025-10-16 12:00:00+00:00,1231.774419436121,1231.774419436121,0
2025-10-16 16:00:00+00:00,1231.774419436121,1231.774419436121,0
2025-10-16 20:00:00+00:00,1231.774419436121,1231.774419436121,0
2025-10-17 00:00:00+00:00,1231.774419436121,1231.774419436121,0
2025-10-17 04:00:00+00:00,1231.774419436121,1231.774419436121,0
2025-10-17 08:00:00+00:00,1231.774419436121,1231.774419436121,0
2025-10-17 12:00:00+00:00,1231.774419436121,1231.774419436121,0
2025-10-17 16:00:00+00:00,1231.774419436121,1231.774419436121,0
2025-10-17 20:00:00+00:00,1231.774419436121,1231.774419436121,0
2025-10-18 00:00:00+00:00,1231.774419436121,1231.774419436121,0
2025-10-18 04:00:00+00:00,1231.774419436121,1231.774419436121,0
2025-10-18 08:00:00+00:00,1231.774419436121,1231.774419436121,0
2025-10-18 12:00:00+00:00,1231.774419436121,1231.774419436121,0
2025-10-18 16:00:00+00:00,1231.774419436121,1231.774419436121,0
2025-10-18 20:00:00+00:00,1231.774419436121,1231.774419436121,0
2025-10-19 00:00:00+00:00,1231.774419436121,1231.774419436121,0
2025-10-19 04:00:00+00:00,1231.774419436121,1231.774419436121,0
2025-10-19 08:00:00+00:00,1231.774419436121,1231.774419436121,0
2025-10-19 12:00:00+00:00,1231.774419436121,1231.774419436121,0
2025-10-19 16:00:00+00:00,1231.774419436121,1231.774419436121,0
2025-10-19 20:00:00+00:00,1231.774419436121,1231.774419436121,0
2025-10-20 00:00:00+00:00,1231.774419436121,1231.774419436121,0
2025-10-20 04:00:00+00:00,1231.774419436121,1231.774419436121,0
2025-10-20 08:00:00+00:00,1231.774419436121,1231.774419436121,0
2025-10-20 12:00:00+00:00,1231.774419436121,1231.774419436121,0
2025-10-20 16:00:00+00:00,1231.774419436121,1231.774419436121,0
2025-10-20 20:00:00+00:00,1231.774419436121,1231.774419436121,0
2025-10-21 00:00:00+00:00,1231.774419436121,1231.774419436121,0
2025-10-21 04:00:00+00:00,1231.774419436121,1231.774419436121,0
2025-10-21 08:00:00+00:00,1231.774419436121,1231.774419436121,0
2025-10-21 12:00:00+00:00,1231.774419436121,1231.774419436121,0
2025-10-21 16:00:00+00:00,1231.774419436121,1231.774419436121,0
2025-10-21 20:00:00+00:00,1231.774419436121,1231.774419436121,0
2025-10-22 00:00:00+00:00,1231.774419436121,1231.774419436121,0
2025-10-22 04:00:00+00:00,1231.774419436121,1231.774419436121,0
2025-10-22 08:00:00+00:00,1231.774419436121,1231.774419436121,0
2025-10-22 12:00:00+00:00,1231.774419436121,1231.774419436121,0
2025-10-22 16:00:00+00:00,1231.774419436121,1231.774419436121,0
2025-10-22 20:00:00+00:00,1231.774419436121,1231.774419436121,0
2025-10-23 00:00:00+00:00,1231.774419436121,1231.774419436121,0
2025-10-23 04:00:00+00:00,1231.774419436121,1231.774419436121,0
2025-10-23 08:00:00+00:00,1231.774419436121,1231.774419436121,0
2025-10-23 12:00:00+00:00,1231.774419436121,1231.774419436121,0
2025-10-23 16:00:00+00:00,1231.774419436121,1231.774419436121,0
2025-10-23 20:00:00+00:00,1231.774419436121,1231.774419436121,0
2025-10-24 00:00:00+00:00,1231.774419436121,1231.774419436121,0
2025-10-24 04:00:00+00:00,1231.774419436121,1231.774419436121,0
2025-10-24 08:00:00+00:00,1231.774419436121,1231.774419436121,0
2025-10-24 12:00:00+00:00,1231.774419436121,1231.774419436121,0
2025-10-24 16:00:00+00:00,1231.774419436121,1231.774419436121,0
2025-10-24 20:00:00+00:00,1231.774419436121,1231.774419436121,0
2025-10-25 00:00:00+00:00,1231.774419436121,1231.774419436121,0
2025-10-25 04:00:00+00:00,1231.774419436121,1231.774419436121,0
2025-10-25 08:00:00+00:00,1231.774419436121,1231.774419436121,0
2025-10-25 12:00:00+00:00,1231.774419436121,1231.774419436121,0
2025-10-25 16:00:00+00:00,1231.774419436121,1231.774419436121,0
2025-10-25 20:00:00+00:00,1231.774419436121,1231.774419436121,0
2025-10-26 00:00:00+00:00,1231.774419436121,1231.774419436121,0
2025-10-26 04:00:00+00:00,1231.774419436121,1231.774419436121,0
2025-10-26 08:00:00+00:00,1231.774419436121,1231.774419436121,0
2025-10-26 12:00:00+00:00,1231.774419436121,1231.774419436121,0
2025-10-26 16:00:00+00:00,1231.774419436121,1231.774419436121,0
2025-10-26 20:00:00+00:00,1231.774419436121,1231.774419436121,0
2025-10-27 00:00:00+00:00,1231.774419436121,1231.774419436121,0
2025-10-27 04:00:00+00:00,1231.774419436121,1231.774419436121,0
2025-10-27 08:00:00+00:00,1231.774419436121,1231.774419436121,0
2025-10-27 12:00:00+00:00,1231.774419436121,1231.774419436121,0
2025-10-27 16:00:00+00:00,1231.774419436121,1231.774419436121,0
2025-10-27 20:00:00+00:00,1231.774419436121,1231.774419436121,0
2025-10-28 00:00:00+00:00,1231.774419436121,1231.774419436121,0
2025-10-28 04:00:00+00:00,1231.774419436121,1231.774419436121,0
2025-10-28 08:00:00+00:00,1231.774419436121,1231.774419436121,0
2025-10-28 12:00:00+00:00,1231.774419436121,1231.774419436121,0
2025-10-28 16:00:00+00:00,1231.774419436121,1231.774419436121,0
2025-10-28 20:00:00+00:00,1231.774419436121,1231.774419436121,0
2025-10-29 00:00:00+00:00,1231.774419436121,1231.774419436121,0
2025-10-29 04:00:00+00:00,1231.774419436121,1231.774419436121,0
2025-10-29 08:00:00+00:00,1231.774419436121,1231.774419436121,0
2025-10-29 12:00:00+00:00,1231.774419436121,1231.774419436121,0
2025-10-29 16:00:00+00:00,1231.774419436121,1231.774419436121,0
2025-10-29 20:00:00+00:00,1231.774419436121,1231.774419436121,0
2025-10-30 00:00:00+00:00,1231.774419436121,1231.774419436121,0
2025-10-30 04:00:00+00:00,1231.774419436121,1231.774419436121,0
2025-10-30 08:00:00+00:00,1231.774419436121,1231.774419436121,0
2025-10-30 12:00:00+00:00,1231.774419436121,1231.774419436121,0
2025-10-30 16:00:00+00:00,1231.774419436121,1231.774419436121,0
2025-10-30 20:00:00+00:00,1231.774419436121,1231.774419436121,0
2025-10-31 00:00:00+00:00,1231.774419436121,1231.774419436121,0
2025-10-31 04:00:00+00:00,1231.774419436121,1231.774419436121,0
2025-10-31 08:00:00+00:00,1231.774419436121,1231.774419436121,0
2025-10-31 12:00:00+00:00,1231.774419436121,1231.774419436121,0
2025-10-31 16:00:00+00:00,1231.774419436121,1231.774419436121,0
2025-10-31 20:00:00+00:00,1231.774419436121,1231.774419436121,0
2025-11-01 00:00:00+00:00,1231.774419436121,1231.774419436121,0
2025-11-01 04:00:00+00:00,1231.774419436121,1231.774419436121,0
2025-11-01 08:00:00+00:00,1231.774419436121,1231.774419436121,0
2025-11-01 12:00:00+00:00,1231.774419436121,1231.774419436121,0
2025-11-01 16:00:00+00:00,1231.774419436121,1231.774419436121,0
2025-11-01 20:00:00+00:00,1231.774419436121,1231.774419436121,0
2025-11-02 00:00:00+00:00,1231.774419436121,1231.774419436121,0
2025-11-02 04:00:00+00:00,1231.774419436121,1231.774419436121,0
2025-11-02 08:00:00+00:00,1231.774419436121,1231.774419436121,0
2025-11-02 12:00:00+00:00,1231.774419436121,1231.774419436121,0
2025-11-02 16:00:00+00:00,1231.774419436121,1231.774419436121,0
2025-11-02 20:00:00+00:00,1231.774419436121,1231.774419436121,0
2025-11-03 00:00:00+00:00,1231.774419436121,1231.774419436121,0
2025-11-03 04:00:00+00:00,1231.774419436121,1231.774419436121,0
2025-11-03 08:00:00+00:00,1231.774419436121,1231.774419436121,0
2025-11-03 12:00:00+00:00,1231.774419436121,1231.774419436121,0
2025-11-03 16:00:00+00:00,1231.774419436121,1231.774419436121,0
2025-11-03 20:00:00+00:00,1231.774419436121,1231.774419436121,0
2025-11-04 00:00:00+00:00,1231.774419436121,1231.774419436121,0
2025-11-04 04:00:00+00:00,1231.774419436121,1231.774419436121,0
2025-11-04 08:00:00+00:00,1228.7520047587793,1231.694692936481,1
2025-11-04 12:00:00+00:00,1228.9043539207828,1231.694692936481,1
2025-11-04 16:00:00+00:00,1233.2463050378801,1231.694692936481,1
2025-11-04 20:00:00+00:00,1232.9987376496247,1231.694692936481,1
2025-11-05 00:00:00+00:00,1231.7926401170976,1231.694692936481,1
2025-11-05 04:00:00+00:00,1232.0655990323537,1231.694692936481,1
2025-11-05 08:00:00+00:00,1231.45620238434,1231.694692936481,1
2025-11-05 12:00:00+00:00,1229.5581857410475,1231.694692936481,1
2025-11-05 16:00:00+00:00,1228.2568699822682,1231.694692936481,1
2025-11-05 20:00:00+00:00,1228.3393924450202,1231.694692936481,1
2025-11-06 00:00:00+00:00,1228.282261509269,1231.694692936481,1
2025-11-06 04:00:00+00:00,1230.5865425845705,1231.694692936481,1
2025-11-06 08:00:00+00:00,1230.5548031758199,1231.694692936481,1
2025-11-06 12:00:00+00:00,1232.4337761738618,1231.694692936481,1
2025-11-06 16:00:00+00:00,1231.818031644098,1231.694692936481,1
2025-11-06 20:00:00+00:00,1232.833692724121,1231.694692936481,1
2025-11-07 00:00:00+00:00,1231.8243795258484,1231.694692936481,1
2025-11-07 04:00:00+00:00,1231.2530701683354,1231.694692936481,1
2025-11-07 08:00:00+00:00,1233.7414398143912,1231.694692936481,1
2025-11-07 12:00:00+00:00,1232.7638660248692,1231.694692936481,1
2025-11-07 16:00:00+00:00,1227.1967737299944,1231.694692936481,1
2025-11-07 20:00:00+00:00,1228.694873823028,1231.694692936481,1
2025-11-08 00:00:00+00:00,1228.250522100518,1231.694692936481,1
2025-11-08 04:00:00+00:00,1229.177312836039,1231.694692936481,1
2025-11-08 08:00:00+00:00,1230.2374090883127,1231.694692936481,1
2025-11-08 12:00:00+00:00,1231.9386413973507,1231.694692936481,1
2025-11-08 16:00:00+00:00,1231.5387248470918,1231.694692936481,1
2025-11-08 20:00:00+00:00,1231.0943731245818,1231.694692936481,1
2025-11-09 00:00:00+00:00,1232.4401240556122,1231.694692936481,1
2025-11-09 04:00:00+00:00,1230.3135836693143,1231.694692936481,1
2025-11-09 08:00:00+00:00,1230.4405413043173,1231.694692936481,1
2025-11-09 12:00:00+00:00,1228.2314784552677,1231.694692936481,1
2025-11-09 16:00:00+00:00,1225.9271973799662,1231.694692936481,1
2025-11-09 20:00:00+00:00,1225.460670162381,1225.460670162381,0
2025-11-10 00:00:00+00:00,1225.460670162381,1225.460670162381,0
2025-11-10 04:00:00+00:00,1225.460670162381,1225.460670162381,0
2025-11-10 08:00:00+00:00,1225.460670162381,1225.460670162381,0
2025-11-10 12:00:00+00:00,1225.460670162381,1225.460670162381,0
2025-11-10 16:00:00+00:00,1225.460670162381,1225.460670162381,0
2025-11-10 20:00:00+00:00,1225.460670162381,1225.460670162381,0
2025-11-11 00:00:00+00:00,1225.460670162381,1225.460670162381,0
2025-11-11 04:00:00+00:00,1225.460670162381,1225.460670162381,0
2025-11-11 08:00:00+00:00,1225.460670162381,1225.460670162381,0
2025-11-11 12:00:00+00:00,1225.460670162381,1225.460670162381,0
2025-11-11 16:00:00+00:00,1225.460670162381,1225.460670162381,0
2025-11-11 20:00:00+00:00,1225.460670162381,1225.460670162381,0
2025-11-12 00:00:00+00:00,1225.460670162381,1225.460670162381,0
2025-11-12 04:00:00+00:00,1225.460670162381,1225.460670162381,0
2025-11-12 08:00:00+00:00,1225.460670162381,1225.460670162381,0
2025-11-12 12:00:00+00:00,1225.460670162381,1225.460670162381,0
2025-11-12 16:00:00+00:00,1225.460670162381,1225.460670162381,0
2025-11-12 20:00:00+00:00,1225.460670162381,1225.460670162381,0
2025-11-13 00:00:00+00:00,1225.460670162381,1225.460670162381,0
2025-11-13 04:00:00+00:00,1225.460670162381,1225.460670162381,0
2025-11-13 08:00:00+00:00,1225.460670162381,1225.460670162381,0
2025-11-13 12:00:00+00:00,1225.460670162381,1225.460670162381,0
2025-11-13 16:00:00+00:00,1225.460670162381,1225.460670162381,0
2025-11-13 20:00:00+00:00,1225.460670162381,1225.460670162381,0
2025-11-14 00:00:00+00:00,1225.460670162381,1225.460670162381,0
2025-11-14 04:00:00+00:00,1225.460670162381,1225.460670162381,0
2025-11-14 08:00:00+00:00,1225.460670162381,1225.460670162381,0
2025-11-14 12:00:00+00:00,1225.460670162381,1225.460670162381,0
2025-11-14 16:00:00+00:00,1225.460670162381,1225.460670162381,0
2025-11-14 20:00:00+00:00,1225.460670162381,1225.460670162381,0
2025-11-15 00:00:00+00:00,1225.460670162381,1225.460670162381,0
2025-11-15 04:00:00+00:00,1225.460670162381,1225.460670162381,0
2025-11-15 08:00:00+00:00,1225.460670162381,1225.460670162381,0
2025-11-15 12:00:00+00:00,1225.460670162381,1225.460670162381,0
2025-11-15 16:00:00+00:00,1225.460670162381,1225.460670162381,0
2025-11-15 20:00:00+00:00,1225.460670162381,1225.460670162381,0
2025-11-16 00:00:00+00:00,1225.460670162381,1225.460670162381,0
2025-11-16 04:00:00+00:00,1225.460670162381,1225.460670162381,0
2025-11-16 08:00:00+00:00,1225.460670162381,1225.460670162381,0
2025-11-16 12:00:00+00:00,1225.460670162381,1225.460670162381,0
2025-11-16 16:00:00+00:00,1225.460670162381,1225.460670162381,0
2025-11-16 20:00:00+00:00,1224.712036969256,1225.381352319652,1
2025-11-17 00:00:00+00:00,1222.898687990928,1225.381352319652,1
2025-11-17 04:00:00+00:00,1222.3629257927857,1225.381352319652,1
2025-11-17 08:00:00+00:00,1222.5071694615162,1225.381352319652,1
2025-11-17 12:00:00+00:00,1226.6078109011441,1225.381352319652,1
2025-11-17 16:00:00+00:00,1229.616321706097,1225.381352319652,1
2025-11-17 20:00:00+00:00,1228.5241910714224,1225.381352319652,1
2025-11-18 00:00:00+00:00,1228.0502475884502,1225.381352319652,1
2025-11-18 04:00:00+00:00,1228.7920721704936,1225.381352319652,1
2025-11-18 08:00:00+00:00,1227.9472163965,1225.381352319652,1
2025-11-18 12:00:00+00:00,1226.8756920002152,1225.381352319652,1
2025-11-18 16:00:00+00:00,1226.0514424646117,1225.381352319652,1
2025-11-18 20:00:00+00:00,1226.6284171395341,1225.381352319652,1
2025-11-19 00:00:00+00:00,1228.0296413500603,1225.381352319652,1
2025-11-19 04:00:00+00:00,1228.0708538268404,1225.381352319652,1
2025-11-19 08:00:00+00:00,1228.6066160249827,1225.381352319652,1
2025-11-19 12:00:00+00:00,1230.502389956871,1225.381352319652,1
2025-11-19 16:00:00+00:00,1233.5727194769943,1225.381352319652,1
2025-11-19 20:00:00+00:00,1228.9775283160043,1225.381352319652,1
2025-11-20 00:00:00+00:00,1228.4005536410818,1225.381352319652,1
2025-11-20 04:00:00+00:00,1227.6381228206485,1225.381352319652,1
2025-11-20 08:00:00+00:00,1228.4829785946422,1225.381352319652,1
2025-11-20 12:00:00+00:00,1230.6672398639917,1225.381352319652,1
2025-11-20 16:00:00+00:00,1234.7678813036193,1225.381352319652,1
2025-11-20 20:00:00+00:00,1235.4684934088825,1225.381352319652,1
2025-11-21 00:00:00+00:00,1235.9630431302446,1225.381352319652,1
2025-11-21 04:00:00+00:00,1240.3521719073335,1225.381352319652,1
2025-11-21 08:00:00+00:00,1242.4127957463425,1225.381352319652,1
2025-11-21 12:00:00+00:00,1241.8976397865902,1225.381352319652,1
2025-11-21 16:00:00+00:00,1240.1255032850427,1225.381352319652,1
2025-11-21 20:00:00+00:00,1240.2697469537732,1225.381352319652,1
2025-11-22 00:00:00+00:00,1240.661265483185,1225.381352319652,1
2025-11-22 04:00:00+00:00,1240.929146582256,1225.381352319652,1
2025-11-22 08:00:00+00:00,1241.7533961178597,1225.381352319652,1
2025-11-22 12:00:00+00:00,1242.515826938293,1225.381352319652,1
2025-11-22 16:00:00+00:00,1241.8770335482002,1225.381352319652,1
2025-11-22 20:00:00+00:00,1241.2176339197174,1225.381352319652,1
2025-11-23 00:00:00+00:00,1239.960653377922,1225.381352319652,1
2025-11-23 04:00:00+00:00,1240.3315656689435,1225.381352319652,1
2025-11-23 08:00:00+00:00,1240.1667157618228,1225.381352319652,1
2025-11-23 12:00:00+00:00,1238.6830665977363,1225.381352319652,1
2025-11-23 16:00:00+00:00,1239.4661036565597,1225.381352319652,1
2025-11-23 20:00:00+00:00,1240.3933843841137,1225.381352319652,1
2025-11-24 00:00:00+00:00,1238.7654915512967,1225.381352319652,1
2025-11-24 04:00:00+00:00,1239.4248911797795,1225.381352319652,1
2025-11-24 08:00:00+00:00,1240.4345968608939,1225.381352319652,1
2025-11-24 12:00:00+00:00,1239.4867098949499,1225.381352319652,1
2025-11-24 16:00:00+00:00,1236.341412469887,1236.341412469887,0
2025-11-24 20:00:00+00:00,1236.341412469887,1236.341412469887,0
2025-11-25 00:00:00+00:00,1236.341412469887,1236.341412469887,0
2025-11-25 04:00:00+00:00,1236.341412469887,1236.341412469887,0
2025-11-25 08:00:00+00:00,1236.341412469887,1236.341412469887,0
2025-11-25 12:00:00+00:00,1236.341412469887,1236.341412469887,0
2025-11-25 16:00:00+00:00,1236.341412469887,1236.341412469887,0
2025-11-25 20:00:00+00:00,1236.341412469887,1236.341412469887,0
2025-11-26 00:00:00+00:00,1236.341412469887,1236.341412469887,0
2025-11-26 04:00:00+00:00,1236.341412469887,1236.341412469887,0
2025-11-26 08:00:00+00:00,1236.341412469887,1236.341412469887,0
2025-11-26 12:00:00+00:00,1236.341412469887,1236.341412469887,0
2025-11-26 16:00:00+00:00,1236.341412469887,1236.341412469887,0
2025-11-26 20:00:00+00:00,1236.341412469887,1236.341412469887,0
2025-11-27 00:00:00+00:00,1236.341412469887,1236.341412469887,0
2025-11-27 04:00:00+00:00,1236.341412469887,1236.341412469887,0
2025-11-27 08:00:00+00:00,1236.341412469887,1236.341412469887,0
2025-11-27 12:00:00+00:00,1236.341412469887,1236.341412469887,0
2025-11-27 16:00:00+00:00,1236.341412469887,1236.341412469887,0
2025-11-27 20:00:00+00:00,1236.341412469887,1236.341412469887,0
2025-11-28 00:00:00+00:00,1236.341412469887,1236.341412469887,0
2025-11-28 04:00:00+00:00,1236.341412469887,1236.341412469887,0
2025-11-28 08:00:00+00:00,1236.341412469887,1236.341412469887,0
2025-11-28 12:00:00+00:00,1236.341412469887,1236.341412469887,0
2025-11-28 16:00:00+00:00,1236.341412469887,1236.341412469887,0
2025-11-28 20:00:00+00:00,1236.341412469887,1236.341412469887,0
2025-11-29 00:00:00+00:00,1236.341412469887,1236.341412469887,0
2025-11-29 04:00:00+00:00,1236.341412469887,1236.341412469887,0
2025-11-29 08:00:00+00:00,1236.341412469887,1236.341412469887,0
2025-11-29 12:00:00+00:00,1236.341412469887,1236.341412469887,0
2025-11-29 16:00:00+00:00,1236.341412469887,1236.341412469887,0
2025-11-29 20:00:00+00:00,1236.341412469887,1236.341412469887,0
2025-11-30 00:00:00+00:00,1236.341412469887,1236.341412469887,0
2025-11-30 04:00:00+00:00,1236.341412469887,1236.341412469887,0
2025-11-30 08:00:00+00:00,1236.341412469887,1236.341412469887,0
2025-11-30 12:00:00+00:00,1236.341412469887,1236.341412469887,0
2025-11-30 16:00:00+00:00,1236.341412469887,1236.341412469887,0
2025-11-30 20:00:00+00:00,1236.341412469887,1236.341412469887,0
2025-12-01 00:00:00+00:00,1236.341412469887,1236.341412469887,0
2025-12-01 04:00:00+00:00,1236.341412469887,1236.341412469887,0
2025-12-01 08:00:00+00:00,1236.341412469887,1236.341412469887,0
2025-12-01 12:00:00+00:00,1236.341412469887,1236.341412469887,0
2025-12-01 16:00:00+00:00,1236.341412469887,1236.341412469887,0
2025-12-01 20:00:00+00:00,1236.341412469887,1236.341412469887,0
2025-12-02 00:00:00+00:00,1236.341412469887,1236.341412469887,0
2025-12-02 04:00:00+00:00,1236.341412469887,1236.341412469887,0
2025-12-02 08:00:00+00:00,1236.341412469887,1236.341412469887,0
2025-12-02 12:00:00+00:00,1236.341412469887,1236.341412469887,0
2025-12-02 16:00:00+00:00,1236.341412469887,1236.341412469887,0
2025-12-02 20:00:00+00:00,1236.341412469887,1236.341412469887,0
2025-12-03 00:00:00+00:00,1236.341412469887,1236.341412469887,0
2025-12-03 04:00:00+00:00,1236.341412469887,1236.341412469887,0
2025-12-03 08:00:00+00:00,1236.341412469887,1236.341412469887,0
2025-12-03 12:00:00+00:00,1236.341412469887,1236.341412469887,0
2025-12-03 16:00:00+00:00,1236.341412469887,1236.341412469887,0
2025-12-03 20:00:00+00:00,1236.341412469887,1236.341412469887,0
2025-12-04 00:00:00+00:00,1236.341412469887,1236.341412469887,0
2025-12-04 04:00:00+00:00,1236.341412469887,1236.341412469887,0
2025-12-04 08:00:00+00:00,1236.341412469887,1236.341412469887,0
2025-12-04 12:00:00+00:00,1236.341412469887,1236.341412469887,0
2025-12-04 16:00:00+00:00,1236.341412469887,1236.341412469887,0
2025-12-04 20:00:00+00:00,1236.341412469887,1236.341412469887,0
2025-12-05 00:00:00+00:00,1236.341412469887,1236.341412469887,0
2025-12-05 04:00:00+00:00,1236.341412469887,1236.341412469887,0
2025-12-05 08:00:00+00:00,1236.341412469887,1236.341412469887,0
2025-12-05 12:00:00+00:00,1236.341412469887,1236.341412469887,0
2025-12-05 16:00:00+00:00,1236.341412469887,1236.341412469887,0
2025-12-05 20:00:00+00:00,1236.341412469887,1236.341412469887,0
2025-12-06 00:00:00+00:00,1236.341412469887,1236.341412469887,0
2025-12-06 04:00:00+00:00,1236.341412469887,1236.341412469887,0
2025-12-06 08:00:00+00:00,1236.341412469887,1236.341412469887,0
2025-12-06 12:00:00+00:00,1236.341412469887,1236.341412469887,0
2025-12-06 16:00:00+00:00,1236.341412469887,1236.341412469887,0
2025-12-06 20:00:00+00:00,1236.341412469887,1236.341412469887,0
2025-12-07 00:00:00+00:00,1236.341412469887,1236.341412469887,0
2025-12-07 04:00:00+00:00,1236.341412469887,1236.341412469887,0
2025-12-07 08:00:00+00:00,1236.341412469887,1236.341412469887,0
2025-12-07 12:00:00+00:00,1236.341412469887,1236.341412469887,0
2025-12-07 16:00:00+00:00,1236.341412469887,1236.341412469887,0
2025-12-07 20:00:00+00:00,1236.341412469887,1236.341412469887,0
2025-12-08 00:00:00+00:00,1236.341412469887,1236.341412469887,0
2025-12-08 04:00:00+00:00,1236.341412469887,1236.341412469887,0
2025-12-08 08:00:00+00:00,1236.341412469887,1236.341412469887,0
2025-12-08 12:00:00+00:00,1236.341412469887,1236.341412469887,0
2025-12-08 16:00:00+00:00,1236.341412469887,1236.341412469887,0
2025-12-08 20:00:00+00:00,1236.341412469887,1236.341412469887,0
2025-12-09 00:00:00+00:00,1236.341412469887,1236.341412469887,0
2025-12-09 04:00:00+00:00,1236.341412469887,1236.341412469887,0
2025-12-09 08:00:00+00:00,1236.341412469887,1236.341412469887,0
2025-12-09 12:00:00+00:00,1236.341412469887,1236.341412469887,0
2025-12-09 16:00:00+00:00,1236.341412469887,1236.341412469887,0
2025-12-09 20:00:00+00:00,1236.341412469887,1236.341412469887,0
2025-12-10 00:00:00+00:00,1236.341412469887,1236.341412469887,0
2025-12-10 04:00:00+00:00,1236.341412469887,1236.341412469887,0
2025-12-10 08:00:00+00:00,1236.341412469887,1236.341412469887,0
2025-12-10 12:00:00+00:00,1236.341412469887,1236.341412469887,0
2025-12-10 16:00:00+00:00,1236.341412469887,1236.341412469887,0
2025-12-10 20:00:00+00:00,1236.341412469887,1236.341412469887,0
2025-12-11 00:00:00+00:00,1236.341412469887,1236.341412469887,0
2025-12-11 04:00:00+00:00,1236.341412469887,1236.341412469887,0
2025-12-11 08:00:00+00:00,1236.341412469887,1236.341412469887,0
2025-12-11 12:00:00+00:00,1236.341412469887,1236.341412469887,0
2025-12-11 16:00:00+00:00,1236.341412469887,1236.341412469887,0
2025-12-11 20:00:00+00:00,1236.341412469887,1236.341412469887,0
2025-12-12 00:00:00+00:00,1236.341412469887,1236.341412469887,0
2025-12-12 04:00:00+00:00,1236.341412469887,1236.341412469887,0
2025-12-12 08:00:00+00:00,1236.341412469887,1236.341412469887,0
2025-12-12 12:00:00+00:00,1236.341412469887,1236.341412469887,0
2025-12-12 16:00:00+00:00,1236.341412469887,1236.341412469887,0
2025-12-12 20:00:00+00:00,1236.341412469887,1236.341412469887,0
2025-12-13 00:00:00+00:00,1236.341412469887,1236.341412469887,0
2025-12-13 04:00:00+00:00,1236.341412469887,1236.341412469887,0
2025-12-13 08:00:00+00:00,1236.341412469887,1236.341412469887,0
2025-12-13 12:00:00+00:00,1236.341412469887,1236.341412469887,0
2025-12-13 16:00:00+00:00,1236.341412469887,1236.341412469887,0
2025-12-13 20:00:00+00:00,1236.341412469887,1236.341412469887,0
2025-12-14 00:00:00+00:00,1236.341412469887,1236.341412469887,0
2025-12-14 04:00:00+00:00,1236.341412469887,1236.341412469887,0
2025-12-14 08:00:00+00:00,1236.341412469887,1236.341412469887,0
2025-12-14 12:00:00+00:00,1236.341412469887,1236.341412469887,0
2025-12-14 16:00:00+00:00,1236.341412469887,1236.341412469887,0
2025-12-14 20:00:00+00:00,1236.341412469887,1236.341412469887,0
2025-12-15 00:00:00+00:00,1236.341412469887,1236.341412469887,0
2025-12-15 04:00:00+00:00,1236.341412469887,1236.341412469887,0
2025-12-15 08:00:00+00:00,1236.341412469887,1236.341412469887,0
2025-12-15 12:00:00+00:00,1236.341412469887,1236.341412469887,0
2025-12-15 16:00:00+00:00,1236.341412469887,1236.341412469887,0
2025-12-15 20:00:00+00:00,1236.341412469887,1236.341412469887,0
2025-12-16 00:00:00+00:00,1236.341412469887,1236.341412469887,0
2025-12-16 04:00:00+00:00,1236.341412469887,1236.341412469887,0
2025-12-16 08:00:00+00:00,1236.341412469887,1236.341412469887,0
2025-12-16 12:00:00+00:00,1236.341412469887,1236.341412469887,0
2025-12-16 16:00:00+00:00,1236.341412469887,1236.341412469887,0
2025-12-16 20:00:00+00:00,1236.341412469887,1236.341412469887,0
2025-12-17 00:00:00+00:00,1236.341412469887,1236.341412469887,0
2025-12-17 04:00:00+00:00,1236.341412469887,1236.341412469887,0
2025-12-17 08:00:00+00:00,1236.341412469887,1236.341412469887,0
2025-12-17 12:00:00+00:00,1236.341412469887,1236.341412469887,0
2025-12-17 16:00:00+00:00,1236.341412469887,1236.341412469887,0
2025-12-17 20:00:00+00:00,1236.7510850721217,1236.1651775985883,2
2025-12-18 00:00:00+00:00,1238.6207603281905,1236.1651775985883,2
2025-12-18 04:00:00+00:00,1239.2902044160926,1236.1651775985883,2
2025-12-18 08:00:00+00:00,1238.7787781776722,1236.1651775985883,2
2025-12-18 12:00:00+00:00,1232.0768927689205,1236.1651775985883,2
2025-12-18 16:00:00+00:00,1247.9208302535947,1236.1651775985883,2
2025-12-18 20:00:00+00:00,1245.5252393504409,1236.1651775985883,2
2025-12-19 00:00:00+00:00,1240.2889578348422,1236.1651775985883,2
2025-12-19 04:00:00+00:00,1236.4772518660225,1236.1651775985883,2
2025-12-19 08:00:00+00:00,1236.0948646597544,1236.1651775985883,2
2025-12-19 12:00:00+00:00,1232.7692617684252,1236.1651775985883,2
2025-12-19 16:00:00+00:00,1229.297723860893,1236.1651775985883,2
2025-12-19 20:00:00+00:00,1230.3628371130058,1236.1651775985883,2
2025-12-20 00:00:00+00:00,1231.1697973662895,1236.1651775985883,2
2025-12-20 04:00:00+00:00,1230.5111787045944,1236.1651775985883,2
2025-12-20 08:00:00+00:00,1229.3037611145032,1236.1651775985883,2
2025-12-20 12:00:00+00:00,1229.9671929269698,1236.1651775985883,2
2025-12-20 16:00:00+00:00,1230.817579775956,1236.1651775985883,2
2025-12-20 20:00:00+00:00,1232.0226074427778,1236.1651775985883,2
2025-12-21 00:00:00+00:00,1233.3566907938687,1236.1651775985883,2
2025-12-21 04:00:00+00:00,1234.5315654968724,1236.1651775985883,2
2025-12-21 08:00:00+00:00,1232.7451210800423,1236.1651775985883,2
2025-12-21 12:00:00+00:00,1236.9343594740674,1236.1651775985883,2
2025-12-21 16:00:00+00:00,1235.2963066051757,1236.1651775985883,2
2025-12-21 20:00:00+00:00,1234.7848637146385,1236.1651775985883,2
2025-12-22 00:00:00+00:00,1234.0128695759447,1236.1651775985883,2
2025-12-22 04:00:00+00:00,1233.729410068302,1236.1651775985883,2
2025-12-22 08:00:00+00:00,1231.554549517652,1236.1651775985883,2
2025-12-22 12:00:00+00:00,1228.5450322816355,1236.1651775985883,2
2025-12-22 16:00:00+00:00,1234.0623417513157,1236.1651775985883,2
2025-12-22 20:00:00+00:00,1230.8356249283208,1236.1651775985883,2
2025-12-23 00:00:00+00:00,1231.8572949326144,1236.1651775985883,2
2025-12-23 04:00:00+00:00,1235.0478048860646,1236.1651775985883,2
2025-12-23 08:00:00+00:00,1233.1528064690658,1236.1651775985883,2
2025-12-23 12:00:00+00:00,1238.1587146785002,1236.1651775985883,2
2025-12-23 16:00:00+00:00,1236.5519805938575,1236.1651775985883,2
2025-12-23 20:00:00+00:00,1235.5399452171655,1236.1651775985883,2
2025-12-24 00:00:00+00:00,1237.4228857790602,1236.1651775985883,2
2025-12-24 04:00:00+00:00,1239.525349242737,1236.1651775985883,2
2025-12-24 08:00:00+00:00,1237.5579703908813,1236.1651775985883,2
2025-12-24 12:00:00+00:00,1239.3769743469154,1236.1651775985883,2
2025-12-24 16:00:00+00:00,1238.9885665391537,1236.1651775985883,2
2025-12-24 20:00:00+00:00,1237.524914916537,1237.524914916537,0
2025-12-25 00:00:00+00:00,1237.524914916537,1237.524914916537,0
2025-12-25 04:00:00+00:00,1237.524914916537,1237.524914916537,0
2025-12-25 08:00:00+00:00,1237.524914916537,1237.524914916537,0
2025-12-25 12:00:00+00:00,1237.524914916537,1237.524914916537,0
2025-12-25 16:00:00+00:00,1237.524914916537,1237.524914916537,0
2025-12-25 20:00:00+00:00,1237.524914916537,1237.524914916537,0
2025-12-26 00:00:00+00:00,1237.524914916537,1237.524914916537,0
2025-12-26 04:00:00+00:00,1237.524914916537,1237.524914916537,0
2025-12-26 08:00:00+00:00,1237.524914916537,1237.524914916537,0
2025-12-26 12:00:00+00:00,1237.524914916537,1237.524914916537,0
2025-12-26 16:00:00+00:00,1237.524914916537,1237.524914916537,0
2025-12-26 20:00:00+00:00,1237.524914916537,1237.524914916537,0
2025-12-27 00:00:00+00:00,1237.524914916537,1237.524914916537,0
2025-12-27 04:00:00+00:00,1237.524914916537,1237.524914916537,0
2025-12-27 08:00:00+00:00,1237.524914916537,1237.524914916537,0
2025-12-27 12:00:00+00:00,1237.524914916537,1237.524914916537,0
2025-12-27 16:00:00+00:00,1237.524914916537,1237.524914916537,0
2025-12-27 20:00:00+00:00,1237.524914916537,1237.524914916537,0
2025-12-28 00:00:00+00:00,1237.524914916537,1237.524914916537,0
2025-12-28 04:00:00+00:00,1237.524914916537,1237.524914916537,0
2025-12-28 08:00:00+00:00,1237.524914916537,1237.524914916537,0
2025-12-28 12:00:00+00:00,1237.524914916537,1237.524914916537,0
2025-12-28 16:00:00+00:00,1237.524914916537,1237.524914916537,0
2025-12-28 20:00:00+00:00,1237.524914916537,1237.524914916537,0
2025-12-29 00:00:00+00:00,1237.524914916537,1237.524914916537,0
2025-12-29 04:00:00+00:00,1237.524914916537,1237.524914916537,0
2025-12-29 08:00:00+00:00,1237.524914916537,1237.524914916537,0
2025-12-29 12:00:00+00:00,1237.524914916537,1237.524914916537,0
2025-12-29 16:00:00+00:00,1237.524914916537,1237.524914916537,0
2025-12-29 20:00:00+00:00,1237.524914916537,1237.524914916537,0
2025-12-30 00:00:00+00:00,1237.524914916537,1237.524914916537,0
2025-12-30 04:00:00+00:00,1237.524914916537,1237.524914916537,0
2025-12-30 08:00:00+00:00,1237.524914916537,1237.524914916537,0
2025-12-30 12:00:00+00:00,1237.524914916537,1237.524914916537,0
2025-12-30 16:00:00+00:00,1237.524914916537,1237.524914916537,0
2025-12-30 20:00:00+00:00,1237.524914916537,1237.524914916537,0
2025-12-31 00:00:00+00:00,1237.524914916537,1237.524914916537,0
2025-12-31 04:00:00+00:00,1237.524914916537,1237.524914916537,0
2025-12-31 08:00:00+00:00,1237.524914916537,1237.524914916537,0
2025-12-31 12:00:00+00:00,1237.524914916537,1237.524914916537,0
2025-12-31 16:00:00+00:00,1237.524914916537,1237.524914916537,0
2025-12-31 20:00:00+00:00,1236.7950592829063,1237.410871438141,1
2026-01-01 00:00:00+00:00,1237.0958369302807,1237.410871438141,1
2026-01-01 04:00:00+00:00,1235.5060122227296,1237.410871438141,1
2026-01-01 08:00:00+00:00,1233.658378103143,1237.410871438141,1
2026-01-01 12:00:00+00:00,1230.0790463179094,1230.0790463179094,0
2026-01-01 16:00:00+00:00,1230.0790463179094,1230.0790463179094,0
2026-01-01 20:00:00+00:00,1230.0790463179094,1230.0790463179094,0
2026-01-02 00:00:00+00:00,1230.0790463179094,1230.0790463179094,0
2026-01-02 04:00:00+00:00,1230.0790463179094,1230.0790463179094,0
2026-01-02 08:00:00+00:00,1230.0790463179094,1230.0790463179094,0
2026-01-02 12:00:00+00:00,1230.0790463179094,1230.0790463179094,0
2026-01-02 16:00:00+00:00,1230.0790463179094,1230.0790463179094,0
2026-01-02 20:00:00+00:00,1230.0790463179094,1230.0790463179094,0
2026-01-03 00:00:00+00:00,1230.0790463179094,1230.0790463179094,0
2026-01-03 04:00:00+00:00,1230.0790463179094,1230.0790463179094,0
2026-01-03 08:00:00+00:00,1230.0790463179094,1230.0790463179094,0
2026-01-03 12:00:00+00:00,1230.0790463179094,1230.0790463179094,0
2026-01-03 16:00:00+00:00,1230.0790463179094,1230.0790463179094,0
2026-01-03 20:00:00+00:00,1230.0790463179094,1230.0790463179094,0
2026-01-04 00:00:00+00:00,1230.0790463179094,1230.0790463179094,0
2026-01-04 04:00:00+00:00,1230.2860933626753,1229.9994295511574,1
2026-01-04 08:00:00+00:00,1230.582708274927,1229.9994295511574,1
2026-01-04 12:00:00+00:00,1230.2333618227194,1229.9994295511574,1
2026-01-04 16:00:00+00:00,1229.231462563558,1229.9994295511574,1
2026-01-04 20:00:00+00:00,1228.9809877487673,1229.9994295511574,1
2026-01-05 00:00:00+00:00,1230.3322334601366,1229.9994295511574,1
2026-01-05 04:00:00+00:00,1229.2973769885027,1229.9994295511574,1
2026-01-05 08:00:00+00:00,1227.8472596397162,1229.9994295511574,1
2026-01-05 12:00:00+00:00,1228.5195867741536,1229.9994295511574,1
2026-01-05 16:00:00+00:00,1230.4706537525208,1229.9994295511574,1
2026-01-05 20:00:00+00:00,1230.4376965400484,1229.9994295511574,1
2026-01-06 00:00:00+00:00,1231.1495723294527,1229.9994295511574,1
2026-01-06 04:00:00+00:00,1229.0073535187453,1229.9994295511574,1
2026-01-06 08:00:00+00:00,1229.6071747857434,1229.9994295511574,1
2026-01-06 12:00:00+00:00,1229.2841941035138,1229.9994295511574,1
2026-01-06 16:00:00+00:00,1222.4457250201162,1229.8888041651235,2
2026-01-06 20:00:00+00:00,1229.0341027375337,1229.8888041651235,2
2026-01-07 00:00:00+00:00,1226.1353632556156,1229.8888041651235,2
2026-01-07 04:00:00+00:00,1226.3652676922698,1229.8888041651235,2
2026-01-07 08:00:00+00:00,1224.8238892364832,1229.8888041651235,2
2026-01-07 12:00:00+00:00,1220.6050911771065,1223.8580319851267,1
2026-01-07 16:00:00+00:00,1220.9280718593363,1223.8580319851267,1
2026-01-07 20:00:00+00:00,1220.7962430094467,1223.8580319851267,1
2026-01-08 00:00:00+00:00,1220.038227122581,1223.8580319851267,1
2026-01-08 04:00:00+00:00,1217.683162081737,1217.683162081737,0
2026-01-08 08:00:00+00:00,1217.683162081737,1217.683162081737,0
2026-01-08 12:00:00+00:00,1217.683162081737,1217.683162081737,0
2026-01-08 16:00:00+00:00,1217.683162081737,1217.683162081737,0
2026-01-08 20:00:00+00:00,1217.683162081737,1217.683162081737,0
2026-01-09 00:00:00+00:00,1217.683162081737,1217.683162081737,0
2026-01-09 04:00:00+00:00,1217.683162081737,1217.683162081737,0
2026-01-09 08:00:00+00:00,1217.683162081737,1217.683162081737,0
2026-01-09 12:00:00+00:00,1217.683162081737,1217.683162081737,0
2026-01-09 16:00:00+00:00,1217.683162081737,1217.683162081737,0
2026-01-09 20:00:00+00:00,1217.683162081737,1217.683162081737,0
2026-01-10 00:00:00+00:00,1217.683162081737,1217.683162081737,0
2026-01-10 04:00:00+00:00,1217.683162081737,1217.683162081737,0
2026-01-10 08:00:00+00:00,1217.683162081737,1217.683162081737,0
2026-01-10 12:00:00+00:00,1217.683162081737,1217.683162081737,0
2026-01-10 16:00:00+00:00,1217.683162081737,1217.683162081737,0
2026-01-10 20:00:00+00:00,1217.683162081737,1217.683162081737,0
2026-01-11 00:00:00+00:00,1217.683162081737,1217.683162081737,0
2026-01-11 04:00:00+00:00,1217.683162081737,1217.683162081737,0
2026-01-11 08:00:00+00:00,1217.683162081737,1217.683162081737,0
2026-01-11 12:00:00+00:00,1217.683162081737,1217.683162081737,0
2026-01-11 16:00:00+00:00,1217.683162081737,1217.683162081737,0
2026-01-11 20:00:00+00:00,1217.683162081737,1217.683162081737,0
2026-01-12 00:00:00+00:00,1217.683162081737,1217.683162081737,0
2026-01-12 04:00:00+00:00,1216.2893338356803,1217.5588508283015,1
2026-01-12 08:00:00+00:00,1214.7518457557283,1217.5588508283015,1
2026-01-12 12:00:00+00:00,1217.6087385000362,1217.5588508283015,1
2026-01-12 16:00:00+00:00,1215.8531670044881,1217.5588508283015,1
2026-01-12 20:00:00+00:00,1213.8795120933441,1217.5588508283015,1
2026-01-13 00:00:00+00:00,1213.3670160666936,1217.5588508283015,1
2026-01-13 04:00:00+00:00,1214.6973249018292,1217.5588508283015,1
2026-01-13 08:00:00+00:00,1216.7909256915511,1217.5588508283015,1
2026-01-13 12:00:00+00:00,1218.546497187099,1217.5588508283015,1
2026-01-13 16:00:00+00:00,1219.3861183371437,1217.5588508283015,1
2026-01-13 20:00:00+00:00,1220.8036605385178,1217.5588508283015,1
2026-01-14 00:00:00+00:00,1221.6105691762232,1217.5588508283015,1
2026-01-14 04:00:00+00:00,1220.0621769254915,1217.5588508283015,1
2026-01-14 08:00:00+00:00,1218.8627181397133,1217.5588508283015,1
2026-01-14 12:00:00+00:00,1222.4829028386073,1217.5588508283015,1
2026-01-14 16:00:00+00:00,1222.1884902275526,1217.5588508283015,1
2026-01-14 20:00:00+00:00,1222.0358318366355,1217.5588508283015,1
2026-01-15 00:00:00+00:00,1218.5355930163194,1217.5588508283015,1
2026-01-15 04:00:00+00:00,1220.2039311456288,1217.5588508283015,1
2026-01-15 08:00:00+00:00,1220.0185602423721,1217.5588508283015,1
2026-01-15 12:00:00+00:00,1218.5246888455395,1217.5588508283015,1
2026-01-15 16:00:00+00:00,1216.3983755434783,1217.5588508283015,1
2026-01-15 20:00:00+00:00,1217.3579425721007,1217.5588508283015,1
2026-01-16 00:00:00+00:00,1216.8672548870097,1217.5588508283015,1
2026-01-16 04:00:00+00:00,1217.94676779421,1217.5588508283015,1
2026-01-16 08:00:00+00:00,1218.1866595513657,1217.5588508283015,1
2026-01-16 12:00:00+00:00,1215.5696585642133,1217.5588508283015,1
2026-01-16 16:00:00+00:00,1219.3315974832446,1217.5588508283015,1
2026-01-16 20:00:00+00:00,1220.1166977793903,1217.5588508283015,1
2026-01-17 00:00:00+00:00,1219.5169683865013,1217.5588508283015,1
2026-01-17 04:00:00+00:00,1218.710059748796,1217.5588508283015,1
2026-01-17 08:00:00+00:00,1219.102609896869,1217.5588508283015,1
2026-01-17 12:00:00+00:00,1219.4624475326023,1217.5588508283015,1
2026-01-17 16:00:00+00:00,1219.4079266787032,1217.5588508283015,1
2026-01-17 20:00:00+00:00,1218.7972931150343,1217.5588508283015,1
2026-01-18 00:00:00+00:00,1217.8050135740725,1217.5588508283015,1
2026-01-18 04:00:00+00:00,1217.0526257902663,1217.5588508283015,1
2026-01-18 08:00:00+00:00,1217.3579425721007,1217.5588508283015,1
2026-01-18 12:00:00+00:00,1216.9108715701288,1217.5588508283015,1
2026-01-18 16:00:00+00:00,1217.227092522743,1217.5588508283015,1
2026-01-18 20:00:00+00:00,1212.418353208851,1217.5588508283015,1
2026-01-19 00:00:00+00:00,1211.3047468547884,1211.3047468547884,0
2026-01-19 04:00:00+00:00,1211.3047468547884,1211.3047468547884,0
2026-01-19 08:00:00+00:00,1211.3047468547884,1211.3047468547884,0
2026-01-19 12:00:00+00:00,1211.3047468547884,1211.3047468547884,0
2026-01-19 16:00:00+00:00,1211.3047468547884,1211.3047468547884,0
2026-01-19 20:00:00+00:00,1211.3047468547884,1211.3047468547884,0
2026-01-20 00:00:00+00:00,1211.3047468547884,1211.3047468547884,0
2026-01-20 04:00:00+00:00,1211.3047468547884,1211.3047468547884,0
2026-01-20 08:00:00+00:00,1211.3047468547884,1211.3047468547884,0
2026-01-20 12:00:00+00:00,1211.3047468547884,1211.3047468547884,0
2026-01-20 16:00:00+00:00,1211.3047468547884,1211.3047468547884,0
2026-01-20 20:00:00+00:00,1211.3047468547884,1211.3047468547884,0
2026-01-21 00:00:00+00:00,1211.3047468547884,1211.3047468547884,0
2026-01-21 04:00:00+00:00,1211.3047468547884,1211.3047468547884,0
2026-01-21 08:00:00+00:00,1211.3047468547884,1211.3047468547884,0
2026-01-21 12:00:00+00:00,1211.3047468547884,1211.3047468547884,0
2026-01-21 16:00:00+00:00,1211.3047468547884,1211.3047468547884,0
2026-01-21 20:00:00+00:00,1211.3047468547884,1211.3047468547884,0
2026-01-22 00:00:00+00:00,1211.3047468547884,1211.3047468547884,0
2026-01-22 04:00:00+00:00,1211.3047468547884,1211.3047468547884,0
2026-01-22 08:00:00+00:00,1211.3047468547884,1211.3047468547884,0
2026-01-22 12:00:00+00:00,1211.3047468547884,1211.3047468547884,0
2026-01-22 16:00:00+00:00,1211.3047468547884,1211.3047468547884,0
2026-01-22 20:00:00+00:00,1211.3047468547884,1211.3047468547884,0
2026-01-23 00:00:00+00:00,1211.3047468547884,1211.3047468547884,0
2026-01-23 04:00:00+00:00,1211.3047468547884,1211.3047468547884,0
2026-01-23 08:00:00+00:00,1211.3047468547884,1211.3047468547884,0
2026-01-23 12:00:00+00:00,1211.3047468547884,1211.3047468547884,0
2026-01-23 16:00:00+00:00,1211.3047468547884,1211.3047468547884,0
2026-01-23 20:00:00+00:00,1211.3047468547884,1211.3047468547884,0
2026-01-24 00:00:00+00:00,1211.3047468547884,1211.3047468547884,0
2026-01-24 04:00:00+00:00,1211.3047468547884,1211.3047468547884,0
2026-01-24 08:00:00+00:00,1211.3047468547884,1211.3047468547884,0
2026-01-24 12:00:00+00:00,1211.3047468547884,1211.3047468547884,0
2026-01-24 16:00:00+00:00,1211.3047468547884,1211.3047468547884,0
2026-01-24 20:00:00+00:00,1211.3047468547884,1211.3047468547884,0
2026-01-25 00:00:00+00:00,1211.3047468547884,1211.3047468547884,0
2026-01-25 04:00:00+00:00,1211.3047468547884,1211.3047468547884,0
2026-01-25 08:00:00+00:00,1211.3047468547884,1211.3047468547884,0
2026-01-25 12:00:00+00:00,1211.3047468547884,1211.3047468547884,0
2026-01-25 16:00:00+00:00,1211.3047468547884,1211.3047468547884,0
2026-01-25 20:00:00+00:00,1211.3047468547884,1211.3047468547884,0
2026-01-26 00:00:00+00:00,1211.3047468547884,1211.3047468547884,0
2026-01-26 04:00:00+00:00,1211.3047468547884,1211.3047468547884,0
2026-01-26 08:00:00+00:00,1211.3047468547884,1211.3047468547884,0
2026-01-26 12:00:00+00:00,1211.3047468547884,1211.3047468547884,0
2026-01-26 16:00:00+00:00,1211.3047468547884,1211.3047468547884,0
2026-01-26 20:00:00+00:00,1211.3047468547884,1211.3047468547884,0
2026-01-27 00:00:00+00:00,1211.3047468547884,1211.3047468547884,0
2026-01-27 04:00:00+00:00,1211.3047468547884,1211.3047468547884,0
2026-01-27 08:00:00+00:00,1211.3047468547884,1211.3047468547884,0
2026-01-27 12:00:00+00:00,1211.3047468547884,1211.3047468547884,0
2026-01-27 16:00:00+00:00,1211.3047468547884,1211.3047468547884,0
2026-01-27 20:00:00+00:00,1211.3047468547884,1211.3047468547884,0
2026-01-28 00:00:00+00:00,1211.3047468547884,1211.3047468547884,0
2026-01-28 04:00:00+00:00,1211.3047468547884,1211.3047468547884,0
2026-01-28 08:00:00+00:00,1211.3047468547884,1211.3047468547884,0
2026-01-28 12:00:00+00:00,1211.3047468547884,1211.3047468547884,0
2026-01-28 16:00:00+00:00,1211.3047468547884,1211.3047468547884,0
2026-01-28 20:00:00+00:00,1211.3047468547884,1211.3047468547884,0
2026-01-29 00:00:00+00:00,1211.3047468547884,1211.3047468547884,0
2026-01-29 04:00:00+00:00,1211.3047468547884,1211.3047468547884,0
2026-01-29 08:00:00+00:00,1211.3047468547884,1211.3047468547884,0
2026-01-29 12:00:00+00:00,1211.3047468547884,1211.3047468547884,0
2026-01-29 16:00:00+00:00,1211.3047468547884,1211.3047468547884,0
2026-01-29 20:00:00+00:00,1211.3047468547884,1211.3047468547884,0
2026-01-30 00:00:00+00:00,1211.3047468547884,1211.3047468547884,0
2026-01-30 04:00:00+00:00,1211.3047468547884,1211.3047468547884,0
2026-01-30 08:00:00+00:00,1211.3047468547884,1211.3047468547884,0
2026-01-30 12:00:00+00:00,1211.3047468547884,1211.3047468547884,0
2026-01-30 16:00:00+00:00,1211.3047468547884,1211.3047468547884,0
2026-01-30 20:00:00+00:00,1211.3047468547884,1211.3047468547884,0
2026-01-31 00:00:00+00:00,1211.3047468547884,1211.3047468547884,0
2026-01-31 04:00:00+00:00,1211.3047468547884,1211.3047468547884,0
2026-01-31 08:00:00+00:00,1211.3047468547884,1211.3047468547884,0
2026-01-31 12:00:00+00:00,1211.3047468547884,1211.3047468547884,0
2026-01-31 16:00:00+00:00,1211.3047468547884,1211.3047468547884,0
2026-01-31 20:00:00+00:00,1211.3047468547884,1211.3047468547884,0
2026-02-01 00:00:00+00:00,1211.3047468547884,1211.3047468547884,0
2026-02-01 04:00:00+00:00,1211.3047468547884,1211.3047468547884,0
2026-02-01 08:00:00+00:00,1211.3047468547884,1211.3047468547884,0
2026-02-01 12:00:00+00:00,1211.3047468547884,1211.3047468547884,0
2026-02-01 16:00:00+00:00,1211.3047468547884,1211.3047468547884,0
2026-02-01 20:00:00+00:00,1211.3047468547884,1211.3047468547884,0
2026-02-02 00:00:00+00:00,1211.3047468547884,1211.3047468547884,0
2026-02-02 04:00:00+00:00,1211.3047468547884,1211.3047468547884,0
2026-02-02 08:00:00+00:00,1211.3047468547884,1211.3047468547884,0
2026-02-02 12:00:00+00:00,1211.3047468547884,1211.3047468547884,0
2026-02-02 16:00:00+00:00,1211.3047468547884,1211.3047468547884,0
2026-02-02 20:00:00+00:00,1211.3047468547884,1211.3047468547884,0
2026-02-03 00:00:00+00:00,1211.3047468547884,1211.3047468547884,0
2026-02-03 04:00:00+00:00,1211.3047468547884,1211.3047468547884,0
2026-02-03 08:00:00+00:00,1211.3047468547884,1211.3047468547884,0
2026-02-03 12:00:00+00:00,1211.3047468547884,1211.3047468547884,0
2026-02-03 16:00:00+00:00,1211.3047468547884,1211.3047468547884,0
2026-02-03 20:00:00+00:00,1211.3047468547884,1211.3047468547884,0
2026-02-04 00:00:00+00:00,1211.3047468547884,1211.3047468547884,0
2026-02-04 04:00:00+00:00,1211.3047468547884,1211.3047468547884,0
2026-02-04 08:00:00+00:00,1211.3047468547884,1211.3047468547884,0
2026-02-04 12:00:00+00:00,1211.3047468547884,1211.3047468547884,0
2026-02-04 16:00:00+00:00,1211.3047468547884,1211.3047468547884,0
2026-02-04 20:00:00+00:00,1211.3047468547884,1211.3047468547884,0
2026-02-05 00:00:00+00:00,1211.3047468547884,1211.3047468547884,0
2026-02-05 04:00:00+00:00,1211.3047468547884,1211.3047468547884,0
2026-02-05 08:00:00+00:00,1211.3047468547884,1211.3047468547884,0
2026-02-05 12:00:00+00:00,1211.3047468547884,1211.3047468547884,0
2026-02-05 16:00:00+00:00,1211.3047468547884,1211.3047468547884,0
2026-02-05 20:00:00+00:00,1211.3047468547884,1211.3047468547884,0
2026-02-06 00:00:00+00:00,1211.3047468547884,1211.3047468547884,0
2026-02-06 04:00:00+00:00,1211.3047468547884,1211.3047468547884,0
2026-02-06 08:00:00+00:00,1211.3047468547884,1211.3047468547884,0
2026-02-06 12:00:00+00:00,1211.3047468547884,1211.3047468547884,0
2026-02-06 16:00:00+00:00,1211.3047468547884,1211.3047468547884,0
2026-02-06 20:00:00+00:00,1211.3047468547884,1211.3047468547884,0
2026-02-07 00:00:00+00:00,1211.3047468547884,1211.3047468547884,0
2026-02-07 04:00:00+00:00,1211.3047468547884,1211.3047468547884,0
2026-02-07 08:00:00+00:00,1211.3047468547884,1211.3047468547884,0
2026-02-07 12:00:00+00:00,1211.3047468547884,1211.3047468547884,0
2026-02-07 16:00:00+00:00,1211.3047468547884,1211.3047468547884,0
2026-02-07 20:00:00+00:00,1211.3047468547884,1211.3047468547884,0
2026-02-08 00:00:00+00:00,1211.3047468547884,1211.3047468547884,0
2026-02-08 04:00:00+00:00,1211.3047468547884,1211.3047468547884,0
2026-02-08 08:00:00+00:00,1211.3047468547884,1211.3047468547884,0
2026-02-08 12:00:00+00:00,1211.3047468547884,1211.3047468547884,0
2026-02-08 16:00:00+00:00,1211.3047468547884,1211.3047468547884,0
2026-02-08 20:00:00+00:00,1211.3047468547884,1211.3047468547884,0
2026-02-09 00:00:00+00:00,1211.3047468547884,1211.3047468547884,0
2026-02-09 04:00:00+00:00,1211.3047468547884,1211.3047468547884,0
2026-02-09 08:00:00+00:00,1211.3047468547884,1211.3047468547884,0
2026-02-09 12:00:00+00:00,1211.3047468547884,1211.3047468547884,0
2026-02-09 16:00:00+00:00,1211.3047468547884,1211.3047468547884,0
2026-02-09 20:00:00+00:00,1211.3047468547884,1211.3047468547884,0
2026-02-10 00:00:00+00:00,1211.3047468547884,1211.3047468547884,0
2026-02-10 04:00:00+00:00,1211.3047468547884,1211.3047468547884,0
2026-02-10 08:00:00+00:00,1211.3047468547884,1211.3047468547884,0
2026-02-10 12:00:00+00:00,1211.3047468547884,1211.3047468547884,0
2026-02-10 16:00:00+00:00,1211.3047468547884,1211.3047468547884,0
2026-02-10 20:00:00+00:00,1211.3047468547884,1211.3047468547884,0
2026-02-11 00:00:00+00:00,1211.3047468547884,1211.3047468547884,0
2026-02-11 04:00:00+00:00,1211.3047468547884,1211.3047468547884,0
2026-02-11 08:00:00+00:00,1211.3047468547884,1211.3047468547884,0
2026-02-11 12:00:00+00:00,1211.3047468547884,1211.3047468547884,0
2026-02-11 16:00:00+00:00,1211.3047468547884,1211.3047468547884,0
2026-02-11 20:00:00+00:00,1211.3047468547884,1211.3047468547884,0
2026-02-12 00:00:00+00:00,1211.3047468547884,1211.3047468547884,0
2026-02-12 04:00:00+00:00,1211.3047468547884,1211.3047468547884,0
2026-02-12 08:00:00+00:00,1211.3047468547884,1211.3047468547884,0
2026-02-12 12:00:00+00:00,1211.3047468547884,1211.3047468547884,0
2026-02-12 16:00:00+00:00,1211.3047468547884,1211.3047468547884,0
2026-02-12 20:00:00+00:00,1211.3047468547884,1211.3047468547884,0
2026-02-13 00:00:00+00:00,1211.3047468547884,1211.3047468547884,0
2026-02-13 04:00:00+00:00,1211.3047468547884,1211.3047468547884,0
2026-02-13 08:00:00+00:00,1211.3047468547884,1211.3047468547884,0
2026-02-13 12:00:00+00:00,1211.3047468547884,1211.3047468547884,0
2026-02-13 16:00:00+00:00,1211.3047468547884,1211.3047468547884,0
2026-02-13 20:00:00+00:00,1211.3047468547884,1211.3047468547884,0
2026-02-14 00:00:00+00:00,1211.3047468547884,1211.3047468547884,0
2026-02-14 04:00:00+00:00,1211.3047468547884,1211.3047468547884,0
2026-02-14 08:00:00+00:00,1211.3047468547884,1211.3047468547884,0
2026-02-14 12:00:00+00:00,1211.3047468547884,1211.3047468547884,0
2026-02-14 16:00:00+00:00,1211.3047468547884,1211.3047468547884,0
2026-02-14 20:00:00+00:00,1211.3047468547884,1211.3047468547884,0
2026-02-15 00:00:00+00:00,1211.3047468547884,1211.3047468547884,0
2026-02-15 04:00:00+00:00,1211.3047468547884,1211.3047468547884,0
2026-02-15 08:00:00+00:00,1211.3047468547884,1211.3047468547884,0
2026-02-15 12:00:00+00:00,1211.3047468547884,1211.3047468547884,0
2026-02-15 16:00:00+00:00,1211.3047468547884,1211.3047468547884,0
2026-02-15 20:00:00+00:00,1211.3047468547884,1211.3047468547884,0
2026-02-16 00:00:00+00:00,1211.3047468547884,1211.3047468547884,0
2026-02-16 04:00:00+00:00,1211.3047468547884,1211.3047468547884,0
2026-02-16 08:00:00+00:00,1211.3047468547884,1211.3047468547884,0
2026-02-16 12:00:00+00:00,1211.3047468547884,1211.3047468547884,0
2026-02-16 16:00:00+00:00,1211.3047468547884,1211.3047468547884,0
2026-02-16 20:00:00+00:00,1211.3047468547884,1211.3047468547884,0
2026-02-17 00:00:00+00:00,1211.3047468547884,1211.3047468547884,0
2026-02-17 04:00:00+00:00,1211.3047468547884,1211.3047468547884,0
2026-02-17 08:00:00+00:00,1211.3047468547884,1211.3047468547884,0
2026-02-17 12:00:00+00:00,1211.3047468547884,1211.3047468547884,0
2026-02-17 16:00:00+00:00,1211.3047468547884,1211.3047468547884,0
2026-02-17 20:00:00+00:00,1211.3047468547884,1211.3047468547884,0
2026-02-18 00:00:00+00:00,1211.3047468547884,1211.3047468547884,0
2026-02-18 04:00:00+00:00,1211.3047468547884,1211.3047468547884,0
2026-02-18 08:00:00+00:00,1211.3047468547884,1211.3047468547884,0
2026-02-18 12:00:00+00:00,1211.3047468547884,1211.3047468547884,0
2026-02-18 16:00:00+00:00,1211.3047468547884,1211.3047468547884,0
2026-02-18 20:00:00+00:00,1211.3047468547884,1211.3047468547884,0
2026-02-19 00:00:00+00:00,1211.3047468547884,1211.3047468547884,0
2026-02-19 04:00:00+00:00,1211.3047468547884,1211.3047468547884,0
2026-02-19 08:00:00+00:00,1211.3047468547884,1211.3047468547884,0
2026-02-19 12:00:00+00:00,1211.3047468547884,1211.3047468547884,0
2026-02-19 16:00:00+00:00,1211.3047468547884,1211.3047468547884,0
2026-02-19 20:00:00+00:00,1211.3047468547884,1211.3047468547884,0
2026-02-20 00:00:00+00:00,1211.3047468547884,1211.3047468547884,0
2026-02-20 04:00:00+00:00,1211.3047468547884,1211.3047468547884,0
2026-02-20 08:00:00+00:00,1211.3047468547884,1211.3047468547884,0
2026-02-20 12:00:00+00:00,1211.3047468547884,1211.3047468547884,0
2026-02-20 16:00:00+00:00,1211.3047468547884,1211.3047468547884,0
2026-02-20 20:00:00+00:00,1211.3047468547884,1211.3047468547884,0
2026-02-21 00:00:00+00:00,1211.3047468547884,1211.3047468547884,0
2026-02-21 04:00:00+00:00,1211.3047468547884,1211.3047468547884,0
2026-02-21 08:00:00+00:00,1211.3047468547884,1211.3047468547884,0
2026-02-21 12:00:00+00:00,1211.3047468547884,1211.3047468547884,0
2026-02-21 16:00:00+00:00,1211.3047468547884,1211.3047468547884,0
2026-02-21 20:00:00+00:00,1211.3047468547884,1211.3047468547884,0
2026-02-22 00:00:00+00:00,1211.3047468547884,1211.3047468547884,0
2026-02-22 04:00:00+00:00,1211.3047468547884,1211.3047468547884,0
2026-02-22 08:00:00+00:00,1211.3047468547884,1211.3047468547884,0
2026-02-22 12:00:00+00:00,1211.3047468547884,1211.3047468547884,0
2026-02-22 16:00:00+00:00,1211.3047468547884,1211.3047468547884,0
2026-02-22 20:00:00+00:00,1211.3047468547884,1211.3047468547884,0
2026-02-23 00:00:00+00:00,1211.3047468547884,1211.3047468547884,0
2026-02-23 04:00:00+00:00,1211.3047468547884,1211.3047468547884,0
2026-02-23 08:00:00+00:00,1211.3047468547884,1211.3047468547884,0
2026-02-23 12:00:00+00:00,1211.3047468547884,1211.3047468547884,0
2026-02-23 16:00:00+00:00,1211.3047468547884,1211.3047468547884,0
2026-02-23 20:00:00+00:00,1211.3047468547884,1211.3047468547884,0
2026-02-24 00:00:00+00:00,1211.3047468547884,1211.3047468547884,0
2026-02-24 04:00:00+00:00,1211.3047468547884,1211.3047468547884,0
2026-02-24 08:00:00+00:00,1211.3047468547884,1211.3047468547884,0
2026-02-24 12:00:00+00:00,1211.3047468547884,1211.3047468547884,0
2026-02-24 16:00:00+00:00,1211.3047468547884,1211.3047468547884,0
2026-02-24 20:00:00+00:00,1211.3047468547884,1211.3047468547884,0
2026-02-25 00:00:00+00:00,1211.3047468547884,1211.3047468547884,0
2026-02-25 04:00:00+00:00,1211.3047468547884,1211.3047468547884,0
2026-02-25 08:00:00+00:00,1211.3047468547884,1211.3047468547884,0
2026-02-25 12:00:00+00:00,1211.3047468547884,1211.3047468547884,0
2026-02-25 16:00:00+00:00,1211.3047468547884,1211.3047468547884,0
2026-02-25 20:00:00+00:00,1211.3047468547884,1211.3047468547884,0
2026-02-26 00:00:00+00:00,1211.3047468547884,1211.3047468547884,0
2026-02-26 04:00:00+00:00,1211.3047468547884,1211.3047468547884,0
2026-02-26 08:00:00+00:00,1211.3047468547884,1211.3047468547884,0
2026-02-26 12:00:00+00:00,1211.3047468547884,1211.3047468547884,0
2026-02-26 16:00:00+00:00,1211.3047468547884,1211.3047468547884,0
2026-02-26 20:00:00+00:00,1211.3047468547884,1211.3047468547884,0
2026-02-27 00:00:00+00:00,1211.3047468547884,1211.3047468547884,0
2026-02-27 04:00:00+00:00,1211.3047468547884,1211.3047468547884,0
2026-02-27 08:00:00+00:00,1211.3047468547884,1211.3047468547884,0
2026-02-27 12:00:00+00:00,1211.3047468547884,1211.3047468547884,0
2026-02-27 16:00:00+00:00,1211.3047468547884,1211.3047468547884,0
2026-02-27 20:00:00+00:00,1211.3047468547884,1211.3047468547884,0
2026-02-28 00:00:00+00:00,1211.3047468547884,1211.3047468547884,0
2026-02-28 04:00:00+00:00,1211.3047468547884,1211.3047468547884,0
2026-02-28 08:00:00+00:00,1211.3047468547884,1211.3047468547884,0
2026-02-28 12:00:00+00:00,1211.3047468547884,1211.3047468547884,0
2026-02-28 16:00:00+00:00,1211.3047468547884,1211.3047468547884,0
2026-02-28 20:00:00+00:00,1211.3047468547884,1211.3047468547884,0
2026-03-01 00:00:00+00:00,1211.3047468547884,1211.3047468547884,0
2026-03-01 04:00:00+00:00,1211.3047468547884,1211.3047468547884,0
2026-03-01 08:00:00+00:00,1211.3047468547884,1211.3047468547884,0
2026-03-01 12:00:00+00:00,1211.3047468547884,1211.3047468547884,0
2026-03-01 16:00:00+00:00,1211.3047468547884,1211.3047468547884,0
2026-03-01 20:00:00+00:00,1211.3047468547884,1211.3047468547884,0
2026-03-02 00:00:00+00:00,1211.3047468547884,1211.3047468547884,0
2026-03-02 04:00:00+00:00,1211.3047468547884,1211.3047468547884,0
2026-03-02 08:00:00+00:00,1211.3047468547884,1211.3047468547884,0
2026-03-02 12:00:00+00:00,1211.3047468547884,1211.3047468547884,0
2026-03-02 16:00:00+00:00,1211.3047468547884,1211.3047468547884,0
2026-03-02 20:00:00+00:00,1211.3047468547884,1211.3047468547884,0
2026-03-03 00:00:00+00:00,1211.3047468547884,1211.3047468547884,0
2026-03-03 04:00:00+00:00,1211.3047468547884,1211.3047468547884,0
2026-03-03 08:00:00+00:00,1211.3047468547884,1211.3047468547884,0
2026-03-03 12:00:00+00:00,1211.3047468547884,1211.3047468547884,0
2026-03-03 16:00:00+00:00,1211.3047468547884,1211.3047468547884,0
2026-03-03 20:00:00+00:00,1211.3047468547884,1211.3047468547884,0
2026-03-04 00:00:00+00:00,1211.3047468547884,1211.3047468547884,0
2026-03-04 04:00:00+00:00,1211.3047468547884,1211.3047468547884,0
2026-03-04 08:00:00+00:00,1211.3047468547884,1211.3047468547884,0
2026-03-04 12:00:00+00:00,1211.3047468547884,1211.3047468547884,0
2026-03-04 16:00:00+00:00,1211.3047468547884,1211.3047468547884,0
2026-03-04 20:00:00+00:00,1211.3047468547884,1211.3047468547884,0
2026-03-05 00:00:00+00:00,1211.3047468547884,1211.3047468547884,0
2026-03-05 04:00:00+00:00,1211.3047468547884,1211.3047468547884,0
2026-03-05 08:00:00+00:00,1211.3047468547884,1211.3047468547884,0
2026-03-05 12:00:00+00:00,1211.3047468547884,1211.3047468547884,0
2026-03-05 16:00:00+00:00,1211.3047468547884,1211.3047468547884,0
2026-03-05 20:00:00+00:00,1211.3047468547884,1211.3047468547884,0
2026-03-06 00:00:00+00:00,1211.3047468547884,1211.3047468547884,0
2026-03-06 04:00:00+00:00,1211.3047468547884,1211.3047468547884,0
2026-03-06 08:00:00+00:00,1211.3047468547884,1211.3047468547884,0
2026-03-06 12:00:00+00:00,1211.3047468547884,1211.3047468547884,0
2026-03-06 16:00:00+00:00,1211.3047468547884,1211.3047468547884,0
2026-03-06 20:00:00+00:00,1211.3047468547884,1211.3047468547884,0
2026-03-07 00:00:00+00:00,1211.3047468547884,1211.3047468547884,0
2026-03-07 04:00:00+00:00,1211.3047468547884,1211.3047468547884,0
2026-03-07 08:00:00+00:00,1211.3047468547884,1211.3047468547884,0
2026-03-07 12:00:00+00:00,1211.3047468547884,1211.3047468547884,0
2026-03-07 16:00:00+00:00,1211.3047468547884,1211.3047468547884,0
2026-03-07 20:00:00+00:00,1211.3047468547884,1211.3047468547884,0
2026-03-08 00:00:00+00:00,1211.3047468547884,1211.3047468547884,0
2026-03-08 04:00:00+00:00,1211.3047468547884,1211.3047468547884,0
2026-03-08 08:00:00+00:00,1211.3047468547884,1211.3047468547884,0
2026-03-08 12:00:00+00:00,1211.3047468547884,1211.3047468547884,0
2026-03-08 16:00:00+00:00,1211.3047468547884,1211.3047468547884,0
2026-03-08 20:00:00+00:00,1211.3047468547884,1211.3047468547884,0
2026-03-09 00:00:00+00:00,1211.3047468547884,1211.3047468547884,0
2026-03-09 04:00:00+00:00,1211.3047468547884,1211.3047468547884,0
2026-03-09 08:00:00+00:00,1211.3047468547884,1211.3047468547884,0
2026-03-09 12:00:00+00:00,1211.3047468547884,1211.3047468547884,0
2026-03-09 16:00:00+00:00,1211.3047468547884,1211.3047468547884,0
2026-03-09 20:00:00+00:00,1211.3047468547884,1211.3047468547884,0
2026-03-10 00:00:00+00:00,1211.3047468547884,1211.3047468547884,0
2026-03-10 04:00:00+00:00,1211.3047468547884,1211.3047468547884,0
2026-03-10 08:00:00+00:00,1211.3047468547884,1211.3047468547884,0
2026-03-10 12:00:00+00:00,1211.3047468547884,1211.3047468547884,0
2026-03-10 16:00:00+00:00,1211.3047468547884,1211.3047468547884,0
2026-03-10 20:00:00+00:00,1211.3047468547884,1211.3047468547884,0
2026-03-11 00:00:00+00:00,1211.3047468547884,1211.3047468547884,0
2026-03-11 04:00:00+00:00,1211.3047468547884,1211.3047468547884,0
2026-03-11 08:00:00+00:00,1211.3047468547884,1211.3047468547884,0
2026-03-11 12:00:00+00:00,1211.3047468547884,1211.3047468547884,0
2026-03-11 16:00:00+00:00,1211.3047468547884,1211.3047468547884,0
2026-03-11 20:00:00+00:00,1211.3047468547884,1211.3047468547884,0
2026-03-12 00:00:00+00:00,1211.3047468547884,1211.3047468547884,0
2026-03-12 04:00:00+00:00,1211.3047468547884,1211.3047468547884,0
2026-03-12 08:00:00+00:00,1211.3047468547884,1211.3047468547884,0
2026-03-12 12:00:00+00:00,1211.3047468547884,1211.3047468547884,0
2026-03-12 16:00:00+00:00,1211.3047468547884,1211.3047468547884,0
2026-03-12 20:00:00+00:00,1211.3047468547884,1211.3047468547884,0
2026-03-13 00:00:00+00:00,1211.3047468547884,1211.3047468547884,0
2026-03-13 04:00:00+00:00,1211.3047468547884,1211.3047468547884,0
2026-03-13 08:00:00+00:00,1211.3047468547884,1211.3047468547884,0
2026-03-13 12:00:00+00:00,1211.3047468547884,1211.3047468547884,0
2026-03-13 16:00:00+00:00,1211.3047468547884,1211.3047468547884,0
2026-03-13 20:00:00+00:00,1211.3047468547884,1211.3047468547884,0
2026-03-14 00:00:00+00:00,1211.3047468547884,1211.3047468547884,0
2026-03-14 04:00:00+00:00,1211.3047468547884,1211.3047468547884,0
2026-03-14 08:00:00+00:00,1211.3047468547884,1211.3047468547884,0
2026-03-14 12:00:00+00:00,1211.3047468547884,1211.3047468547884,0
2026-03-14 16:00:00+00:00,1211.3047468547884,1211.3047468547884,0
2026-03-14 20:00:00+00:00,1211.3047468547884,1211.3047468547884,0
2026-03-15 00:00:00+00:00,1211.3047468547884,1211.3047468547884,0
2026-03-15 04:00:00+00:00,1211.3047468547884,1211.3047468547884,0
2026-03-15 08:00:00+00:00,1211.3047468547884,1211.3047468547884,0
2026-03-15 12:00:00+00:00,1211.3047468547884,1211.3047468547884,0
2026-03-15 16:00:00+00:00,1211.3047468547884,1211.3047468547884,0
2026-03-15 20:00:00+00:00,1211.3047468547884,1211.3047468547884,0
2026-03-16 00:00:00+00:00,1211.3047468547884,1211.3047468547884,0
2026-03-16 04:00:00+00:00,1211.3047468547884,1211.3047468547884,0
2026-03-16 08:00:00+00:00,1211.3047468547884,1211.3047468547884,0
2026-03-16 12:00:00+00:00,1211.3047468547884,1211.3047468547884,0
2026-03-16 16:00:00+00:00,1211.3047468547884,1211.3047468547884,0
2026-03-16 20:00:00+00:00,1211.3047468547884,1211.3047468547884,0
2026-03-17 00:00:00+00:00,1211.3047468547884,1211.3047468547884,0
2026-03-17 04:00:00+00:00,1211.3047468547884,1211.3047468547884,0
2026-03-17 08:00:00+00:00,1211.3047468547884,1211.3047468547884,0
2026-03-17 12:00:00+00:00,1211.3047468547884,1211.3047468547884,0
2026-03-17 16:00:00+00:00,1211.3047468547884,1211.3047468547884,0
2026-03-17 20:00:00+00:00,1211.3047468547884,1211.3047468547884,0
2026-03-18 00:00:00+00:00,1211.3047468547884,1211.3047468547884,0
2026-03-18 04:00:00+00:00,1211.3047468547884,1211.3047468547884,0
2026-03-18 08:00:00+00:00,1211.3047468547884,1211.3047468547884,0
2026-03-18 12:00:00+00:00,1211.3047468547884,1211.3047468547884,0
2026-03-18 16:00:00+00:00,1211.3047468547884,1211.3047468547884,0
2026-03-18 20:00:00+00:00,1211.3047468547884,1211.3047468547884,0
2026-03-19 00:00:00+00:00,1211.3047468547884,1211.3047468547884,0
2026-03-19 04:00:00+00:00,1211.3047468547884,1211.3047468547884,0
2026-03-19 08:00:00+00:00,1211.3047468547884,1211.3047468547884,0
2026-03-19 12:00:00+00:00,1211.3047468547884,1211.3047468547884,0
2026-03-19 16:00:00+00:00,1211.3047468547884,1211.3047468547884,0
2026-03-19 20:00:00+00:00,1211.3047468547884,1211.3047468547884,0
2026-03-20 00:00:00+00:00,1211.3047468547884,1211.3047468547884,0
2026-03-20 04:00:00+00:00,1211.3047468547884,1211.3047468547884,0
2026-03-20 08:00:00+00:00,1211.3047468547884,1211.3047468547884,0
2026-03-20 12:00:00+00:00,1211.3047468547884,1211.3047468547884,0
2026-03-20 16:00:00+00:00,1211.3047468547884,1211.3047468547884,0
2026-03-20 20:00:00+00:00,1211.3047468547884,1211.3047468547884,0
2026-03-21 00:00:00+00:00,1211.3047468547884,1211.3047468547884,0
2026-03-21 04:00:00+00:00,1211.3047468547884,1211.3047468547884,0
2026-03-21 08:00:00+00:00,1211.3047468547884,1211.3047468547884,0
2026-03-21 12:00:00+00:00,1211.3047468547884,1211.3047468547884,0
2026-03-21 16:00:00+00:00,1211.3047468547884,1211.3047468547884,0
2026-03-21 20:00:00+00:00,1211.3047468547884,1211.3047468547884,0
2026-03-22 00:00:00+00:00,1211.3047468547884,1211.3047468547884,0
2026-03-22 04:00:00+00:00,1211.3047468547884,1211.3047468547884,0
2026-03-22 08:00:00+00:00,1211.3047468547884,1211.3047468547884,0
2026-03-22 12:00:00+00:00,1211.3047468547884,1211.3047468547884,0
2026-03-22 16:00:00+00:00,1211.3047468547884,1211.3047468547884,0
2026-03-22 20:00:00+00:00,1211.3047468547884,1211.3047468547884,0
2026-03-23 00:00:00+00:00,1211.3047468547884,1211.3047468547884,0
2026-03-23 04:00:00+00:00,1211.3047468547884,1211.3047468547884,0
2026-03-23 08:00:00+00:00,1211.3047468547884,1211.3047468547884,0
2026-03-23 12:00:00+00:00,1211.3047468547884,1211.3047468547884,0
2026-03-23 16:00:00+00:00,1211.3047468547884,1211.3047468547884,0
2026-03-23 20:00:00+00:00,1211.3047468547884,1211.3047468547884,0
2026-03-24 00:00:00+00:00,1211.3047468547884,1211.3047468547884,0
2026-03-24 04:00:00+00:00,1211.3047468547884,1211.3047468547884,0
2026-03-24 08:00:00+00:00,1211.3047468547884,1211.3047468547884,0
2026-03-24 12:00:00+00:00,1211.3047468547884,1211.3047468547884,0
2026-03-24 16:00:00+00:00,1211.3047468547884,1211.3047468547884,0
2026-03-24 20:00:00+00:00,1211.3047468547884,1211.3047468547884,0
2026-03-25 00:00:00+00:00,1211.3047468547884,1211.3047468547884,0
2026-03-25 04:00:00+00:00,1211.3047468547884,1211.3047468547884,0
2026-03-25 08:00:00+00:00,1211.3047468547884,1211.3047468547884,0
2026-03-25 12:00:00+00:00,1211.3047468547884,1211.3047468547884,0
2026-03-25 16:00:00+00:00,1211.3047468547884,1211.3047468547884,0
2026-03-25 20:00:00+00:00,1211.3047468547884,1211.3047468547884,0
2026-03-26 00:00:00+00:00,1211.3047468547884,1211.3047468547884,0
2026-03-26 04:00:00+00:00,1211.3047468547884,1211.3047468547884,0
2026-03-26 08:00:00+00:00,1211.3047468547884,1211.3047468547884,0
2026-03-26 12:00:00+00:00,1211.3047468547884,1211.3047468547884,0
2026-03-26 16:00:00+00:00,1211.3047468547884,1211.3047468547884,0
2026-03-26 20:00:00+00:00,1211.3047468547884,1211.3047468547884,0
2026-03-27 00:00:00+00:00,1211.3047468547884,1211.3047468547884,0
2026-03-27 04:00:00+00:00,1211.3047468547884,1211.3047468547884,0
2026-03-27 08:00:00+00:00,1211.3047468547884,1211.3047468547884,0
2026-03-27 12:00:00+00:00,1211.3047468547884,1211.3047468547884,0
2026-03-27 16:00:00+00:00,1211.3047468547884,1211.3047468547884,0
2026-03-27 20:00:00+00:00,1211.3047468547884,1211.3047468547884,0
2026-03-28 00:00:00+00:00,1211.3047468547884,1211.3047468547884,0
2026-03-28 04:00:00+00:00,1211.3047468547884,1211.3047468547884,0
2026-03-28 08:00:00+00:00,1211.3047468547884,1211.3047468547884,0
2026-03-28 12:00:00+00:00,1211.3047468547884,1211.3047468547884,0
2026-03-28 16:00:00+00:00,1211.3047468547884,1211.3047468547884,0
2026-03-28 20:00:00+00:00,1211.3047468547884,1211.3047468547884,0
2026-03-29 00:00:00+00:00,1209.349457857392,1211.190687610734,1
2026-03-29 04:00:00+00:00,1209.7892841904545,1211.190687610734,1
2026-03-29 08:00:00+00:00,1209.9246153698584,1211.190687610734,1
2026-03-29 12:00:00+00:00,1211.2948435613223,1211.190687610734,1
2026-03-29 16:00:00+00:00,1211.4301747407262,1211.190687610734,1
2026-03-29 20:00:00+00:00,1211.5147567278536,1211.190687610734,1
2026-03-30 00:00:00+00:00,1207.7424001019713,1211.190687610734,1
2026-03-30 04:00:00+00:00,1205.932345577445,1211.190687610734,1
2026-03-30 08:00:00+00:00,1205.2002191326867,1205.2002191326867,0
2026-03-30 12:00:00+00:00,1205.2002191326867,1205.2002191326867,0
2026-03-30 16:00:00+00:00,1205.2002191326867,1205.2002191326867,0
2026-03-30 20:00:00+00:00,1205.2002191326867,1205.2002191326867,0
2026-03-31 00:00:00+00:00,1205.2002191326867,1205.2002191326867,0
2026-03-31 04:00:00+00:00,1205.2002191326867,1205.2002191326867,0
2026-03-31 08:00:00+00:00,1205.2002191326867,1205.2002191326867,0
2026-03-31 12:00:00+00:00,1205.2002191326867,1205.2002191326867,0
2026-03-31 16:00:00+00:00,1205.2002191326867,1205.2002191326867,0
2026-03-31 20:00:00+00:00,1205.2002191326867,1205.2002191326867,0
2026-04-01 00:00:00+00:00,1205.2002191326867,1205.2002191326867,0
2026-04-01 04:00:00+00:00,1205.2002191326867,1205.2002191326867,0
2026-04-01 08:00:00+00:00,1205.2002191326867,1205.2002191326867,0
2026-04-01 12:00:00+00:00,1205.2002191326867,1205.2002191326867,0
2026-04-01 16:00:00+00:00,1205.2002191326867,1205.2002191326867,0
2026-04-01 20:00:00+00:00,1205.2002191326867,1205.2002191326867,0
2026-04-02 00:00:00+00:00,1205.2002191326867,1205.2002191326867,0
2026-04-02 04:00:00+00:00,1205.2002191326867,1205.2002191326867,0
2026-04-02 08:00:00+00:00,1205.2002191326867,1205.2002191326867,0
2026-04-02 12:00:00+00:00,1205.2002191326867,1205.2002191326867,0
2026-04-02 16:00:00+00:00,1205.2002191326867,1205.2002191326867,0
2026-04-02 20:00:00+00:00,1205.2002191326867,1205.2002191326867,0
2026-04-03 00:00:00+00:00,1205.2002191326867,1205.2002191326867,0
2026-04-03 04:00:00+00:00,1205.2002191326867,1205.2002191326867,0
2026-04-03 08:00:00+00:00,1205.2002191326867,1205.2002191326867,0
2026-04-03 12:00:00+00:00,1205.2002191326867,1205.2002191326867,0
2026-04-03 16:00:00+00:00,1205.2002191326867,1205.2002191326867,0
2026-04-03 20:00:00+00:00,1205.2002191326867,1205.2002191326867,0
2026-04-04 00:00:00+00:00,1205.2002191326867,1205.2002191326867,0
2026-04-04 04:00:00+00:00,1205.2002191326867,1205.2002191326867,0
2026-04-04 08:00:00+00:00,1205.2002191326867,1205.2002191326867,0
2026-04-04 12:00:00+00:00,1205.2002191326867,1205.2002191326867,0
2026-04-04 16:00:00+00:00,1205.2002191326867,1205.2002191326867,0
2026-04-04 20:00:00+00:00,1205.2002191326867,1205.2002191326867,0
2026-04-05 00:00:00+00:00,1205.2002191326867,1205.2002191326867,0
2026-04-05 04:00:00+00:00,1205.2002191326867,1205.2002191326867,0
2026-04-05 08:00:00+00:00,1205.2002191326867,1205.2002191326867,0
2026-04-05 12:00:00+00:00,1205.2002191326867,1205.2002191326867,0
2026-04-05 16:00:00+00:00,1205.2002191326867,1205.2002191326867,0
2026-04-05 20:00:00+00:00,1205.2002191326867,1205.2002191326867,0
2026-04-06 00:00:00+00:00,1205.2002191326867,1205.2002191326867,0
2026-04-06 04:00:00+00:00,1205.2002191326867,1205.2002191326867,0
2026-04-06 08:00:00+00:00,1205.2002191326867,1205.2002191326867,0
2026-04-06 12:00:00+00:00,1205.2002191326867,1205.2002191326867,0
2026-04-06 16:00:00+00:00,1205.2002191326867,1205.2002191326867,0
2026-04-06 20:00:00+00:00,1205.2002191326867,1205.2002191326867,0
2026-04-07 00:00:00+00:00,1205.2002191326867,1205.2002191326867,0
2026-04-07 04:00:00+00:00,1205.2002191326867,1205.2002191326867,0
2026-04-07 08:00:00+00:00,1205.2002191326867,1205.2002191326867,0
2026-04-07 12:00:00+00:00,1205.2002191326867,1205.2002191326867,0
2026-04-07 16:00:00+00:00,1205.2002191326867,1205.2002191326867,0
2026-04-07 20:00:00+00:00,1205.2002191326867,1205.2002191326867,0
2026-04-08 00:00:00+00:00,1205.2002191326867,1205.2002191326867,0
2026-04-08 04:00:00+00:00,1205.2002191326867,1205.2002191326867,0
2026-04-08 08:00:00+00:00,1205.2002191326867,1205.2002191326867,0
2026-04-08 12:00:00+00:00,1205.2002191326867,1205.2002191326867,0
2026-04-08 16:00:00+00:00,1205.2002191326867,1205.2002191326867,0
2026-04-08 20:00:00+00:00,1205.2002191326867,1205.2002191326867,0
2026-04-09 00:00:00+00:00,1205.2002191326867,1205.2002191326867,0
2026-04-09 04:00:00+00:00,1205.2002191326867,1205.2002191326867,0
2026-04-09 08:00:00+00:00,1205.2002191326867,1205.2002191326867,0
2026-04-09 12:00:00+00:00,1205.2002191326867,1205.2002191326867,0
2026-04-09 16:00:00+00:00,1205.2002191326867,1205.2002191326867,0
2026-04-09 20:00:00+00:00,1205.2002191326867,1205.2002191326867,0
2026-04-10 00:00:00+00:00,1205.2002191326867,1205.2002191326867,0
2026-04-10 04:00:00+00:00,1205.2002191326867,1205.2002191326867,0
2026-04-10 08:00:00+00:00,1205.2002191326867,1205.2002191326867,0
2026-04-10 12:00:00+00:00,1205.2002191326867,1205.2002191326867,0
2026-04-10 16:00:00+00:00,1205.2002191326867,1205.2002191326867,0
2026-04-10 20:00:00+00:00,1205.2002191326867,1205.2002191326867,0
2026-04-11 00:00:00+00:00,1205.2002191326867,1205.2002191326867,0
2026-04-11 04:00:00+00:00,1205.2002191326867,1205.2002191326867,0
2026-04-11 08:00:00+00:00,1205.2002191326867,1205.2002191326867,0
2026-04-11 12:00:00+00:00,1205.2002191326867,1205.2002191326867,0
2026-04-11 16:00:00+00:00,1205.2002191326867,1205.2002191326867,0
2026-04-11 20:00:00+00:00,1202.8809360735645,1205.0719125630094,1
2026-04-12 00:00:00+00:00,1199.1954323100877,1199.1954323100877,0
2026-04-12 04:00:00+00:00,1199.1954323100877,1199.1954323100877,0
2026-04-12 08:00:00+00:00,1199.1954323100877,1199.1954323100877,0
2026-04-12 12:00:00+00:00,1199.1954323100877,1199.1954323100877,0
2026-04-12 16:00:00+00:00,1199.1954323100877,1199.1954323100877,0
2026-04-12 20:00:00+00:00,1199.1954323100877,1199.1954323100877,0
2026-04-13 00:00:00+00:00,1199.1954323100877,1199.1954323100877,0
2026-04-13 04:00:00+00:00,1199.1954323100877,1199.1954323100877,0
2026-04-13 08:00:00+00:00,1199.1954323100877,1199.1954323100877,0
2026-04-13 12:00:00+00:00,1199.1954323100877,1199.1954323100877,0
2026-04-13 16:00:00+00:00,1199.1954323100877,1199.1954323100877,0
2026-04-13 20:00:00+00:00,1199.1954323100877,1199.1954323100877,0
2026-04-14 00:00:00+00:00,1199.1954323100877,1199.1954323100877,0
2026-04-14 04:00:00+00:00,1199.1954323100877,1199.1954323100877,0
2026-04-14 08:00:00+00:00,1199.1954323100877,1199.1954323100877,0
2026-04-14 12:00:00+00:00,1199.1954323100877,1199.1954323100877,0
2026-04-14 16:00:00+00:00,1199.1954323100877,1199.1954323100877,0
2026-04-14 20:00:00+00:00,1199.1954323100877,1199.1954323100877,0
2026-04-15 00:00:00+00:00,1199.1954323100877,1199.1954323100877,0
2026-04-15 04:00:00+00:00,1199.1954323100877,1199.1954323100877,0
2026-04-15 08:00:00+00:00,1199.1954323100877,1199.1954323100877,0
2026-04-15 12:00:00+00:00,1199.1954323100877,1199.1954323100877,0
2026-04-15 16:00:00+00:00,1199.1954323100877,1199.1954323100877,0
2026-04-15 20:00:00+00:00,1199.1954323100877,1199.1954323100877,0
2026-04-16 00:00:00+00:00,1199.1954323100877,1199.1954323100877,0
2026-04-16 04:00:00+00:00,1199.1954323100877,1199.1954323100877,0
2026-04-16 08:00:00+00:00,1199.1954323100877,1199.1954323100877,0
2026-04-16 12:00:00+00:00,1199.1954323100877,1199.1954323100877,0
2026-04-16 16:00:00+00:00,1199.1954323100877,1199.1954323100877,0
2026-04-16 20:00:00+00:00,1199.1954323100877,1199.1954323100877,0
2026-04-17 00:00:00+00:00,1199.1954323100877,1199.1954323100877,0
2026-04-17 04:00:00+00:00,1199.1954323100877,1199.1954323100877,0
2026-04-17 08:00:00+00:00,1199.1954323100877,1199.1954323100877,0
2026-04-17 12:00:00+00:00,1199.1954323100877,1199.1954323100877,0
2026-04-17 16:00:00+00:00,1199.1954323100877,1199.1954323100877,0
2026-04-17 20:00:00+00:00,1199.1954323100877,1199.1954323100877,0
2026-04-18 00:00:00+00:00,1199.1954323100877,1199.1954323100877,0
2026-04-18 04:00:00+00:00,1199.1954323100877,1199.1954323100877,0
2026-04-18 08:00:00+00:00,1199.1954323100877,1199.1954323100877,0
2026-04-18 12:00:00+00:00,1199.1954323100877,1199.1954323100877,0
2026-04-18 16:00:00+00:00,1199.1954323100877,1199.1954323100877,0
2026-04-18 20:00:00+00:00,1199.1954323100877,1199.1954323100877,0
2026-04-19 00:00:00+00:00,1199.1954323100877,1199.1954323100877,0
2026-04-19 04:00:00+00:00,1199.1954323100877,1199.1954323100877,0
2026-04-19 08:00:00+00:00,1199.1954323100877,1199.1954323100877,0
2026-04-19 12:00:00+00:00,1199.1954323100877,1199.1954323100877,0
2026-04-19 16:00:00+00:00,1199.1954323100877,1199.1954323100877,0
2026-04-19 20:00:00+00:00,1199.1954323100877,1199.1954323100877,0
2026-04-20 00:00:00+00:00,1199.1954323100877,1199.1954323100877,0
2026-04-20 04:00:00+00:00,1199.1954323100877,1199.1954323100877,0
2026-04-20 08:00:00+00:00,1199.1954323100877,1199.1954323100877,0
2026-04-20 12:00:00+00:00,1199.1954323100877,1199.1954323100877,0
2026-04-20 16:00:00+00:00,1199.1954323100877,1199.1954323100877,0
2026-04-20 20:00:00+00:00,1199.1954323100877,1199.1954323100877,0
2026-04-21 00:00:00+00:00,1199.1954323100877,1199.1954323100877,0
2026-04-21 04:00:00+00:00,1199.1954323100877,1199.1954323100877,0
2026-04-21 08:00:00+00:00,1199.1954323100877,1199.1954323100877,0
2026-04-21 12:00:00+00:00,1199.1954323100877,1199.1954323100877,0
2026-04-21 16:00:00+00:00,1199.1954323100877,1199.1954323100877,0
2026-04-21 20:00:00+00:00,1199.1954323100877,1199.1954323100877,0
2026-04-22 00:00:00+00:00,1199.1954323100877,1199.1954323100877,0
2026-04-22 04:00:00+00:00,1199.1954323100877,1199.1954323100877,0
2026-04-22 08:00:00+00:00,1199.1954323100877,1199.1954323100877,0
2026-04-22 12:00:00+00:00,1199.1954323100877,1199.1954323100877,0
2026-04-22 16:00:00+00:00,1199.1954323100877,1199.1954323100877,0
2026-04-22 20:00:00+00:00,1199.1954323100877,1199.1954323100877,0
2026-04-23 00:00:00+00:00,1199.1954323100877,1199.1954323100877,0
2026-04-23 04:00:00+00:00,1199.1954323100877,1199.1954323100877,0
2026-04-23 08:00:00+00:00,1199.1954323100877,1199.1954323100877,0
2026-04-23 12:00:00+00:00,1199.1954323100877,1199.1954323100877,0
2026-04-23 16:00:00+00:00,1199.1954323100877,1199.1954323100877,0
2026-04-23 20:00:00+00:00,1199.1954323100877,1199.1954323100877,0
2026-04-24 00:00:00+00:00,1199.1954323100877,1199.1954323100877,0
2026-04-24 04:00:00+00:00,1199.1954323100877,1199.1954323100877,0
2026-04-24 08:00:00+00:00,1199.1954323100877,1199.1954323100877,0
2026-04-24 12:00:00+00:00,1199.1954323100877,1199.1954323100877,0
2026-04-24 16:00:00+00:00,1199.1954323100877,1199.1954323100877,0
2026-04-24 20:00:00+00:00,1199.1954323100877,1199.1954323100877,0
2026-04-25 00:00:00+00:00,1199.1954323100877,1199.1954323100877,0
2026-04-25 04:00:00+00:00,1199.1954323100877,1199.1954323100877,0
2026-04-25 08:00:00+00:00,1199.1954323100877,1199.1954323100877,0
2026-04-25 12:00:00+00:00,1199.1954323100877,1199.1954323100877,0
2026-04-25 16:00:00+00:00,1199.1954323100877,1199.1954323100877,0
2026-04-25 20:00:00+00:00,1199.1954323100877,1199.1954323100877,0
2026-04-26 00:00:00+00:00,1199.1954323100877,1199.1954323100877,0
2026-04-26 04:00:00+00:00,1199.1954323100877,1199.1954323100877,0
2026-04-26 08:00:00+00:00,1199.1954323100877,1199.1954323100877,0
2026-04-26 12:00:00+00:00,1199.1954323100877,1199.1954323100877,0
2026-04-26 16:00:00+00:00,1199.1954323100877,1199.1954323100877,0
2026-04-26 20:00:00+00:00,1199.1954323100877,1199.1954323100877,0
2026-04-27 00:00:00+00:00,1199.1954323100877,1199.1954323100877,0
2026-04-27 04:00:00+00:00,1199.1954323100877,1199.1954323100877,0
2026-04-27 08:00:00+00:00,1199.1954323100877,1199.1954323100877,0
2026-04-27 12:00:00+00:00,1199.1954323100877,1199.1954323100877,0
2026-04-27 16:00:00+00:00,1199.1954323100877,1199.1954323100877,0
2026-04-27 20:00:00+00:00,1199.1954323100877,1199.1954323100877,0
2026-04-28 00:00:00+00:00,1199.1954323100877,1199.1954323100877,0
2026-04-28 04:00:00+00:00,1199.1954323100877,1199.1954323100877,0
2026-04-28 08:00:00+00:00,1199.1954323100877,1199.1954323100877,0
2026-04-28 12:00:00+00:00,1199.1954323100877,1199.1954323100877,0
2026-04-28 16:00:00+00:00,1199.1954323100877,1199.1954323100877,0
2026-04-28 20:00:00+00:00,1199.1954323100877,1199.1954323100877,0
2026-04-29 00:00:00+00:00,1199.1954323100877,1199.1954323100877,0
2026-04-29 04:00:00+00:00,1199.1954323100877,1199.1954323100877,0
2026-04-29 08:00:00+00:00,1205.63435976261,1199.078831200421,1
2026-04-29 12:00:00+00:00,1196.8695933447095,1199.078831200421,1
2026-04-29 16:00:00+00:00,1194.1748791052917,1199.078831200421,1
2026-04-29 20:00:00+00:00,1197.8141323564644,1199.078831200421,1
2026-04-30 00:00:00+00:00,1201.6061786830678,1199.078831200421,1
2026-04-30 04:00:00+00:00,1201.8839842747605,1199.078831200421,1
2026-04-30 08:00:00+00:00,1201.0505674996828,1199.078831200421,1
2026-04-30 12:00:00+00:00,1201.9951065114374,1199.078831200421,1
2026-04-30 16:00:00+00:00,1200.703310510067,1199.078831200421,1
2026-04-30 20:00:00+00:00,1201.189470295529,1199.078831200421,1
2026-05-01 00:00:00+00:00,1204.8009429875324,1199.078831200421,1
2026-05-01 04:00:00+00:00,1203.5924886636697,1199.078831200421,1
2026-05-01 08:00:00+00:00,1204.4259054387473,1199.078831200421,1
2026-05-01 12:00:00+00:00,1205.2454319342405,1199.078831200421,1
2026-05-01 16:00:00+00:00,1204.773162428363,1199.078831200421,1
2026-05-01 20:00:00+00:00,1203.9675262124547,1199.078831200421,1
2026-05-02 00:00:00+00:00,1203.4813664269927,1199.078831200421,1
2026-05-02 04:00:00+00:00,1203.1479997169615,1199.078831200421,1
2026-05-02 08:00:00+00:00,1202.8979746844384,1199.078831200421,1
2026-05-02 12:00:00+00:00,1204.6620401916862,1199.078831200421,1
2026-05-02 16:00:00+00:00,1203.8702942553623,1199.078831200421,1
2026-05-02 20:00:00+00:00,1203.9536359328702,1199.078831200421,1
2026-05-03 00:00:00+00:00,1203.0368774802846,1199.078831200421,1
2026-05-03 04:00:00+00:00,1203.1479997169615,1199.078831200421,1
2026-05-03 08:00:00+00:00,1204.2036609653933,1199.078831200421,1
2026-05-03 12:00:00+00:00,1203.9397456532854,1199.078831200421,1
2026-05-03 16:00:00+00:00,1204.106429008301,1199.078831200421,1
2026-05-03 20:00:00+00:00,1203.6480497820082,1199.078831200421,1
2026-05-04 00:00:00+00:00,1210.1764811867836,1199.078831200421,1
2026-05-04 04:00:00+00:00,1209.259722734198,1199.078831200421,1
2026-05-04 08:00:00+00:00,1206.7178015702111,1199.078831200421,1
2026-05-04 12:00:00+00:00,1206.3844348601801,1199.078831200421,1
2026-05-04 16:00:00+00:00,1206.6205696131187,1199.078831200421,1
2026-05-04 20:00:00+00:00,1206.1899709459951,1199.078831200421,1
2026-05-05 00:00:00+00:00,1207.995707291997,1199.078831200421,1
2026-05-05 04:00:00+00:00,1208.0512684103355,1199.078831200421,1
2026-05-05 08:00:00+00:00,1208.7457823895668,1199.078831200421,1
2026-05-05 12:00:00+00:00,1209.3708449708752,1199.078831200421,1
2026-05-05 16:00:00+00:00,1210.9543368435227,1199.078831200421,1
2026-05-05 20:00:00+00:00,1212.7600731895245,1199.078831200421,1
2026-05-06 00:00:00+00:00,1214.2880039438335,1199.078831200421,1
2026-05-06 04:00:00+00:00,1213.9963080725563,1199.078831200421,1
2026-05-06 08:00:00+00:00,1215.1630915576652,1199.078831200421,1
2026-05-06 12:00:00+00:00,1203.2696311144055,1207.682871985504,2
2026-05-06 16:00:00+00:00,1202.4023010331998,1207.682871985504,2
2026-05-06 20:00:00+00:00,1202.0205660002869,1207.682871985504,2
2026-05-07 00:00:00+00:00,1198.5312296537375,1207.682871985504,2
2026-05-07 04:00:00+00:00,1204.02740407115,1207.682871985504,2
2026-05-07 08:00:00+00:00,1200.947722323573,1207.682871985504,2
2026-05-07 12:00:00+00:00,1197.0605460168972,1201.7779137639873,1
2026-05-07 16:00:00+00:00,1197.477198636777,1201.7779137639873,1
2026-05-07 20:00:00+00:00,1196.8224588055373,1201.7779137639873,1
2026-05-08 00:00:00+00:00,1195.8189643894693,1195.8189643894693,0
2026-05-08 04:00:00+00:00,1195.8189643894693,1195.8189643894693,0
2026-05-08 08:00:00+00:00,1195.8189643894693,1195.8189643894693,0
2026-05-08 12:00:00+00:00,1195.8189643894693,1195.8189643894693,0
2026-05-08 16:00:00+00:00,1195.8189643894693,1195.8189643894693,0
2026-05-08 20:00:00+00:00,1194.2353465250387,1195.5962538006997,2
2026-05-09 00:00:00+00:00,1199.290585652763,1195.5962538006997,2
2026-05-09 04:00:00+00:00,1198.4684049080531,1195.5962538006997,2
2026-05-09 08:00:00+00:00,1198.2300901507504,1195.5962538006997,2
2026-05-09 12:00:00+00:00,1195.6498445534453,1195.5962538006997,2
2026-05-09 16:00:00+00:00,1197.8527594852844,1195.5962538006997,2
2026-05-09 20:00:00+00:00,1196.3374794712868,1195.5962538006997,2
2026-05-10 00:00:00+00:00,1196.535580034491,1195.5962538006997,2
2026-05-10 04:00:00+00:00,1197.4535838171976,1195.5962538006997,2
2026-05-10 08:00:00+00:00,1198.3182158638476,1195.5962538006997,2
2026-05-10 12:00:00+00:00,1201.7680607241732,1195.5962538006997,2
2026-05-10 16:00:00+00:00,1207.6452361634574,1195.5962538006997,2
2026-05-10 20:00:00+00:00,1206.065663979287,1195.5962538006997,2
2026-05-11 00:00:00+00:00,1200.9213048683134,1195.5962538006997,2
2026-05-11 04:00:00+00:00,1201.8015801323008,1195.5962538006997,2
2026-05-11 08:00:00+00:00,1202.3074992725008,1195.5962538006997,2
2026-05-11 12:00:00+00:00,1204.846047539256,1195.5962538006997,2
2026-05-11 16:00:00+00:00,1208.2760359372642,1195.5962538006997,2
2026-05-11 20:00:00+00:00,1205.8971140123797,1195.5962538006997,2
2026-05-12 00:00:00+00:00,1202.3129677583356,1195.5962538006997,2
2026-05-12 04:00:00+00:00,1201.771051803405,1195.5962538006997,2
2026-05-12 08:00:00+00:00,1197.9220312749928,1195.5962538006997,2
2026-05-12 12:00:00+00:00,1194.7817449644292,1195.5962538006997,2
2026-05-12 16:00:00+00:00,1198.542142644668,1195.5962538006997,2
2026-05-12 20:00:00+00:00,1197.1487480506569,1195.5962538006997,2
2026-05-13 00:00:00+00:00,1201.470673714994,1195.5962538006997,2
2026-05-13 04:00:00+00:00,1202.1168474666586,1195.5962538006997,2
2026-05-13 08:00:00+00:00,1199.6872839142468,1195.5962538006997,2
2026-05-13 12:00:00+00:00,1192.8266547275941,1196.726528482274,1
2026-05-13 16:00:00+00:00,1194.105355822666,1196.726528482274,1
2026-05-13 20:00:00+00:00,1194.7257157598792,1196.726528482274,1
2026-05-14 00:00:00+00:00,1193.3837126303977,1196.726528482274,1
2026-05-14 04:00:00+00:00,1194.8269990149342,1196.726528482274,1
2026-05-14 08:00:00+00:00,1194.9662634906354,1196.726528482274,1
2026-05-14 12:00:00+00:00,1200.0684074640412,1196.726528482274,1
2026-05-14 16:00:00+00:00,1199.9418033952222,1196.726528482274,1
2026-05-14 20:00:00+00:00,1198.1060443973465,1196.726528482274,1
2026-05-15 00:00:00+00:00,1197.2577971362593,1196.726528482274,1
2026-05-15 04:00:00+00:00,1196.6754184196918,1196.726528482274,1
2026-05-15 08:00:00+00:00,1195.8398315654863,1196.726528482274,1
2026-05-15 12:00:00+00:00,1192.3075780454362,1196.726528482274,1
2026-05-15 16:00:00+00:00,1192.7506922863026,1196.726528482274,1
2026-05-15 20:00:00+00:00,1192.448919175014,1192.448919175014,0
2026-05-16 00:00:00+00:00,1192.448919175014,1192.448919175014,0
2026-05-16 04:00:00+00:00,1192.448919175014,1192.448919175014,0
2026-05-16 08:00:00+00:00,1192.448919175014,1192.448919175014,0
2026-05-16 12:00:00+00:00,1192.448919175014,1192.448919175014,0
2026-05-16 16:00:00+00:00,1192.448919175014,1192.448919175014,0
2026-05-16 20:00:00+00:00,1192.448919175014,1192.448919175014,0
2026-05-17 00:00:00+00:00,1192.448919175014,1192.448919175014,0
2026-05-17 04:00:00+00:00,1192.448919175014,1192.448919175014,0
2026-05-17 08:00:00+00:00,1192.448919175014,1192.448919175014,0
2026-05-17 12:00:00+00:00,1192.448919175014,1192.448919175014,0
2026-05-17 16:00:00+00:00,1192.448919175014,1192.448919175014,0
2026-05-17 20:00:00+00:00,1192.448919175014,1192.448919175014,0
2026-05-18 00:00:00+00:00,1193.2714770737418,1192.3132972083006,1
2026-05-18 04:00:00+00:00,1193.1258039487373,1192.3132972083006,1
2026-05-18 08:00:00+00:00,1192.0495740853155,1192.3132972083006,1
2026-05-18 12:00:00+00:00,1194.1447197957639,1192.3132972083006,1
2026-05-18 16:00:00+00:00,1192.7261978899817,1192.3132972083006,1
2026-05-18 20:00:00+00:00,1192.367189259506,1192.3132972083006,1
2026-05-19 00:00:00+00:00,1192.250173142699,1192.3132972083006,1
2026-05-19 04:00:00+00:00,1191.4923544814728,1192.3132972083006,1
2026-05-19 08:00:00+00:00,1193.899543170073,1192.3132972083006,1
2026-05-19 12:00:00+00:00,1193.9289962062762,1192.3132972083006,1
2026-05-19 16:00:00+00:00,1193.6981480846844,1192.3132972083006,1
2026-05-19 20:00:00+00:00,1193.7992436413815,1192.3132972083006,1
2026-05-20 00:00:00+00:00,1193.82949270559,1192.3132972083006,1
2026-05-20 04:00:00+00:00,1192.3831098196156,1192.3132972083006,1
2026-05-20 08:00:00+00:00,1192.4953497683896,1192.3132972083006,1
2026-05-20 12:00:00+00:00,1191.8330544678224,1192.3132972083006,1
2026-05-20 16:00:00+00:00,1191.6364355504666,1192.3132972083006,1
2026-05-20 20:00:00+00:00,1192.39823435172,1192.3132972083006,1
2026-05-21 00:00:00+00:00,1191.1110570668434,1192.3132972083006,1
2026-05-21 04:00:00+00:00,1191.9628070327171,1192.3132972083006,1
2026-05-21 08:00:00+00:00,1193.5540670156906,1192.3132972083006,1
2026-05-21 12:00:00+00:00,1192.176938566194,1192.3132972083006,1
2026-05-21 16:00:00+00:00,1191.3243925723145,1192.3132972083006,1
2026-05-21 20:00:00+00:00,1192.0654946454254,1192.3132972083006,1
2026-05-22 00:00:00+00:00,1191.7399191911802,1192.3132972083006,1
2026-05-22 04:00:00+00:00,1192.4865934603292,1192.3132972083006,1
2026-05-22 08:00:00+00:00,1192.3146514111436,1192.3132972083006,1
2026-05-22 12:00:00+00:00,1193.2022226372644,1192.3132972083006,1
2026-05-22 16:00:00+00:00,1197.4928135868527,1192.3132972083006,1
2026-05-22 20:00:00+00:00,1197.462564522644,1192.3132972083006,1
2026-05-23 00:00:00+00:00,1197.0733068279596,1192.3132972083006,1
2026-05-23 04:00:00+00:00,1200.448465571235,1192.3132972083006,1
2026-05-23 08:00:00+00:00,1200.2104531975936,1192.3132972083006,1
2026-05-23 12:00:00+00:00,1197.9043600656905,1192.3132972083006,1
2026-05-23 16:00:00+00:00,1196.5447442323145,1192.3132972083006,1
2026-05-23 20:00:00+00:00,1194.0019864374106,1194.0019864374106,0
2026-05-24 00:00:00+00:00,1194.0019864374106,1194.0019864374106,0
2026-05-24 04:00:00+00:00,1194.0019864374106,1194.0019864374106,0
2026-05-24 08:00:00+00:00,1194.0019864374106,1194.0019864374106,0
2026-05-24 12:00:00+00:00,1194.0019864374106,1194.0019864374106,0
2026-05-24 16:00:00+00:00,1194.0019864374106,1194.0019864374106,0
2026-05-24 20:00:00+00:00,1194.0019864374106,1194.0019864374106,0
2026-05-25 00:00:00+00:00,1194.0019864374106,1194.0019864374106,0
2026-05-25 04:00:00+00:00,1194.0019864374106,1194.0019864374106,0
2026-05-25 08:00:00+00:00,1194.0019864374106,1194.0019864374106,0
2026-05-25 12:00:00+00:00,1194.0019864374106,1194.0019864374106,0
2026-05-25 16:00:00+00:00,1194.0019864374106,1194.0019864374106,0
2026-05-25 20:00:00+00:00,1194.0019864374106,1194.0019864374106,0
2026-05-26 00:00:00+00:00,1194.0019864374106,1194.0019864374106,0
2026-05-26 04:00:00+00:00,1194.0019864374106,1194.0019864374106,0
2026-05-26 08:00:00+00:00,1194.0019864374106,1194.0019864374106,0
2026-05-26 12:00:00+00:00,1194.0019864374106,1194.0019864374106,0
2026-05-26 16:00:00+00:00,1194.0019864374106,1194.0019864374106,0
2026-05-26 20:00:00+00:00,1194.0019864374106,1194.0019864374106,0
2026-05-27 00:00:00+00:00,1194.0019864374106,1194.0019864374106,0
2026-05-27 04:00:00+00:00,1194.0019864374106,1194.0019864374106,0
2026-05-27 08:00:00+00:00,1194.0019864374106,1194.0019864374106,0
2026-05-27 12:00:00+00:00,1194.0019864374106,1194.0019864374106,0
2026-05-27 16:00:00+00:00,1194.0019864374106,1194.0019864374106,0
2026-05-27 20:00:00+00:00,1194.0019864374106,1194.0019864374106,0
2026-05-28 00:00:00+00:00,1194.0019864374106,1194.0019864374106,0
2026-05-28 04:00:00+00:00,1194.0019864374106,1194.0019864374106,0
2026-05-28 08:00:00+00:00,1194.0019864374106,1194.0019864374106,0
2026-05-28 12:00:00+00:00,1194.0019864374106,1194.0019864374106,0
2026-05-28 16:00:00+00:00,1194.0019864374106,1194.0019864374106,0
2026-05-28 20:00:00+00:00,1194.0019864374106,1194.0019864374106,0
2026-05-29 00:00:00+00:00,1194.0019864374106,1194.0019864374106,0
2026-05-29 04:00:00+00:00,1194.0019864374106,1194.0019864374106,0
2026-05-29 08:00:00+00:00,1194.0019864374106,1194.0019864374106,0
2026-05-29 12:00:00+00:00,1194.0019864374106,1194.0019864374106,0
2026-05-29 16:00:00+00:00,1194.0019864374106,1194.0019864374106,0
2026-05-29 20:00:00+00:00,1194.0019864374106,1194.0019864374106,0
2026-05-30 00:00:00+00:00,1194.0019864374106,1194.0019864374106,0
2026-05-30 04:00:00+00:00,1194.0019864374106,1194.0019864374106,0
2026-05-30 08:00:00+00:00,1194.0019864374106,1194.0019864374106,0
2026-05-30 12:00:00+00:00,1194.0019864374106,1194.0019864374106,0
2026-05-30 16:00:00+00:00,1194.0019864374106,1194.0019864374106,0
2026-05-30 20:00:00+00:00,1194.0019864374106,1194.0019864374106,0
2026-05-31 00:00:00+00:00,1194.0019864374106,1194.0019864374106,0
2026-05-31 04:00:00+00:00,1194.0019864374106,1194.0019864374106,0
2026-05-31 08:00:00+00:00,1194.0019864374106,1194.0019864374106,0
2026-05-31 12:00:00+00:00,1194.0019864374106,1194.0019864374106,0
2026-05-31 16:00:00+00:00,1194.0019864374106,1194.0019864374106,0
2026-05-31 20:00:00+00:00,1194.0019864374106,1194.0019864374106,0
2026-06-01 00:00:00+00:00,1194.0019864374106,1194.0019864374106,0
2026-06-01 04:00:00+00:00,1194.0019864374106,1194.0019864374106,0
2026-06-01 08:00:00+00:00,1194.0019864374106,1194.0019864374106,0
2026-06-01 12:00:00+00:00,1194.0019864374106,1194.0019864374106,0
2026-06-01 16:00:00+00:00,1194.0019864374106,1194.0019864374106,0
2026-06-01 20:00:00+00:00,1194.0019864374106,1194.0019864374106,0
2026-06-02 00:00:00+00:00,1194.0019864374106,1194.0019864374106,0
2026-06-02 04:00:00+00:00,1194.0019864374106,1194.0019864374106,0
2026-06-02 08:00:00+00:00,1194.0019864374106,1194.0019864374106,0
2026-06-02 12:00:00+00:00,1194.0019864374106,1194.0019864374106,0
2026-06-02 16:00:00+00:00,1194.0019864374106,1194.0019864374106,0
2026-06-02 20:00:00+00:00,1194.0019864374106,1194.0019864374106,0
2026-06-03 00:00:00+00:00,1194.0019864374106,1194.0019864374106,0
2026-06-03 04:00:00+00:00,1194.0019864374106,1194.0019864374106,0
2026-06-03 08:00:00+00:00,1194.0019864374106,1194.0019864374106,0
2026-06-03 12:00:00+00:00,1194.0019864374106,1194.0019864374106,0
2026-06-03 16:00:00+00:00,1194.0019864374106,1194.0019864374106,0
2026-06-03 20:00:00+00:00,1194.0019864374106,1194.0019864374106,0
2026-06-04 00:00:00+00:00,1194.0019864374106,1194.0019864374106,0
2026-06-04 04:00:00+00:00,1194.0019864374106,1194.0019864374106,0
2026-06-04 08:00:00+00:00,1194.0019864374106,1194.0019864374106,0
2026-06-04 12:00:00+00:00,1194.0019864374106,1194.0019864374106,0
2026-06-04 16:00:00+00:00,1194.0019864374106,1194.0019864374106,0
2026-06-04 20:00:00+00:00,1194.0019864374106,1194.0019864374106,0
2026-06-05 00:00:00+00:00,1194.0019864374106,1194.0019864374106,0
2026-06-05 04:00:00+00:00,1190.2381185059348,1193.9092484190464,1
2026-06-05 08:00:00+00:00,1191.1462846634417,1193.8321535059547,2
2026-06-05 12:00:00+00:00,1197.4878543426876,1193.8321535059547,2
2026-06-05 16:00:00+00:00,1196.1946234378652,1193.8321535059547,2
2026-06-05 20:00:00+00:00,1198.8747654891238,1193.8321535059547,2
2026-06-06 00:00:00+00:00,1201.1533040884763,1193.8321535059547,2
2026-06-06 04:00:00+00:00,1199.4550316368502,1193.8321535059547,2
2026-06-06 08:00:00+00:00,1200.8434897516715,1193.8321535059547,2
2026-06-06 12:00:00+00:00,1199.8017681145718,1193.8321535059547,2
2026-06-06 16:00:00+00:00,1201.658213750434,1193.8321535059547,2
2026-06-06 20:00:00+00:00,1200.4614128658684,1193.8321535059547,2
2026-06-07 00:00:00+00:00,1195.187004634139,1193.8321535059547,2
2026-06-07 04:00:00+00:00,1192.924898664119,1193.8321535059547,2
2026-06-07 08:00:00+00:00,1191.0225584707061,1193.8321535059547,2
2026-06-07 12:00:00+00:00,1192.837441060496,1193.8321535059547,2
2026-06-07 16:00:00+00:00,1197.061429867719,1193.8321535059547,2
2026-06-07 20:00:00+00:00,1186.1828095453106,1186.6734641931562,1
2026-06-08 00:00:00+00:00,1186.4014535543681,1186.6734641931562,1
2026-06-08 04:00:00+00:00,1186.75128396886,1186.6734641931562,1
2026-06-08 08:00:00+00:00,1185.8912841999008,1186.6734641931562,1
2026-06-08 12:00:00+00:00,1185.1770471036466,1186.6734641931562,1
2026-06-08 16:00:00+00:00,1184.7397590855317,1186.6734641931562,1
2026-06-08 20:00:00+00:00,1185.6872164581139,1186.6734641931562,1
2026-06-09 00:00:00+00:00,1186.8824703742944,1186.6734641931562,1
2026-06-09 04:00:00+00:00,1185.5997588544908,1186.6734641931562,1
2026-06-09 08:00:00+00:00,1186.7367077015895,1186.6734641931562,1
2026-06-09 12:00:00+00:00,1189.3312832757374,1186.6734641931562,1
2026-06-09 16:00:00+00:00,1187.7424701432535,1186.6734641931562,1
2026-06-09 20:00:00+00:00,1188.4129784376962,1186.6734641931562,1
2026-06-10 00:00:00+00:00,1189.0543341975979,1186.6734641931562,1
2026-06-10 04:00:00+00:00,1189.0980629994094,1186.6734641931562,1
2026-06-10 08:00:00+00:00,1190.526537191918,1186.6734641931562,1
2026-06-10 12:00:00+00:00,1187.7133176087125,1186.6734641931562,1
2026-06-10 16:00:00+00:00,1190.4536558555653,1186.6734641931562,1
2026-06-10 20:00:00+00:00,1190.9784014773031,1186.6734641931562,1
2026-06-11 00:00:00+00:00,1187.961114152311,1186.6734641931562,1
2026-06-11 04:00:00+00:00,1188.2672157649913,1186.6734641931562,1
2026-06-11 08:00:00+00:00,1187.0573855815403,1186.6734641931562,1
2026-06-11 12:00:00+00:00,1187.552978668737,1186.6734641931562,1
2026-06-11 16:00:00+00:00,1185.5560300526795,1186.6734641931562,1
2026-06-11 20:00:00+00:00,1185.5560300526795,1186.6734641931562,1
2026-06-12 00:00:00+00:00,1185.395691112704,1186.6734641931562,1
2026-06-12 04:00:00+00:00,1186.430606088909,1186.6734641931562,1
2026-06-12 08:00:00+00:00,1185.2513212518961,1185.2513212518961,0
2026-06-12 12:00:00+00:00,1185.2513212518961,1185.2513212518961,0
2026-06-12 16:00:00+00:00,1185.2513212518961,1185.2513212518961,0
2026-06-12 20:00:00+00:00,1185.2513212518961,1185.2513212518961,0
2026-06-13 00:00:00+00:00,1185.2513212518961,1185.2513212518961,0
2026-06-13 04:00:00+00:00,1185.2513212518961,1185.2513212518961,0
2026-06-13 08:00:00+00:00,1185.2513212518961,1185.2513212518961,0
2026-06-13 12:00:00+00:00,1185.2513212518961,1185.2513212518961,0
2026-06-13 16:00:00+00:00,1185.2513212518961,1185.2513212518961,0
2026-06-13 20:00:00+00:00,1185.2513212518961,1185.2513212518961,0
2026-06-14 00:00:00+00:00,1185.2513212518961,1185.2513212518961,0
2026-06-14 04:00:00+00:00,1185.2513212518961,1185.2513212518961,0
2026-06-14 08:00:00+00:00,1185.2513212518961,1185.2513212518961,0
2026-06-14 12:00:00+00:00,1185.2513212518961,1185.2513212518961,0
2026-06-14 16:00:00+00:00,1185.2513212518961,1185.2513212518961,0
2026-06-14 20:00:00+00:00,1176.874630847508,1185.1329034599764,1
2026-06-15 00:00:00+00:00,1179.3347607401452,1179.3347607401452,0
2026-06-15 04:00:00+00:00,1179.3347607401452,1179.3347607401452,0
2026-06-15 08:00:00+00:00,1179.3347607401452,1179.3347607401452,0
2026-06-15 12:00:00+00:00,1179.3347607401452,1179.3347607401452,0
2026-06-15 16:00:00+00:00,1179.3347607401452,1179.3347607401452,0
2026-06-15 20:00:00+00:00,1179.3347607401452,1179.3347607401452,0
2026-06-16 00:00:00+00:00,1179.3347607401452,1179.3347607401452,0
2026-06-16 04:00:00+00:00,1179.3347607401452,1179.3347607401452,0
2026-06-16 08:00:00+00:00,1179.3347607401452,1179.3347607401452,0
2026-06-16 12:00:00+00:00,1179.3347607401452,1179.3347607401452,0
2026-06-16 16:00:00+00:00,1179.3347607401452,1179.3347607401452,0
2026-06-16 20:00:00+00:00,1179.3347607401452,1179.3347607401452,0
2026-06-17 00:00:00+00:00,1179.3347607401452,1179.3347607401452,0
2026-06-17 04:00:00+00:00,1179.3347607401452,1179.3347607401452,0
2026-06-17 08:00:00+00:00,1179.3347607401452,1179.3347607401452,0
2026-06-17 12:00:00+00:00,1179.3347607401452,1179.3347607401452,0
2026-06-17 16:00:00+00:00,1179.3347607401452,1179.3347607401452,0
2026-06-17 20:00:00+00:00,1179.3347607401452,1179.3347607401452,0
2026-06-18 00:00:00+00:00,1179.3347607401452,1179.3347607401452,0
2026-06-18 04:00:00+00:00,1179.3347607401452,1179.3347607401452,0
2026-06-18 08:00:00+00:00,1179.3347607401452,1179.3347607401452,0
2026-06-18 12:00:00+00:00,1179.3347607401452,1179.3347607401452,0
2026-06-18 16:00:00+00:00,1179.3347607401452,1179.3347607401452,0
2026-06-18 20:00:00+00:00,1179.3347607401452,1179.3347607401452,0
2026-06-19 00:00:00+00:00,1179.3347607401452,1179.3347607401452,0
2026-06-19 04:00:00+00:00,1179.3347607401452,1179.3347607401452,0
2026-06-19 08:00:00+00:00,1179.3347607401452,1179.3347607401452,0
2026-06-19 12:00:00+00:00,1179.3347607401452,1179.3347607401452,0
2026-06-19 16:00:00+00:00,1179.3347607401452,1179.3347607401452,0
2026-06-19 20:00:00+00:00,1179.3347607401452,1179.3347607401452,0
2026-06-20 00:00:00+00:00,1179.3347607401452,1179.3347607401452,0
2026-06-20 04:00:00+00:00,1179.3347607401452,1179.3347607401452,0
2026-06-20 08:00:00+00:00,1179.3347607401452,1179.3347607401452,0
2026-06-20 12:00:00+00:00,1179.3347607401452,1179.3347607401452,0
2026-06-20 16:00:00+00:00,1179.3347607401452,1179.3347607401452,0
2026-06-20 20:00:00+00:00,1179.3347607401452,1179.3347607401452,0
2026-06-21 00:00:00+00:00,1179.3347607401452,1179.3347607401452,0
2026-06-21 04:00:00+00:00,1179.3347607401452,1179.3347607401452,0
2026-06-21 08:00:00+00:00,1179.3347607401452,1179.3347607401452,0
2026-06-21 12:00:00+00:00,1179.3347607401452,1179.3347607401452,0
2026-06-21 16:00:00+00:00,1179.3347607401452,1179.3347607401452,0
2026-06-21 20:00:00+00:00,1179.3347607401452,1179.3347607401452,0
2026-06-22 00:00:00+00:00,1177.7050055133018,1179.210418779194,1
2026-06-22 04:00:00+00:00,1174.0299953963215,1179.210418779194,1
2026-06-22 08:00:00+00:00,1174.0299953963215,1179.210418779194,1
2026-06-22 12:00:00+00:00,1176.4137857424707,1179.210418779194,1
2026-06-22 16:00:00+00:00,1176.8110841334958,1179.210418779194,1
2026-06-22 20:00:00+00:00,1177.307707122277,1179.210418779194,1
2026-06-23 00:00:00+00:00,1175.9171627536898,1179.210418779194,1
2026-06-23 04:00:00+00:00,1181.0820418370135,1179.210418779194,1
2026-06-23 08:00:00+00:00,1182.174612412332,1179.210418779194,1
2026-06-23 12:00:00+00:00,1184.8563765517501,1179.210418779194,1
2026-06-23 16:00:00+00:00,1185.6509733337998,1179.210418779194,1
2026-06-23 20:00:00+00:00,1184.2604289652127,1179.210418779194,1
2026-06-24 00:00:00+00:00,1183.7638059764315,1179.210418779194,1
2026-06-24 04:00:00+00:00,1185.253674942775,1179.210418779194,1
2026-06-24 08:00:00+00:00,1187.4388160934118,1179.210418779194,1
2026-06-24 12:00:00+00:00,1191.908422992442,1179.210418779194,1
2026-06-24 16:00:00+00:00,1194.6895117296165,1179.210418779194,1
2026-06-24 20:00:00+00:00,1186.7472339978146,1186.7472339978146,0
2026-06-25 00:00:00+00:00,1186.7472339978146,1186.7472339978146,0
2026-06-25 04:00:00+00:00,1186.7472339978146,1186.7472339978146,0
2026-06-25 08:00:00+00:00,1186.7472339978146,1186.7472339978146,0
2026-06-25 12:00:00+00:00,1186.7472339978146,1186.7472339978146,0
2026-06-25 16:00:00+00:00,1186.7472339978146,1186.7472339978146,0
2026-06-25 20:00:00+00:00,1186.7472339978146,1186.7472339978146,0
2026-06-26 00:00:00+00:00,1186.7472339978146,1186.7472339978146,0
2026-06-26 04:00:00+00:00,1186.7472339978146,1186.7472339978146,0
2026-06-26 08:00:00+00:00,1186.7472339978146,1186.7472339978146,0
2026-06-26 12:00:00+00:00,1186.7472339978146,1186.7472339978146,0
2026-06-26 16:00:00+00:00,1186.7472339978146,1186.7472339978146,0
2026-06-26 20:00:00+00:00,1186.7472339978146,1186.7472339978146,0
2026-06-27 00:00:00+00:00,1186.7472339978146,1186.7472339978146,0
2026-06-27 04:00:00+00:00,1186.7472339978146,1186.7472339978146,0
2026-06-27 08:00:00+00:00,1186.7472339978146,1186.7472339978146,0
2026-06-27 12:00:00+00:00,1186.7472339978146,1186.7472339978146,0
2026-06-27 16:00:00+00:00,1186.7472339978146,1186.7472339978146,0
2026-06-27 20:00:00+00:00,1186.7472339978146,1186.7472339978146,0
2026-06-28 00:00:00+00:00,1186.7472339978146,1186.7472339978146,0
2026-06-28 04:00:00+00:00,1186.7472339978146,1186.7472339978146,0
2026-06-28 08:00:00+00:00,1186.7472339978146,1186.7472339978146,0
2026-06-28 12:00:00+00:00,1186.7472339978146,1186.7472339978146,0
2026-06-28 16:00:00+00:00,1186.7472339978146,1186.7472339978146,0
2026-06-28 20:00:00+00:00,1186.7472339978146,1186.7472339978146,0
2026-06-29 00:00:00+00:00,1186.7472339978146,1186.7472339978146,0
2026-06-29 04:00:00+00:00,1186.7472339978146,1186.7472339978146,0
2026-06-29 08:00:00+00:00,1186.7472339978146,1186.7472339978146,0
2026-06-29 12:00:00+00:00,1186.7472339978146,1186.7472339978146,0
2026-06-29 16:00:00+00:00,1186.7472339978146,1186.7472339978146,0
2026-06-29 20:00:00+00:00,1186.7472339978146,1186.7472339978146,0
2026-06-30 00:00:00+00:00,1186.7472339978146,1186.7472339978146,0
2026-06-30 04:00:00+00:00,1186.7472339978146,1186.7472339978146,0
2026-06-30 08:00:00+00:00,1186.7472339978146,1186.7472339978146,0
2026-06-30 12:00:00+00:00,1186.7472339978146,1186.7472339978146,0
2026-06-30 16:00:00+00:00,1186.7472339978146,1186.7472339978146,0
2026-06-30 20:00:00+00:00,1186.7472339978146,1186.7472339978146,0
2026-07-01 00:00:00+00:00,1186.7472339978146,1186.7472339978146,0
2026-07-01 04:00:00+00:00,1186.7472339978146,1186.7472339978146,0
2026-07-01 08:00:00+00:00,1186.7472339978146,1186.7472339978146,0
2026-07-01 12:00:00+00:00,1186.7472339978146,1186.7472339978146,0
2026-07-01 16:00:00+00:00,1186.7472339978146,1186.7472339978146,0
2026-07-01 20:00:00+00:00,1186.7472339978146,1186.7472339978146,0
2026-07-02 00:00:00+00:00,1186.7472339978146,1186.7472339978146,0
2026-07-02 04:00:00+00:00,1186.7472339978146,1186.7472339978146,0
2026-07-02 08:00:00+00:00,1186.7472339978146,1186.7472339978146,0
2026-07-02 12:00:00+00:00,1186.7472339978146,1186.7472339978146,0
2026-07-02 16:00:00+00:00,1186.7472339978146,1186.7472339978146,0
2026-07-02 20:00:00+00:00,1186.7472339978146,1186.7472339978146,0
2026-07-03 00:00:00+00:00,1186.7472339978146,1186.7472339978146,0
2026-07-03 04:00:00+00:00,1186.7472339978146,1186.7472339978146,0
2026-07-03 08:00:00+00:00,1186.7472339978146,1186.7472339978146,0
2026-07-03 12:00:00+00:00,1186.7472339978146,1186.7472339978146,0
2026-07-03 16:00:00+00:00,1186.7472339978146,1186.7472339978146,0
2026-07-03 20:00:00+00:00,1186.0243204547558,1186.6704218791092,1
2026-07-04 00:00:00+00:00,1184.5921934982216,1186.6704218791092,1
2026-07-04 04:00:00+00:00,1183.9026508895201,1186.6704218791092,1
2026-07-04 08:00:00+00:00,1184.2209013243055,1186.6704218791092,1
2026-07-04 12:00:00+00:00,1191.911953498285,1186.6704218791092,1
2026-07-04 16:00:00+00:00,1193.1319134982955,1186.6704218791092,1
2026-07-04 20:00:00+00:00,1192.4954126287248,1186.6704218791092,1
2026-07-05 00:00:00+00:00,1191.4876195852378,1186.6704218791092,1
2026-07-05 04:00:00+00:00,1192.919746541772,1186.6704218791092,1
2026-07-05 08:00:00+00:00,1189.6842004547875,1186.6704218791092,1
2026-07-05 12:00:00+00:00,1190.904160454798,1186.6704218791092,1
2026-07-05 16:00:00+00:00,1190.904160454798,1186.6704218791092,1
2026-07-05 20:00:00+00:00,1191.1693691504524,1186.6704218791092,1
2026-07-06 00:00:00+00:00,1190.373743063489,1186.6704218791092,1
2026-07-06 04:00:00+00:00,1188.3051152373841,1186.6704218791092,1
2026-07-06 08:00:00+00:00,1187.4034056721591,1186.6704218791092,1
2026-07-06 12:00:00+00:00,1189.2068248026094,1186.6704218791092,1
2026-07-06 16:00:00+00:00,1188.2520734982534,1186.6704218791092,1
2026-07-06 20:00:00+00:00,1188.2520734982534,1186.6704218791092,1
2026-07-07 00:00:00+00:00,1186.7669048025882,1186.6704218791092,1
2026-07-07 04:00:00+00:00,1185.8651952373632,1186.6704218791092,1
2026-07-07 08:00:00+00:00,1184.7513187156144,1186.6704218791092,1
2026-07-07 12:00:00+00:00,1184.5921934982216,1186.6704218791092,1
2026-07-07 16:00:00+00:00,1184.3269848025673,1186.6704218791092,1
2026-07-07 20:00:00+00:00,1183.2131082808185,1186.6704218791092,1
2026-07-08 00:00:00+00:00,1181.1444804547136,1186.6704218791092,1
2026-07-08 04:00:00+00:00,1180.7034716881192,1180.7034716881192,0
2026-07-08 08:00:00+00:00,1180.7034716881192,1180.7034716881192,0
2026-07-08 12:00:00+00:00,1180.7034716881192,1180.7034716881192,0
2026-07-08 16:00:00+00:00,1180.7034716881192,1180.7034716881192,0
2026-07-08 20:00:00+00:00,1180.7034716881192,1180.7034716881192,0
2026-07-09 00:00:00+00:00,1180.7034716881192,1180.7034716881192,0
2026-07-09 04:00:00+00:00,1180.7034716881192,1180.7034716881192,0
2026-07-09 08:00:00+00:00,1180.7034716881192,1180.7034716881192,0
2026-07-09 12:00:00+00:00,1180.7034716881192,1180.7034716881192,0
2026-07-09 16:00:00+00:00,1180.7034716881192,1180.7034716881192,0
2026-07-09 20:00:00+00:00,1180.7034716881192,1180.7034716881192,0
2026-07-10 00:00:00+00:00,1180.7034716881192,1180.7034716881192,0
2026-07-10 04:00:00+00:00,1180.7034716881192,1180.7034716881192,0
2026-07-10 08:00:00+00:00,1180.7034716881192,1180.7034716881192,0
2026-07-10 12:00:00+00:00,1180.7034716881192,1180.7034716881192,0
2026-07-10 16:00:00+00:00,1180.7034716881192,1180.7034716881192,0
2026-07-10 20:00:00+00:00,1180.7034716881192,1180.7034716881192,0
2026-07-11 00:00:00+00:00,1180.7034716881192,1180.7034716881192,0
2026-07-11 04:00:00+00:00,1180.7034716881192,1180.7034716881192,0
2026-07-11 08:00:00+00:00,1180.7034716881192,1180.7034716881192,0
2026-07-11 12:00:00+00:00,1180.7034716881192,1180.7034716881192,0
2026-07-11 16:00:00+00:00,1180.7034716881192,1180.7034716881192,0
2026-07-11 20:00:00+00:00,1180.7034716881192,1180.7034716881192,0
2026-07-12 00:00:00+00:00,1180.7034716881192,1180.7034716881192,0
2026-07-12 04:00:00+00:00,1180.7034716881192,1180.7034716881192,0
2026-07-12 08:00:00+00:00,1180.7034716881192,1180.7034716881192,0
2026-07-12 12:00:00+00:00,1180.7034716881192,1180.7034716881192,0
2026-07-12 16:00:00+00:00,1180.7034716881192,1180.7034716881192,0
2026-07-12 20:00:00+00:00,1180.7034716881192,1180.7034716881192,0
2026-07-13 00:00:00+00:00,1180.7034716881192,1180.7034716881192,0
2026-07-13 04:00:00+00:00,1179.5192093378428,1180.6119061783204,1
2026-07-13 08:00:00+00:00,1180.1679593420845,1180.6119061783204,1
2026-07-13 12:00:00+00:00,1180.6004593449122,1180.6119061783204,1
2026-07-13 16:00:00+00:00,1181.1050426815445,1180.6119061783204,1
2026-07-13 20:00:00+00:00,1181.6817093519817,1180.6119061783204,1
2026-07-14 00:00:00+00:00,1181.5375426843723,1180.6119061783204,1
2026-07-14 04:00:00+00:00,1180.7446260125214,1180.6119061783204,1
2026-07-14 08:00:00+00:00,1180.456292677303,1180.6119061783204,1
2026-07-14 12:00:00+00:00,1174.760479905688,1174.760479905688,0
2026-07-14 16:00:00+00:00,1174.760479905688,1174.760479905688,0
2026-07-14 20:00:00+00:00,1174.760479905688,1174.760479905688,0
2026-07-15 00:00:00+00:00,1174.760479905688,1174.760479905688,0
2026-07-15 04:00:00+00:00,1174.760479905688,1174.760479905688,0
2026-07-15 08:00:00+00:00,1174.760479905688,1174.760479905688,0
2026-07-15 12:00:00+00:00,1174.760479905688,1174.760479905688,0
2026-07-15 16:00:00+00:00,1174.760479905688,1174.760479905688,0
2026-07-15 20:00:00+00:00,1174.760479905688,1174.760479905688,0
2026-07-16 00:00:00+00:00,1174.760479905688,1174.760479905688,0
2026-07-16 04:00:00+00:00,1174.760479905688,1174.760479905688,0
2026-07-16 08:00:00+00:00,1174.760479905688,1174.760479905688,0
2026-07-16 12:00:00+00:00,1174.760479905688,1174.760479905688,0
2026-07-16 16:00:00+00:00,1174.760479905688,1174.760479905688,0
2026-07-16 20:00:00+00:00,1174.760479905688,1174.760479905688,0
2026-07-17 00:00:00+00:00,1174.760479905688,1174.760479905688,0
2026-07-17 04:00:00+00:00,1174.760479905688,1174.760479905688,0
2026-07-17 08:00:00+00:00,1174.760479905688,1174.760479905688,0
2026-07-17 12:00:00+00:00,1174.760479905688,1174.760479905688,0
2026-07-17 16:00:00+00:00,1174.760479905688,1174.760479905688,0
2026-07-17 20:00:00+00:00,1174.760479905688,1174.760479905688,0
2026-07-18 00:00:00+00:00,1174.760479905688,1174.760479905688,0
2026-07-18 04:00:00+00:00,1174.760479905688,1174.760479905688,0
2026-07-18 08:00:00+00:00,1174.760479905688,1174.760479905688,0
2026-07-18 12:00:00+00:00,1174.760479905688,1174.760479905688,0
2026-07-18 16:00:00+00:00,1174.760479905688,1174.760479905688,0
2026-07-18 20:00:00+00:00,1174.760479905688,1174.760479905688,0
2026-07-19 00:00:00+00:00,1174.760479905688,1174.760479905688,0
2026-07-19 04:00:00+00:00,1174.760479905688,1174.760479905688,0
2026-07-19 08:00:00+00:00,1174.760479905688,1174.760479905688,0
2026-07-19 12:00:00+00:00,1174.760479905688,1174.760479905688,0
2026-07-19 16:00:00+00:00,1174.760479905688,1174.760479905688,0
2026-07-19 20:00:00+00:00,1174.760479905688,1174.760479905688,0
2026-07-20 00:00:00+00:00,1174.760479905688,1174.760479905688,0
2026-07-20 04:00:00+00:00,1174.760479905688,1174.760479905688,0
2026-07-20 08:00:00+00:00,1174.760479905688,1174.760479905688,0
2026-07-20 12:00:00+00:00,1174.760479905688,1174.760479905688,0
2026-07-20 16:00:00+00:00,1174.760479905688,1174.760479905688,0
2026-07-20 20:00:00+00:00,1174.760479905688,1174.760479905688,0
2026-07-21 00:00:00+00:00,1174.760479905688,1174.760479905688,0
2026-07-21 04:00:00+00:00,1174.760479905688,1174.760479905688,0
2026-07-21 08:00:00+00:00,1174.760479905688,1174.760479905688,0
2026-07-21 12:00:00+00:00,1174.760479905688,1174.760479905688,0
2026-07-21 16:00:00+00:00,1174.760479905688,1174.760479905688,0
2026-07-21 20:00:00+00:00,1174.760479905688,1174.760479905688,0
2026-07-22 00:00:00+00:00,1174.760479905688,1174.760479905688,0
2026-07-22 04:00:00+00:00,1174.760479905688,1174.760479905688,0
2026-07-22 08:00:00+00:00,1174.760479905688,1174.760479905688,0
2026-07-22 12:00:00+00:00,1174.760479905688,1174.760479905688,0
2026-07-22 16:00:00+00:00,1172.4174806863034,1174.6693657867868,1
2026-07-22 20:00:00+00:00,1172.2894522877643,1174.6693657867868,1
2026-07-23 00:00:00+00:00,1172.0974096899558,1174.6693657867868,1
2026-07-23 04:00:00+00:00,1171.4572676972607,1174.6693657867868,1
2026-07-23 08:00:00+00:00,1172.225438088495,1174.6693657867868,1
2026-07-23 12:00:00+00:00,1168.880398815274,1168.880398815274,0
2026-07-23 16:00:00+00:00,1168.880398815274,1168.880398815274,0
2026-07-23 20:00:00+00:00,1168.880398815274,1168.880398815274,0
2026-07-24 00:00:00+00:00,1168.880398815274,1168.880398815274,0
2026-07-24 04:00:00+00:00,1168.880398815274,1168.880398815274,0
2026-07-24 08:00:00+00:00,1168.880398815274,1168.880398815274,0
2026-07-24 12:00:00+00:00,1168.880398815274,1168.880398815274,0
2026-07-24 16:00:00+00:00,1168.880398815274,1168.880398815274,0
2026-07-24 20:00:00+00:00,1168.880398815274,1168.880398815274,0
2026-07-25 00:00:00+00:00,1168.880398815274,1168.880398815274,0
2026-07-25 04:00:00+00:00,1168.880398815274,1168.880398815274,0
2026-07-25 08:00:00+00:00,1168.880398815274,1168.880398815274,0
2026-07-25 12:00:00+00:00,1168.880398815274,1168.880398815274,0
2026-07-25 16:00:00+00:00,1168.880398815274,1168.880398815274,0
2026-07-25 20:00:00+00:00,1168.880398815274,1168.880398815274,0
2026-07-26 00:00:00+00:00,1168.880398815274,1168.880398815274,0
2026-07-26 04:00:00+00:00,1168.880398815274,1168.880398815274,0
2026-07-26 08:00:00+00:00,1168.880398815274,1168.880398815274,0
2026-07-26 12:00:00+00:00,1168.880398815274,1168.880398815274,0
2026-07-26 16:00:00+00:00,1168.880398815274,1168.880398815274,0
2026-07-26 20:00:00+00:00,1168.880398815274,1168.880398815274,0
2026-07-27 00:00:00+00:00,1168.880398815274,1168.880398815274,0
2026-07-27 04:00:00+00:00,1168.880398815274,1168.880398815274,0
2026-07-27 08:00:00+00:00,1168.880398815274,1168.880398815274,0
2026-07-27 12:00:00+00:00,1168.880398815274,1168.880398815274,0
2026-07-27 16:00:00+00:00,1168.880398815274,1168.880398815274,0
2026-07-27 20:00:00+00:00,1168.880398815274,1168.880398815274,0
2026-07-28 00:00:00+00:00,1168.880398815274,1168.880398815274,0
2026-07-28 04:00:00+00:00,1168.880398815274,1168.880398815274,0
2026-07-28 08:00:00+00:00,1168.880398815274,1168.880398815274,0
2026-07-28 12:00:00+00:00,1168.880398815274,1168.880398815274,0
2026-07-28 16:00:00+00:00,1168.880398815274,1168.880398815274,0
2026-07-28 20:00:00+00:00,1168.880398815274,1168.880398815274,0
2026-07-29 00:00:00+00:00,1168.880398815274,1168.880398815274,0
2026-07-29 04:00:00+00:00,1168.880398815274,1168.880398815274,0
2026-07-29 08:00:00+00:00,1168.880398815274,1168.880398815274,0
2026-07-29 12:00:00+00:00,1168.880398815274,1168.880398815274,0
2026-07-29 16:00:00+00:00,1168.880398815274,1168.880398815274,0
2026-07-29 20:00:00+00:00,1168.880398815274,1168.880398815274,0
2026-07-30 00:00:00+00:00,1168.880398815274,1168.880398815274,0
2026-07-30 04:00:00+00:00,1168.880398815274,1168.880398815274,0
2026-07-30 08:00:00+00:00,1168.880398815274,1168.880398815274,0
2026-07-30 12:00:00+00:00,1168.880398815274,1168.880398815274,0
2026-07-30 16:00:00+00:00,1168.880398815274,1168.880398815274,0
2026-07-30 20:00:00+00:00,1168.880398815274,1168.880398815274,0
2026-07-31 00:00:00+00:00,1168.880398815274,1168.880398815274,0
2026-07-31 04:00:00+00:00,1168.880398815274,1168.880398815274,0
2026-07-31 08:00:00+00:00,1168.880398815274,1168.880398815274,0
2026-07-31 12:00:00+00:00,1168.880398815274,1168.880398815274,0
2026-07-31 16:00:00+00:00,1168.880398815274,1168.880398815274,0
2026-07-31 20:00:00+00:00,1168.880398815274,1168.880398815274,0
